Workbook

Sheet Instructions
C2: Step | D2: Task
C3: 1 | D3: Open Nexus 2.18
C4: 1 new | D4: Open VSCodium and start the nexus temp reader script AFTER cameras online
C5: 2 | D5: Record to 'Daily Summary' the starting time and temperature (use INB0104 thermostat room temperature, turn it on to read then off again if previously off to maintain temp)
C7: 3 | D7: Wait for cameras to turn on (all cameras reading enabled ADD SCREENSHOT OF STARTUP) then record the initial log entry manually to 'Log' sheet (add lowest temperature and highest temperature for range as well as timestamp and date key
C8: 4 old | D8: Every x minutes record the temp range as a new entry (5-10 mins is usually good enough but when the range gets close to 50deg try to record the minute it reaches all cameras 50 or higher)
C9: 4 new | D9: Open VSCodium and start the nexus temp reader script AFTER cameras online
C12: WIP
C13: In case anyone else has to use this sheet
D15: Ranges that can be edited
D16: Ranges that are calculated & should not be edited
C17: todo add sheet protection to orange ranges

Sheet Log
A1: Blue columns are data to enter, orange columns are automatically calculated! | I1: Note: Dark/red rows (see column B) are invalid data, and keys in A column/daily summary should not be dates if there's a data problem
A2: Key usually date, but invalid data is labelled | B2: Is Invalid? Mark if data is broken | C2: Logging Start Time | D2: Timestamp | E2: Minutes Passed | F2: Lowest Temperature | G2: Highest Temperature | H2: Range
A3: 46228 | C3: =_xlfn.XLOOKUP(Log!A3, 'Daily Summary'!A:A, 'Daily Summary'!D:D, "Not found!") -> 0.78819444 | D3: 0.79027778 | E3: =IF(AND($D3<>"", $C3<>""), ($D3-$C3)*1440, "") -> 3 | F3: 32 | G3: 35 | H3: =IF(AND($G3<>"",$F3<>""), $G3-$F3, "") -> 3
A4: 46228 | C4: =_xlfn.XLOOKUP(Log!A4, 'Daily Summary'!A:A, 'Daily Summary'!D:D, "Not found!") -> 0.78819444 | D4: 0.79444444 | E4: =IF(AND($D4<>"", $C4<>""), ($D4-$C4)*1440, "") -> 9 | F4: 41 | G4: 44 | H4: =IF(AND($G4<>"",$F4<>""), $G4-$F4, "") -> 3
A5: 46228 | C5: =_xlfn.XLOOKUP(Log!A5, 'Daily Summary'!A:A, 'Daily Summary'!D:D, "Not found!") -> 0.78819444 | D5: 0.80138889 | E5: =IF(AND($D5<>"", $C5<>""), ($D5-$C5)*1440, "") -> 19 | F5: 49 | G5: 52 | H5: =IF(AND($G5<>"",$F5<>""), $G5-$F5, "") -> 3
A6: 46228 | C6: =_xlfn.XLOOKUP(Log!A6, 'Daily Summary'!A:A, 'Daily Summary'!D:D, "Not found!") -> 0.78819444 | D6: 0.80555556 | E6: =IF(AND($D6<>"", $C6<>""), ($D6-$C6)*1440, "") -> 25 | F6: 52 | G6: 55 | H6: =IF(AND($G6<>"",$F6<>""), $G6-$F6, "") -> 3
A7: 46228 | C7: =_xlfn.XLOOKUP(Log!A7, 'Daily Summary'!A:A, 'Daily Summary'!D:D, "Not found!") -> 0.78819444 | D7: 0.81597222 | E7: =IF(AND($D7<>"", $C7<>""), ($D7-$C7)*1440, "") -> 40 | F7: 57 | G7: 58 | H7: =IF(AND($G7<>"",$F7<>""), $G7-$F7, "") -> 1
A8: 46228 | C8: =_xlfn.XLOOKUP(Log!A8, 'Daily Summary'!A:A, 'Daily Summary'!D:D, "Not found!") -> 0.78819444 | D8: 0.83194444 | E8: =IF(AND($D8<>"", $C8<>""), ($D8-$C8)*1440, "") -> 63 | F8: 60 | G8: 61 | H8: =IF(AND($G8<>"",$F8<>""), $G8-$F8, "") -> 1
A9: 46230 | C9: =_xlfn.XLOOKUP(Log!A9, 'Daily Summary'!A:A, 'Daily Summary'!D:D, "Not found!") -> 0.42916667 | D9: 0.43125 | E9: =IF(AND($D9<>"", $C9<>""), ($D9-$C9)*1440, "") -> 3 | F9: 32 | G9: 33 | H9: =IF(AND($G9<>"",$F9<>""), $G9-$F9, "") -> 1
A10: 46230 | C10: =_xlfn.XLOOKUP(Log!A10, 'Daily Summary'!A:A, 'Daily Summary'!D:D, "Not found!") -> 0.42916667 | D10: 0.43611111 | E10: =IF(AND($D10<>"", $C10<>""), ($D10-$C10)*1440, "") -> 10 | F10: 42 | G10: 44 | H10: =IF(AND($G10<>"",$F10<>""), $G10-$F10, "") -> 2
A11: 46230 | C11: =_xlfn.XLOOKUP(Log!A11, 'Daily Summary'!A:A, 'Daily Summary'!D:D, "Not found!") -> 0.42916667 | D11: 0.44027778 | E11: =IF(AND($D11<>"", $C11<>""), ($D11-$C11)*1440, "") -> 16 | F11: 48 | G11: 49 | H11: =IF(AND($G11<>"",$F11<>""), $G11-$F11, "") -> 1
A12: 46230 | C12: =_xlfn.XLOOKUP(Log!A12, 'Daily Summary'!A:A, 'Daily Summary'!D:D, "Not found!") -> 0.42916667 | D12: 0.44583333 | E12: =IF(AND($D12<>"", $C12<>""), ($D12-$C12)*1440, "") -> 24 | F12: 51 | G12: 54 | H12: =IF(AND($G12<>"",$F12<>""), $G12-$F12, "") -> 3
A13: 46230 | C13: =_xlfn.XLOOKUP(Log!A13, 'Daily Summary'!A:A, 'Daily Summary'!D:D, "Not found!") -> 0.42916667 | D13: 0.45902778 | E13: =IF(AND($D13<>"", $C13<>""), ($D13-$C13)*1440, "") -> 43 | F13: 57 | G13: 60 | H13: =IF(AND($G13<>"",$F13<>""), $G13-$F13, "") -> 3
A14: 46231 | C14: =_xlfn.XLOOKUP(Log!A14, 'Daily Summary'!A:A, 'Daily Summary'!D:D, "Not found!") -> 0.38194444 | D14: 0.38402778 | E14: =IF(AND($D14<>"", $C14<>""), ($D14-$C14)*1440, "") -> 3 | F14: 31 | G14: 32 | H14: =IF(AND($G14<>"",$F14<>""), $G14-$F14, "") -> 1
... A18: 46231 | C18: =_xlfn.XLOOKUP(Log!A18, 'Daily Summary'!A:A, 'Daily Summary'!D:D, "Not found!") -> 0.38194444 | D18: 0.41319444 | E18: =IF(AND($D18<>"", $C18<>""), ($D18-$C18)*1440, "") -> 45 | F18: 57 | G18: 61 | H18: =IF(AND($G18<>"",$F18<>""), $G18-$F18, "") -> 4
A19: sheet crash 29/07 | B19: Yes | C19: =_xlfn.XLOOKUP(Log!A19, 'Daily Summary'!A:A, 'Daily Summary'!D:D, "Not found!") -> Not found! | D19: 0.43055556 | E19: =IF(AND($D19<>"", $C19<>""), ($D19-$C19)*1440, "") -> #VALUE! | F19: 32 | G19: 32 | H19: =IF(AND($G19<>"",$F19<>""), $G19-$F19, "") -> 0
A20: sheet crash 29/07 | B20: Yes | C20: =_xlfn.XLOOKUP(Log!A20, 'Daily Summary'!A:A, 'Daily Summary'!D:D, "Not found!") -> Not found! | D20: 0.43402778 | E20: =IF(AND($D20<>"", $C20<>""), ($D20-$C20)*1440, "") -> #VALUE! | F20: 40 | G20: 42 | H20: =IF(AND($G20<>"",$F20<>""), $G20-$F20, "") -> 2
A21: sheet crash 29/07 | B21: Yes | C21: =_xlfn.XLOOKUP(Log!A21, 'Daily Summary'!A:A, 'Daily Summary'!D:D, "Not found!") -> Not found! | D21: 0.43680556 | E21: =IF(AND($D21<>"", $C21<>""), ($D21-$C21)*1440, "") -> #VALUE! | F21: 44 | G21: 47 | H21: =IF(AND($G21<>"",$F21<>""), $G21-$F21, "") -> 3
A22: sheet crash 29/07 | C22: =_xlfn.XLOOKUP(Log!A22, 'Daily Summary'!A:A, 'Daily Summary'!D:D, "Not found!") -> Not found! | D22: 0.44027778 | E22: =IF(AND($D22<>"", $C22<>""), ($D22-$C22)*1440, "") -> #VALUE! | F22: 49 | G22: 52 | H22: =IF(AND($G22<>"",$F22<>""), $G22-$F22, "") -> 3
A23: sheet crash 29/07 | C23: =_xlfn.XLOOKUP(Log!A23, 'Daily Summary'!A:A, 'Daily Summary'!D:D, "Not found!") -> Not found! | D23: 0.44375 | E23: =IF(AND($D23<>"", $C23<>""), ($D23-$C23)*1440, "") -> #VALUE! | F23: 52 | G23: 55 | H23: =IF(AND($G23<>"",$F23<>""), $G23-$F23, "") -> 3
A24: sheet crash 29/07 | C24: =_xlfn.XLOOKUP(Log!A24, 'Daily Summary'!A:A, 'Daily Summary'!D:D, "Not found!") -> Not found! | D24: 0.44652778 | E24: =IF(AND($D24<>"", $C24<>""), ($D24-$C24)*1440, "") -> #VALUE! | F24: 54 | G24: 55 | H24: =IF(AND($G24<>"",$F24<>""), $G24-$F24, "") -> 1
A25: sheet crash 29/07 | C25: =_xlfn.XLOOKUP(Log!A25, 'Daily Summary'!A:A, 'Daily Summary'!D:D, "Not found!") -> Not found! | D25: 0.45069444 | E25: =IF(AND($D25<>"", $C25<>""), ($D25-$C25)*1440, "") -> #VALUE! | F25: 55 | G25: 58 | H25: =IF(AND($G25<>"",$F25<>""), $G25-$F25, "") -> 3
A26: 46232 | C26: =_xlfn.XLOOKUP(Log!A26, 'Daily Summary'!A:A, 'Daily Summary'!D:D, "Not found!") -> 0.73472222 | D26: 0.73611111 | E26: =IF(AND($D26<>"", $C26<>""), ($D26-$C26)*1440, "") -> 2 | F26: 32 | G26: 33 | H26: =IF(AND($G26<>"",$F26<>""), $G26-$F26, "") -> 1
A27: 46232 | C27: =_xlfn.XLOOKUP(Log!A27, 'Daily Summary'!A:A, 'Daily Summary'!D:D, "Not found!") -> 0.73472222 | D27: 0.73888889 | E27: =IF(AND($D27<>"", $C27<>""), ($D27-$C27)*1440, "") -> 6 | F27: 41 | G27: 42 | H27: =IF(AND($G27<>"",$F27<>""), $G27-$F27, "") -> 1
A28: 46232 | C28: =_xlfn.XLOOKUP(Log!A28, 'Daily Summary'!A:A, 'Daily Summary'!D:D, "Not found!") -> 0.73472222 | D28: 0.74166667 | E28: =IF(AND($D28<>"", $C28<>""), ($D28-$C28)*1440, "") -> 10 | F28: 45 | G28: 48 | H28: =IF(AND($G28<>"",$F28<>""), $G28-$F28, "") -> 3
A29: 46232 | C29: =_xlfn.XLOOKUP(Log!A29, 'Daily Summary'!A:A, 'Daily Summary'!D:D, "Not found!") -> 0.73472222 | D29: 0.74583333 | E29: =IF(AND($D29<>"", $C29<>""), ($D29-$C29)*1440, "") -> 16 | F29: 50 | G29: 52 | H29: =IF(AND($G29<>"",$F29<>""), $G29-$F29, "") -> 2
A30: 46232 | C30: =_xlfn.XLOOKUP(Log!A30, 'Daily Summary'!A:A, 'Daily Summary'!D:D, "Not found!") -> 0.73472222 | D30: 0.74930556 | E30: =IF(AND($D30<>"", $C30<>""), ($D30-$C30)*1440, "") -> 21 | F30: 52 | G30: 55 | H30: =IF(AND($G30<>"",$F30<>""), $G30-$F30, "") -> 3
A31: 46233 | C31: =_xlfn.XLOOKUP(Log!A31, 'Daily Summary'!A:A, 'Daily Summary'!D:D, "Not found!") -> 0.40972222 | D31: 0.41111111 | E31: =IF(AND($D31<>"", $C31<>""), ($D31-$C31)*1440, "") -> 2 | F31: 32 | G31: 33 | H31: =IF(AND($G31<>"",$F31<>""), $G31-$F31, "") -> 1
A32: 46233 | C32: =_xlfn.XLOOKUP(Log!A32, 'Daily Summary'!A:A, 'Daily Summary'!D:D, "Not found!") -> 0.40972222 | D32: 0.41319444 | E32: =IF(AND($D32<>"", $C32<>""), ($D32-$C32)*1440, "") -> 5 | F32: 38 | G32: 41 | H32: =IF(AND($G32<>"",$F32<>""), $G32-$F32, "") -> 3
A33: 46233 | C33: =_xlfn.XLOOKUP(Log!A33, 'Daily Summary'!A:A, 'Daily Summary'!D:D, "Not found!") -> 0.40972222 | D33: 0.41666667 | E33: =IF(AND($D33<>"", $C33<>""), ($D33-$C33)*1440, "") -> 10 | F33: 44 | G33: 45 | H33: =IF(AND($G33<>"",$F33<>""), $G33-$F33, "") -> 1
A34: 46233 | C34: =_xlfn.XLOOKUP(Log!A34, 'Daily Summary'!A:A, 'Daily Summary'!D:D, "Not found!") -> 0.40972222 | D34: 0.41944444 | E34: =IF(AND($D34<>"", $C34<>""), ($D34-$C34)*1440, "") -> 14 | F34: 47 | G34: 49 | H34: =IF(AND($G34<>"",$F34<>""), $G34-$F34, "") -> 2
A35: 46233 | C35: =_xlfn.XLOOKUP(Log!A35, 'Daily Summary'!A:A, 'Daily Summary'!D:D, "Not found!") -> 0.40972222 | D35: 0.42222222 | E35: =IF(AND($D35<>"", $C35<>""), ($D35-$C35)*1440, "") -> 18 | F35: 49 | G35: 52 | H35: =IF(AND($G35<>"",$F35<>""), $G35-$F35, "") -> 3
A36: 46233 | C36: =_xlfn.XLOOKUP(Log!A36, 'Daily Summary'!A:A, 'Daily Summary'!D:D, "Not found!") -> 0.40972222 | D36: 0.42291667 | E36: =IF(AND($D36<>"", $C36<>""), ($D36-$C36)*1440, "") -> 19 | F36: 51 | G36: 52 | H36: =IF(AND($G36<>"",$F36<>""), $G36-$F36, "") -> 1
A37: 46233 | C37: =_xlfn.XLOOKUP(Log!A37, 'Daily Summary'!A:A, 'Daily Summary'!D:D, "Not found!") -> 0.40972222 | D37: 0.42638889 | E37: =IF(AND($D37<>"", $C37<>""), ($D37-$C37)*1440, "") -> 24 | F37: 52 | G37: 55 | H37: =IF(AND($G37<>"",$F37<>""), $G37-$F37, "") -> 3
... A44: 46234 | C44: =_xlfn.XLOOKUP(Log!A44, 'Daily Summary'!A:A, 'Daily Summary'!D:D, "Not found!") -> 0.43055556 | D44: 0.44861111 | E44: =IF(AND($D44<>"", $C44<>""), ($D44-$C44)*1440, "") -> 26 | F44: 54 | G44: 55 | H44: =IF(AND($G44<>"",$F44<>""), $G44-$F44, "") -> 1
A45: 46235 | C45: =_xlfn.XLOOKUP(Log!A45, 'Daily Summary'!A:A, 'Daily Summary'!D:D, "Not found!") -> 0.70625 | D45: 0.70763889 | E45: =IF(AND($D45<>"", $C45<>""), ($D45-$C45)*1440, "") -> 2 | F45: 28 | G45: 30 | H45: =IF(AND($G45<>"",$F45<>""), $G45-$F45, "") -> 2 | J45: from 01/08/26 started using camera script (more granular timestamps and regular measurements vs manual)
A46: 46235 | C46: =_xlfn.XLOOKUP(Log!A46, 'Daily Summary'!A:A, 'Daily Summary'!D:D, "Not found!") -> 0.70625 | D46: 0.70866898 | E46: =IF(AND($D46<>"", $C46<>""), ($D46-$C46)*1440, "") -> 3.4833333 | F46: 32 | G46: 35 | H46: =IF(AND($G46<>"",$F46<>""), $G46-$F46, "") -> 3
A47: 46235 | C47: =_xlfn.XLOOKUP(Log!A47, 'Daily Summary'!A:A, 'Daily Summary'!D:D, "Not found!") -> 0.70625 | D47: 0.71006944 | E47: =IF(AND($D47<>"", $C47<>""), ($D47-$C47)*1440, "") -> 5.5 | F47: 36 | G47: 39 | H47: =IF(AND($G47<>"",$F47<>""), $G47-$F47, "") -> 3
A48: 46235 | C48: =_xlfn.XLOOKUP(Log!A48, 'Daily Summary'!A:A, 'Daily Summary'!D:D, "Not found!") -> 0.70625 | D48: 0.71146991 | E48: =IF(AND($D48<>"", $C48<>""), ($D48-$C48)*1440, "") -> 7.5166667 | F48: 39 | G48: 42 | H48: =IF(AND($G48<>"",$F48<>""), $G48-$F48, "") -> 3
A49: 46235 | C49: =_xlfn.XLOOKUP(Log!A49, 'Daily Summary'!A:A, 'Daily Summary'!D:D, "Not found!") -> 0.70625 | D49: 0.7128588 | E49: =IF(AND($D49<>"", $C49<>""), ($D49-$C49)*1440, "") -> 9.5166667 | F49: 42 | G49: 45 | H49: =IF(AND($G49<>"",$F49<>""), $G49-$F49, "") -> 3
A50: 46235 | C50: =_xlfn.XLOOKUP(Log!A50, 'Daily Summary'!A:A, 'Daily Summary'!D:D, "Not found!") -> 0.70625 | D50: 0.71425926 | E50: =IF(AND($D50<>"", $C50<>""), ($D50-$C50)*1440, "") -> 11.533333 | F50: 44 | G50: 45 | H50: =IF(AND($G50<>"",$F50<>""), $G50-$F50, "") -> 1
A51: 46235 | C51: =_xlfn.XLOOKUP(Log!A51, 'Daily Summary'!A:A, 'Daily Summary'!D:D, "Not found!") -> 0.70625 | D51: 0.71564815 | E51: =IF(AND($D51<>"", $C51<>""), ($D51-$C51)*1440, "") -> 13.533333 | F51: 45 | G51: 48 | H51: =IF(AND($G51<>"",$F51<>""), $G51-$F51, "") -> 3
A52: 46235 | C52: =_xlfn.XLOOKUP(Log!A52, 'Daily Summary'!A:A, 'Daily Summary'!D:D, "Not found!") -> 0.70625 | D52: 0.71704861 | E52: =IF(AND($D52<>"", $C52<>""), ($D52-$C52)*1440, "") -> 15.55 | F52: 48 | G52: 49 | H52: =IF(AND($G52<>"",$F52<>""), $G52-$F52, "") -> 1
A53: 46235 | C53: =_xlfn.XLOOKUP(Log!A53, 'Daily Summary'!A:A, 'Daily Summary'!D:D, "Not found!") -> 0.70625 | D53: 0.7184375 | E53: =IF(AND($D53<>"", $C53<>""), ($D53-$C53)*1440, "") -> 17.55 | F53: 48 | G53: 51 | H53: =IF(AND($G53<>"",$F53<>""), $G53-$F53, "") -> 3
A54: 46235 | C54: =_xlfn.XLOOKUP(Log!A54, 'Daily Summary'!A:A, 'Daily Summary'!D:D, "Not found!") -> 0.70625 | D54: 0.71983796 | E54: =IF(AND($D54<>"", $C54<>""), ($D54-$C54)*1440, "") -> 19.566667 | F54: 49 | G54: 52 | H54: =IF(AND($G54<>"",$F54<>""), $G54-$F54, "") -> 3
A55: 46235 | C55: =_xlfn.XLOOKUP(Log!A55, 'Daily Summary'!A:A, 'Daily Summary'!D:D, "Not found!") -> 0.70625 | D55: 0.72123843 | E55: =IF(AND($D55<>"", $C55<>""), ($D55-$C55)*1440, "") -> 21.583333 | F55: 51 | G55: 52 | H55: =IF(AND($G55<>"",$F55<>""), $G55-$F55, "") -> 1
A56: 46235 | C56: =_xlfn.XLOOKUP(Log!A56, 'Daily Summary'!A:A, 'Daily Summary'!D:D, "Not found!") -> 0.70625 | D56: 0.72262731 | E56: =IF(AND($D56<>"", $C56<>""), ($D56-$C56)*1440, "") -> 23.583333 | F56: 51 | G56: 54 | H56: =IF(AND($G56<>"",$F56<>""), $G56-$F56, "") -> 3
A57: 46235 | C57: =_xlfn.XLOOKUP(Log!A57, 'Daily Summary'!A:A, 'Daily Summary'!D:D, "Not found!") -> 0.70625 | D57: 0.7240162 | E57: =IF(AND($D57<>"", $C57<>""), ($D57-$C57)*1440, "") -> 25.583333 | F57: 52 | G57: 55 | H57: =IF(AND($G57<>"",$F57<>""), $G57-$F57, "") -> 3
... A274: 46254 | C274: =_xlfn.XLOOKUP(Log!A274, 'Daily Summary'!A:A, 'Daily Summary'!D:D, "Not found!") -> 0.54236111 | D274: 0.56243056 | E274: =IF(AND($D274<>"", $C274<>""), ($D274-$C274)*1440, "") -> 28.9 | F274: 54 | G274: 57 | H274: =IF(AND($G274<>"",$F274<>""), $G274-$F274, "") -> 3
A275: 46254 | C275: =_xlfn.XLOOKUP(Log!A275, 'Daily Summary'!A:A, 'Daily Summary'!D:D, "Not found!") -> 0.54236111 | D275: 0.56381944 | E275: =IF(AND($D275<>"", $C275<>""), ($D275-$C275)*1440, "") -> 30.9 | F275: 54 | G275: 58 | H275: =IF(AND(G275<>"",F275<>""),G275-F275,"") -> 4
A276: 46255 | C276: =_xlfn.XLOOKUP(Log!A276, 'Daily Summary'!A:A, 'Daily Summary'!D:D, "Not found!") -> 0.59305556 | D276: 0.59375 | E276: =IF(AND($D276<>"", $C276<>""), ($D276-$C276)*1440, "") -> 1 | F276: 29 | G276: 31 | H276: =IF(AND(G276<>"",F276<>""),G276-F276,"") -> 2
A277: 46255 | C277: =_xlfn.XLOOKUP(Log!A277, 'Daily Summary'!A:A, 'Daily Summary'!D:D, "Not found!") -> 0.59305556 | D277: 0.60334491 | E277: =IF(AND($D277<>"", $C277<>""), ($D277-$C277)*1440, "") -> 14.816667 | F277: 48 | G277: 49 | H277: =IF(AND(G277<>"",F277<>""),G277-F277,"") -> 1
A278: 46255 | C278: =_xlfn.XLOOKUP(Log!A278, 'Daily Summary'!A:A, 'Daily Summary'!D:D, "Not found!") -> 0.59305556 | D278: 0.6047338 | E278: =IF(AND($D278<>"", $C278<>""), ($D278-$C278)*1440, "") -> 16.816667 | F278: 49 | G278: 52 | H278: =IF(AND(G278<>"",F278<>""),G278-F278,"") -> 3
A279: 46255 | C279: =_xlfn.XLOOKUP(Log!A279, 'Daily Summary'!A:A, 'Daily Summary'!D:D, "Not found!") -> 0.59305556 | D279: 0.60612269 | E279: =IF(AND($D279<>"", $C279<>""), ($D279-$C279)*1440, "") -> 18.816667 | F279: 51 | G279: 52 | H279: =IF(AND(G279<>"",F279<>""),G279-F279,"") -> 1
A280: 46255 | C280: =_xlfn.XLOOKUP(Log!A280, 'Daily Summary'!A:A, 'Daily Summary'!D:D, "Not found!") -> 0.59305556 | D280: 0.60752315 | E280: =IF(AND($D280<>"", $C280<>""), ($D280-$C280)*1440, "") -> 20.833333 | F280: 51 | G280: 52 | H280: =IF(AND(G280<>"",F280<>""),G280-F280,"") -> 1
A281: 46255 | C281: =_xlfn.XLOOKUP(Log!A281, 'Daily Summary'!A:A, 'Daily Summary'!D:D, "Not found!") -> 0.59305556 | D281: 0.60892361 | E281: =IF(AND($D281<>"", $C281<>""), ($D281-$C281)*1440, "") -> 22.85 | F281: 52 | G281: 55 | H281: =IF(AND(G281<>"",F281<>""),G281-F281,"") -> 3
A282: 46255 | C282: =_xlfn.XLOOKUP(Log!A282, 'Daily Summary'!A:A, 'Daily Summary'!D:D, "Not found!") -> 0.59305556 | D282: 0.6103125 | E282: =IF(AND($D282<>"", $C282<>""), ($D282-$C282)*1440, "") -> 24.85 | F282: 54 | G282: 55 | H282: =IF(AND(G282<>"",F282<>""),G282-F282,"") -> 1
A283: 46255 | C283: =_xlfn.XLOOKUP(Log!A283, 'Daily Summary'!A:A, 'Daily Summary'!D:D, "Not found!") -> 0.59305556 | D283: 0.61171296 | E283: =IF(AND($D283<>"", $C283<>""), ($D283-$C283)*1440, "") -> 26.866667 | F283: 54 | G283: 55 | H283: =IF(AND(G283<>"",F283<>""),G283-F283,"") -> 1
A284: 46255 | C284: =_xlfn.XLOOKUP(Log!A284, 'Daily Summary'!A:A, 'Daily Summary'!D:D, "Not found!") -> 0.59305556 | D284: 0.61311343 | E284: =IF(AND($D284<>"", $C284<>""), ($D284-$C284)*1440, "") -> 28.883333 | F284: 54 | G284: 55 | H284: =IF(AND(G284<>"",F284<>""),G284-F284,"") -> 1
A285: 46255 | C285: =_xlfn.XLOOKUP(Log!A285, 'Daily Summary'!A:A, 'Daily Summary'!D:D, "Not found!") -> 0.59305556 | D285: 0.61450231 | E285: =IF(AND($D285<>"", $C285<>""), ($D285-$C285)*1440, "") -> 30.883333 | F285: 54 | G285: 58 | H285: =IF(AND(G285<>"",F285<>""),G285-F285,"") -> 4
A286: 46255 | C286: =_xlfn.XLOOKUP(Log!A286, 'Daily Summary'!A:A, 'Daily Summary'!D:D, "Not found!") -> 0.59305556 | D286: 0.61590278 | E286: =IF(AND($D286<>"", $C286<>""), ($D286-$C286)*1440, "") -> 32.9 | F286: 55 | G286: 58 | H286: =IF(AND(G286<>"",F286<>""),G286-F286,"") -> 3
... A291: 46255 | C291: =_xlfn.XLOOKUP(Log!A291, 'Daily Summary'!A:A, 'Daily Summary'!D:D, "Not found!") -> 0.59305556 | D291: 0.62288194 | E291: =IF(AND($D291<>"", $C291<>""), ($D291-$C291)*1440, "") -> 42.95 | F291: 57 | G291: 61 | H291: =IF(AND(G291<>"",F291<>""),G291-F291,"") -> 4
C292: =_xlfn.XLOOKUP(Log!A292, 'Daily Summary'!A:A, 'Daily Summary'!D:D, "Not found!") -> 0 | E292: =IF(AND($D292<>"", $C292<>""), ($D292-$C292)*1440, "") | H292: =IF(AND(G292<>"",F292<>""),G292-F292,"")
C293: =_xlfn.XLOOKUP(Log!A293, 'Daily Summary'!A:A, 'Daily Summary'!D:D, "Not found!") -> 0 | E293: =IF(AND($D293<>"", $C293<>""), ($D293-$C293)*1440, "") | H293: =IF(AND(G293<>"",F293<>""),G293-F293,"")
C294: =_xlfn.XLOOKUP(Log!A294, 'Daily Summary'!A:A, 'Daily Summary'!D:D, "Not found!") -> 0 | E294: =IF(AND($D294<>"", $C294<>""), ($D294-$C294)*1440, "") | H294: =IF(AND(G294<>"",F294<>""),G294-F294,"")
C295: =_xlfn.XLOOKUP(Log!A295, 'Daily Summary'!A:A, 'Daily Summary'!D:D, "Not found!") -> 0 | E295: =IF(AND($D295<>"", $C295<>""), ($D295-$C295)*1440, "") | H295: =IF(AND(G295<>"",F295<>""),G295-F295,"")
C296: =_xlfn.XLOOKUP(Log!A296, 'Daily Summary'!A:A, 'Daily Summary'!D:D, "Not found!") -> 0 | E296: =IF(AND($D296<>"", $C296<>""), ($D296-$C296)*1440, "") | H296: =IF(AND(G296<>"",F296<>""),G296-F296,"")
C297: =_xlfn.XLOOKUP(Log!A297, 'Daily Summary'!A:A, 'Daily Summary'!D:D, "Not found!") -> 0 | E297: =IF(AND($D297<>"", $C297<>""), ($D297-$C297)*1440, "") | H297: =IF(AND(G297<>"",F297<>""),G297-F297,"")
C298: =_xlfn.XLOOKUP(Log!A298, 'Daily Summary'!A:A, 'Daily Summary'!D:D, "Not found!") -> 0 | E298: =IF(AND($D298<>"", $C298<>""), ($D298-$C298)*1440, "") | H298: =IF(AND(G298<>"",F298<>""),G298-F298,"")
C299: =_xlfn.XLOOKUP(Log!A299, 'Daily Summary'!A:A, 'Daily Summary'!D:D, "Not found!") -> 0 | E299: =IF(AND($D299<>"", $C299<>""), ($D299-$C299)*1440, "") | H299: =IF(AND(G299<>"",F299<>""),G299-F299,"")
C300: =_xlfn.XLOOKUP(Log!A300, 'Daily Summary'!A:A, 'Daily Summary'!D:D, "Not found!") -> 0 | E300: =IF(AND($D300<>"", $C300<>""), ($D300-$C300)*1440, "") | H300: =IF(AND(G300<>"",F300<>""),G300-F300,"")
C301: =_xlfn.XLOOKUP(Log!A301, 'Daily Summary'!A:A, 'Daily Summary'!D:D, "Not found!") -> 0 | E301: =IF(AND($D301<>"", $C301<>""), ($D301-$C301)*1440, "") | H301: =IF(AND(G301<>"",F301<>""),G301-F301,"")
C302: =_xlfn.XLOOKUP(Log!A302, 'Daily Summary'!A:A, 'Daily Summary'!D:D, "Not found!") -> 0 | E302: =IF(AND($D302<>"", $C302<>""), ($D302-$C302)*1440, "") | H302: =IF(AND(G302<>"",F302<>""),G302-F302,"")
C303: =_xlfn.XLOOKUP(Log!A303, 'Daily Summary'!A:A, 'Daily Summary'!D:D, "Not found!") -> 0 | E303: =IF(AND($D303<>"", $C303<>""), ($D303-$C303)*1440, "") | H303: =IF(AND(G303<>"",F303<>""),G303-F303,"")
... C390: =_xlfn.XLOOKUP(Log!A390, 'Daily Summary'!A:A, 'Daily Summary'!D:D, "Not found!") -> 0 | E390: =IF(AND($D390<>"", $C390<>""), ($D390-$C390)*1440, "") | H390: =IF(AND(G390<>"",F390<>""),G390-F390,"")
C391: =_xlfn.XLOOKUP(Log!A391, 'Daily Summary'!A:A, 'Daily Summary'!D:D, "Not found!") -> 0 | E391: =IF(AND($D391<>"", $C391<>""), ($D391-$C391)*1440, "")
C392: =_xlfn.XLOOKUP(Log!A392, 'Daily Summary'!A:A, 'Daily Summary'!D:D, "Not found!") -> 0 | E392: =IF(AND($D392<>"", $C392<>""), ($D392-$C392)*1440, "")
C393: =_xlfn.XLOOKUP(Log!A393, 'Daily Summary'!A:A, 'Daily Summary'!D:D, "Not found!") -> 0 | E393: =IF(AND($D393<>"", $C393<>""), ($D393-$C393)*1440, "")
C394: =_xlfn.XLOOKUP(Log!A394, 'Daily Summary'!A:A, 'Daily Summary'!D:D, "Not found!") -> 0 | E394: =IF(AND($D394<>"", $C394<>""), ($D394-$C394)*1440, "")
C395: =_xlfn.XLOOKUP(Log!A395, 'Daily Summary'!A:A, 'Daily Summary'!D:D, "Not found!") -> 0 | E395: =IF(AND($D395<>"", $C395<>""), ($D395-$C395)*1440, "")
C396: =_xlfn.XLOOKUP(Log!A396, 'Daily Summary'!A:A, 'Daily Summary'!D:D, "Not found!") -> 0 | E396: =IF(AND($D396<>"", $C396<>""), ($D396-$C396)*1440, "")
C397: =_xlfn.XLOOKUP(Log!A397, 'Daily Summary'!A:A, 'Daily Summary'!D:D, "Not found!") -> 0 | E397: =IF(AND($D397<>"", $C397<>""), ($D397-$C397)*1440, "")
C398: =_xlfn.XLOOKUP(Log!A398, 'Daily Summary'!A:A, 'Daily Summary'!D:D, "Not found!") -> 0 | E398: =IF(AND($D398<>"", $C398<>""), ($D398-$C398)*1440, "")
C399: =_xlfn.XLOOKUP(Log!A399, 'Daily Summary'!A:A, 'Daily Summary'!D:D, "Not found!") -> 0 | E399: =IF(AND($D399<>"", $C399<>""), ($D399-$C399)*1440, "")
C400: =_xlfn.XLOOKUP(Log!A400, 'Daily Summary'!A:A, 'Daily Summary'!D:D, "Not found!") -> 0 | E400: =IF(AND($D400<>"", $C400<>""), ($D400-$C400)*1440, "")
C401: =_xlfn.XLOOKUP(Log!A401, 'Daily Summary'!A:A, 'Daily Summary'!D:D, "Not found!") -> 0 | E401: =IF(AND($D401<>"", $C401<>""), ($D401-$C401)*1440, "")
C402: =_xlfn.XLOOKUP(Log!A402, 'Daily Summary'!A:A, 'Daily Summary'!D:D, "Not found!") -> 0 | E402: =IF(AND($D402<>"", $C402<>""), ($D402-$C402)*1440, "")
... C505: =_xlfn.XLOOKUP(Log!A505, 'Daily Summary'!A:A, 'Daily Summary'!D:D, "Not found!") -> 0 | E505: =IF(AND($D505<>"", $C505<>""), ($D505-$C505)*1440, "")
E506: =IF(AND($D506<>"", $C506<>""), ($D506-$C506)*1440, "")
E507: =IF(AND($D507<>"", $C507<>""), ($D507-$C507)*1440, "")
E508: =IF(AND($D508<>"", $C508<>""), ($D508-$C508)*1440, "")
E509: =IF(AND($D509<>"", $C509<>""), ($D509-$C509)*1440, "")
E510: =IF(AND($D510<>"", $C510<>""), ($D510-$C510)*1440, "")
E511: =IF(AND($D511<>"", $C511<>""), ($D511-$C511)*1440, "")
E512: =IF(AND($D512<>"", $C512<>""), ($D512-$C512)*1440, "")
E513: =IF(AND($D513<>"", $C513<>""), ($D513-$C513)*1440, "")
E514: =IF(AND($D514<>"", $C514<>""), ($D514-$C514)*1440, "")
E515: =IF(AND($D515<>"", $C515<>""), ($D515-$C515)*1440, "")
E516: =IF(AND($D516<>"", $C516<>""), ($D516-$C516)*1440, "")
E517: =IF(AND($D517<>"", $C517<>""), ($D517-$C517)*1440, "")
...

Sheet Daily Summary
A1: Key invalid data recorded as non-date instead | B1: Date valid data only | C1: Starting Temperature (°C) | D1: Starting Time | E1: Minutes to Ready (earliest minutes >= 50°) | F1: Notes
A2: 46228 | B2: 46228 | C2: 23.5 | D2: 0.78819444 | E2: =IF(AND(D2<>"", C2<>""), IF(COUNTIFS(Log!$A$3:$A$10014,B2,Log!$F$3:$F$10014,">=50")=0,"–",_xlfn.MINIFS(Log!$E$3:$E$10014,Log!$A$3:$A$10014,B2,Log!$F$3:$F$10014,">=50")), "") -> 25
A3: =A2+1 -> 46229 | B3: =B2+1 -> 46229 | E3: =IF(AND(D3<>"", C3<>""), IF(COUNTIFS(Log!$A$3:$A$10014,B3,Log!$F$3:$F$10014,">=50")=0,"–",_xlfn.MINIFS(Log!$E$3:$E$10014,Log!$A$3:$A$10014,B3,Log!$F$3:$F$10014,">=50")), "")
A4: =A3+1 -> 46230 | B4: =B3+1 -> 46230 | C4: 23.5 | D4: 0.42916667 | E4: =IF(AND(D4<>"", C4<>""), IF(COUNTIFS(Log!$A$3:$A$10014,B4,Log!$F$3:$F$10014,">=50")=0,"–",_xlfn.MINIFS(Log!$E$3:$E$10014,Log!$A$3:$A$10014,B4,Log!$F$3:$F$10014,">=50")), "") -> 24
A5: =A4+1 -> 46231 | B5: =B4+1 -> 46231 | C5: 23.5 | D5: 0.38194444 | E5: =IF(AND(D5<>"", C5<>""), IF(COUNTIFS(Log!$A$3:$A$10014,B5,Log!$F$3:$F$10014,">=50")=0,"–",_xlfn.MINIFS(Log!$E$3:$E$10014,Log!$A$3:$A$10014,B5,Log!$F$3:$F$10014,">=50")), "") -> 26
A6: 46232 | B6: 46232 | C6: 25.5 | D6: 0.73472222 | E6: =IF(AND(D6<>"", C6<>""), IF(COUNTIFS(Log!$A$3:$A$10014,B6,Log!$F$3:$F$10014,">=50")=0,"–",_xlfn.MINIFS(Log!$E$3:$E$10014,Log!$A$3:$A$10014,B6,Log!$F$3:$F$10014,">=50")), "") -> 16 | F6: Cameras active 1m faster, at 'ready' temp 6-10m faster, 2° difference appears to have an impact on startup time
A7: =A6+1 -> 46233 | B7: =B6+1 -> 46233 | C7: 24.5 | D7: 0.40972222 | E7: =IF(AND(D7<>"", C7<>""), IF(COUNTIFS(Log!$A$3:$A$10014,B7,Log!$F$3:$F$10014,">=50")=0,"–",_xlfn.MINIFS(Log!$E$3:$E$10014,Log!$A$3:$A$10014,B7,Log!$F$3:$F$10014,">=50")), "") -> 19 | F7: Also 2m vs 3m startup - is possible I'm reacting faster to camera startup now I'm used to it or is temperature diff minimal? (Starting at a lower temp would be good data)
A8: =A7+1 -> 46234 | B8: =B7+1 -> 46234 | C8: 24 | D8: 0.43055556 | E8: =IF(AND(D8<>"", C8<>""), IF(COUNTIFS(Log!$A$3:$A$10014,B8,Log!$F$3:$F$10014,">=50")=0,"–",_xlfn.MINIFS(Log!$E$3:$E$10014,Log!$A$3:$A$10014,B8,Log!$F$3:$F$10014,">=50")), "") -> 21 | F8: About 2.5min startup
A9: 46235 | B9: 46235 | C9: 24 | D9: 0.70625 | E9: =IF(AND(D9<>"", C9<>""), IF(COUNTIFS(Log!$A$3:$A$10014,B9,Log!$F$3:$F$10014,">=50")=0,"–",_xlfn.MINIFS(Log!$E$3:$E$10014,Log!$A$3:$A$10014,B9,Log!$F$3:$F$10014,">=50")), "") -> 21.583333 | F9: Recording with camera temperature tracking script from this day
A10: 46237 | B10: 46237 | C10: 23.5 | D10: 0.40972222 | E10: =IF(AND(D10<>"", C10<>""), IF(COUNTIFS(Log!$A$3:$A$10014,B10,Log!$F$3:$F$10014,">=50")=0,"–",_xlfn.MINIFS(Log!$E$3:$E$10014,Log!$A$3:$A$10014,B10,Log!$F$3:$F$10014,">=50")), "") -> 21.216667
A11: 46238 | B11: 46238 | C11: 24.5 | D11: 0.42986111 | E11: =IF(AND(D11<>"", C11<>""), IF(COUNTIFS(Log!$A$3:$A$10014,B11,Log!$F$3:$F$10014,">=50")=0,"–",_xlfn.MINIFS(Log!$E$3:$E$10014,Log!$A$3:$A$10014,B11,Log!$F$3:$F$10014,">=50")), "") -> 21.066667 | F11: (tested script against non-active system configs) - on selecting VCS on init, 1 cam active, temp not shown. Mix of auto & manual logs! note - polling errors with camera temp script (window not selected!) time to ready wasn't faster than yesterday despite higher starting temp
A12: 46239 | B12: 46239 | C12: 24.5 | D12: 0.48333333 | E12: =IF(AND(D12<>"", C12<>""), IF(COUNTIFS(Log!$A$3:$A$10014,B12,Log!$F$3:$F$10014,">=50")=0,"–",_xlfn.MINIFS(Log!$E$3:$E$10014,Log!$A$3:$A$10014,B12,Log!$F$3:$F$10014,">=50")), "") -> 19.6 | F12: startup time may be off by 30 seconds, recorded after start
A13: 46240 | B13: 46240 | C13: 24 | D13: 0.43888889 | E13: =IF(AND(D13<>"", C13<>""), IF(COUNTIFS(Log!$A$3:$A$10014,B13,Log!$F$3:$F$10014,">=50")=0,"–",_xlfn.MINIFS(Log!$E$3:$E$10014,Log!$A$3:$A$10014,B13,Log!$F$3:$F$10014,">=50")), "") -> 20.133333
A14: 46242 | B14: 46242 | C14: 24 | D14: 0.55833333 | E14: =IF(AND(D14<>"", C14<>""), IF(COUNTIFS(Log!$A$3:$A$10014,B14,Log!$F$3:$F$10014,">=50")=0,"–",_xlfn.MINIFS(Log!$E$3:$E$10014,Log!$A$3:$A$10014,B14,Log!$F$3:$F$10014,">=50")), "") -> 19.616667
A15: 46244 | B15: 46244 | C15: 24 | D15: 0.44375 | E15: =IF(AND(D15<>"", C15<>""), IF(COUNTIFS(Log!$A$3:$A$10014,B15,Log!$F$3:$F$10014,">=50")=0,"–",_xlfn.MINIFS(Log!$E$3:$E$10014,Log!$A$3:$A$10014,B15,Log!$F$3:$F$10014,">=50")), "") -> 18.85 | F15: Attempted to cool room prior to test but thermostat is locked to 23° range and does not cool room quickly - room temperature used
A16: 46245 | B16: 46245 | C16: 23.5 | D16: 0.38194444 | E16: =IF(AND(D16<>"", C16<>""), IF(COUNTIFS(Log!$A$3:$A$10014,B16,Log!$F$3:$F$10014,">=50")=0,"–",_xlfn.MINIFS(Log!$E$3:$E$10014,Log!$A$3:$A$10014,B16,Log!$F$3:$F$10014,">=50")), "") -> 21.35 | F16: initial recording/camera startup time slightly delayed by interruption
A17: 46246 | B17: 46246 | C17: 24 | D17: 0.41597222 | E17: =IF(AND(D17<>"", C17<>""), IF(COUNTIFS(Log!$A$3:$A$10014,B17,Log!$F$3:$F$10014,">=50")=0,"–",_xlfn.MINIFS(Log!$E$3:$E$10014,Log!$A$3:$A$10014,B17,Log!$F$3:$F$10014,">=50")), "") -> 21.45
A18: 46247 | B18: 46247 | C18: 24.5 | D18: 0.40972222 | E18: =IF(AND(D18<>"", C18<>""), IF(COUNTIFS(Log!$A$3:$A$10014,B18,Log!$F$3:$F$10014,">=50")=0,"–",_xlfn.MINIFS(Log!$E$3:$E$10014,Log!$A$3:$A$10014,B18,Log!$F$3:$F$10014,">=50")), "") -> 19
A19: 46248 | B19: 46248 | C19: 25 | D19: 0.43472222 | E19: =IF(AND(D19<>"", C19<>""), IF(COUNTIFS(Log!$A$3:$A$10014,B19,Log!$F$3:$F$10014,">=50")=0,"–",_xlfn.MINIFS(Log!$E$3:$E$10014,Log!$A$3:$A$10014,B19,Log!$F$3:$F$10014,">=50")), "") -> 17.9
A20: 46251 | B20: 46251 | C20: 24.5 | D20: 0.55902778 | E20: =IF(AND(D20<>"", C20<>""), IF(COUNTIFS(Log!$A$3:$A$10014,B20,Log!$F$3:$F$10014,">=50")=0,"–",_xlfn.MINIFS(Log!$E$3:$E$10014,Log!$A$3:$A$10014,B20,Log!$F$3:$F$10014,">=50")), "") -> 21.483333
A21: 46252 | B21: 46252 | C21: 24.5 | D21: 0.42708333 | E21: =IF(AND(D21<>"", C21<>""), IF(COUNTIFS(Log!$A$3:$A$10014,B21,Log!$F$3:$F$10014,">=50")=0,"–",_xlfn.MINIFS(Log!$E$3:$E$10014,Log!$A$3:$A$10014,B21,Log!$F$3:$F$10014,">=50")), "") -> 19.633333
A22: 46253 | B22: 46253 | C22: 24.5 | D22: 0.45902778 | E22: =IF(AND(D22<>"", C22<>""), IF(COUNTIFS(Log!$A$3:$A$10014,B22,Log!$F$3:$F$10014,">=50")=0,"–",_xlfn.MINIFS(Log!$E$3:$E$10014,Log!$A$3:$A$10014,B22,Log!$F$3:$F$10014,">=50")), "") -> 20.116667
A23: 46254 | B23: 46254 | C23: 24.5 | D23: 0.54236111 | E23: =IF(AND(D23<>"", C23<>""), IF(COUNTIFS(Log!$A$3:$A$10014,B23,Log!$F$3:$F$10014,">=50")=0,"–",_xlfn.MINIFS(Log!$E$3:$E$10014,Log!$A$3:$A$10014,B23,Log!$F$3:$F$10014,">=50")), "") -> 20.883333
A24: 46255 | B24: 46255 | C24: 23.5 | D24: 0.59305556 | E24: =IF(AND(D24<>"", C24<>""), IF(COUNTIFS(Log!$A$3:$A$10014,B24,Log!$F$3:$F$10014,">=50")=0,"–",_xlfn.MINIFS(Log!$E$3:$E$10014,Log!$A$3:$A$10014,B24,Log!$F$3:$F$10014,">=50")), "") -> 18.816667 | F24: lab interruption, delay in starting reader & adjusting window - script read for 12 cameras instead of 18 for several read cycles
E25: =IF(AND(D25<>"", C25<>""), IF(COUNTIFS(Log!$A$3:$A$10014,B25,Log!$F$3:$F$10014,">=50")=0,"–",_xlfn.MINIFS(Log!$E$3:$E$10014,Log!$A$3:$A$10014,B25,Log!$F$3:$F$10014,">=50")), "")
E26: =IF(AND(D26<>"", C26<>""), IF(COUNTIFS(Log!$A$3:$A$10014,B26,Log!$F$3:$F$10014,">=50")=0,"–",_xlfn.MINIFS(Log!$E$3:$E$10014,Log!$A$3:$A$10014,B26,Log!$F$3:$F$10014,">=50")), "")
E27: =IF(AND(D27<>"", C27<>""), IF(COUNTIFS(Log!$A$3:$A$10014,B27,Log!$F$3:$F$10014,">=50")=0,"–",_xlfn.MINIFS(Log!$E$3:$E$10014,Log!$A$3:$A$10014,B27,Log!$F$3:$F$10014,">=50")), "")
E28: =IF(AND(D28<>"", C28<>""), IF(COUNTIFS(Log!$A$3:$A$10014,B28,Log!$F$3:$F$10014,">=50")=0,"–",_xlfn.MINIFS(Log!$E$3:$E$10014,Log!$A$3:$A$10014,B28,Log!$F$3:$F$10014,">=50")), "")
E29: =IF(AND(D29<>"", C29<>""), IF(COUNTIFS(Log!$A$3:$A$10014,B29,Log!$F$3:$F$10014,">=50")=0,"–",_xlfn.MINIFS(Log!$E$3:$E$10014,Log!$A$3:$A$10014,B29,Log!$F$3:$F$10014,">=50")), "")
E30: =IF(AND(D30<>"", C30<>""), IF(COUNTIFS(Log!$A$3:$A$10014,B30,Log!$F$3:$F$10014,">=50")=0,"–",_xlfn.MINIFS(Log!$E$3:$E$10014,Log!$A$3:$A$10014,B30,Log!$F$3:$F$10014,">=50")), "")
E31: =IF(AND(D31<>"", C31<>""), IF(COUNTIFS(Log!$A$3:$A$10014,B31,Log!$F$3:$F$10014,">=50")=0,"–",_xlfn.MINIFS(Log!$E$3:$E$10014,Log!$A$3:$A$10014,B31,Log!$F$3:$F$10014,">=50")), "")
E32: =IF(AND(D32<>"", C32<>""), IF(COUNTIFS(Log!$A$3:$A$10014,B32,Log!$F$3:$F$10014,">=50")=0,"–",_xlfn.MINIFS(Log!$E$3:$E$10014,Log!$A$3:$A$10014,B32,Log!$F$3:$F$10014,">=50")), "")
E33: =IF(AND(D33<>"", C33<>""), IF(COUNTIFS(Log!$A$3:$A$10014,B33,Log!$F$3:$F$10014,">=50")=0,"–",_xlfn.MINIFS(Log!$E$3:$E$10014,Log!$A$3:$A$10014,B33,Log!$F$3:$F$10014,">=50")), "")
E34: =IF(AND(D34<>"", C34<>""), IF(COUNTIFS(Log!$A$3:$A$10014,B34,Log!$F$3:$F$10014,">=50")=0,"–",_xlfn.MINIFS(Log!$E$3:$E$10014,Log!$A$3:$A$10014,B34,Log!$F$3:$F$10014,">=50")), "")
E35: =IF(AND(D35<>"", C35<>""), IF(COUNTIFS(Log!$A$3:$A$10014,B35,Log!$F$3:$F$10014,">=50")=0,"–",_xlfn.MINIFS(Log!$E$3:$E$10014,Log!$A$3:$A$10014,B35,Log!$F$3:$F$10014,">=50")), "")
E36: =IF(AND(D36<>"", C36<>""), IF(COUNTIFS(Log!$A$3:$A$10014,B36,Log!$F$3:$F$10014,">=50")=0,"–",_xlfn.MINIFS(Log!$E$3:$E$10014,Log!$A$3:$A$10014,B36,Log!$F$3:$F$10014,">=50")), "")
... E99: =IF(AND(D99<>"", C99<>""), IF(COUNTIFS(Log!$A$3:$A$10014,B99,Log!$F$3:$F$10014,">=50")=0,"–",_xlfn.MINIFS(Log!$E$3:$E$10014,Log!$A$3:$A$10014,B99,Log!$F$3:$F$10014,">=50")), "")

Sheet Error Summary
A1: Key invalid data recorded as non-date instead | B1: Date valid data only | C1: Starting Temperature (°C) | D1: Starting Time | E1: Minutes to Ready (earliest minutes >= 50°) | F1: Notes
A2: sheet crash 29/07 | B2: 46232 | C2: 24.5 | D2: 0.42847222 | E2: =IF(AND(D2<>"", C2<>""), IF(COUNTIFS(Log!$A$3:$A$10014,B2,Log!$F$3:$F$10014,">=50")=0,"–",_xlfn.MINIFS(Log!$E$3:$E$10014,Log!$A$3:$A$10014,B2,Log!$F$3:$F$10014,">=50")), "") -> 16 | F2: Excluded from trends -Sheet didn't save, first 3 log entries re-added from memory, but recollection imperfect. Data after (marked invalid rows) suggests it hit ready in 17m however.
E3: =IF(AND(D3<>"", C3<>""), IF(COUNTIFS(Log!$A$3:$A$10014,B3,Log!$F$3:$F$10014,">=50")=0,"–",_xlfn.MINIFS(Log!$E$3:$E$10014,Log!$A$3:$A$10014,B3,Log!$F$3:$F$10014,">=50")), "")
E4: =IF(AND(D4<>"", C4<>""), IF(COUNTIFS(Log!$A$3:$A$10014,B4,Log!$F$3:$F$10014,">=50")=0,"–",_xlfn.MINIFS(Log!$E$3:$E$10014,Log!$A$3:$A$10014,B4,Log!$F$3:$F$10014,">=50")), "")
E5: =IF(AND(D5<>"", C5<>""), IF(COUNTIFS(Log!$A$3:$A$10014,B5,Log!$F$3:$F$10014,">=50")=0,"–",_xlfn.MINIFS(Log!$E$3:$E$10014,Log!$A$3:$A$10014,B5,Log!$F$3:$F$10014,">=50")), "")
E6: =IF(AND(D6<>"", C6<>""), IF(COUNTIFS(Log!$A$3:$A$10014,B6,Log!$F$3:$F$10014,">=50")=0,"–",_xlfn.MINIFS(Log!$E$3:$E$10014,Log!$A$3:$A$10014,B6,Log!$F$3:$F$10014,">=50")), "")
E7: =IF(AND(D7<>"", C7<>""), IF(COUNTIFS(Log!$A$3:$A$10014,B7,Log!$F$3:$F$10014,">=50")=0,"–",_xlfn.MINIFS(Log!$E$3:$E$10014,Log!$A$3:$A$10014,B7,Log!$F$3:$F$10014,">=50")), "")
E8: =IF(AND(D8<>"", C8<>""), IF(COUNTIFS(Log!$A$3:$A$10014,B8,Log!$F$3:$F$10014,">=50")=0,"–",_xlfn.MINIFS(Log!$E$3:$E$10014,Log!$A$3:$A$10014,B8,Log!$F$3:$F$10014,">=50")), "")
E9: =IF(AND(D9<>"", C9<>""), IF(COUNTIFS(Log!$A$3:$A$10014,B9,Log!$F$3:$F$10014,">=50")=0,"–",_xlfn.MINIFS(Log!$E$3:$E$10014,Log!$A$3:$A$10014,B9,Log!$F$3:$F$10014,">=50")), "")
E10: =IF(AND(D10<>"", C10<>""), IF(COUNTIFS(Log!$A$3:$A$10014,B10,Log!$F$3:$F$10014,">=50")=0,"–",_xlfn.MINIFS(Log!$E$3:$E$10014,Log!$A$3:$A$10014,B10,Log!$F$3:$F$10014,">=50")), "")
E11: =IF(AND(D11<>"", C11<>""), IF(COUNTIFS(Log!$A$3:$A$10014,B11,Log!$F$3:$F$10014,">=50")=0,"–",_xlfn.MINIFS(Log!$E$3:$E$10014,Log!$A$3:$A$10014,B11,Log!$F$3:$F$10014,">=50")), "")
E12: =IF(AND(D12<>"", C12<>""), IF(COUNTIFS(Log!$A$3:$A$10014,B12,Log!$F$3:$F$10014,">=50")=0,"–",_xlfn.MINIFS(Log!$E$3:$E$10014,Log!$A$3:$A$10014,B12,Log!$F$3:$F$10014,">=50")), "")
E13: =IF(AND(D13<>"", C13<>""), IF(COUNTIFS(Log!$A$3:$A$10014,B13,Log!$F$3:$F$10014,">=50")=0,"–",_xlfn.MINIFS(Log!$E$3:$E$10014,Log!$A$3:$A$10014,B13,Log!$F$3:$F$10014,">=50")), "")
E14: =IF(AND(D14<>"", C14<>""), IF(COUNTIFS(Log!$A$3:$A$10014,B14,Log!$F$3:$F$10014,">=50")=0,"–",_xlfn.MINIFS(Log!$E$3:$E$10014,Log!$A$3:$A$10014,B14,Log!$F$3:$F$10014,">=50")), "")
... E84: =IF(AND(D84<>"", C84<>""), IF(COUNTIFS(Log!$A$3:$A$10014,B84,Log!$F$3:$F$10014,">=50")=0,"–",_xlfn.MINIFS(Log!$E$3:$E$10014,Log!$A$3:$A$10014,B84,Log!$F$3:$F$10014,">=50")), "")

Sheet Visualisations
K19: Next chart - camera temperature at time (avg. between low/high no error data) cross-referenced against starting temperature
C22: Note on above chart: from 01/08 tracked by script not manual
C23: Earlier recordings are not as granular & have irregular time steps | K23: Need to recalculate 'Camera temperature vs minutes since start' ,
K24: Not clearly useful data and manually adding series daily is time-consuming
C25: What other charts to plot from this data?
C26: Measuring initial camera temperature against room/startup?

Sheet DevScriptErrors
A1: This is a dev troubleshooting record for the camera temperature script, checking which cameras are dropped from readings
A2: Cameras Missing from Temperature Script Log
A3: Date | B3: Camera by ID | C3: {=LEFT(TRANSPOSE(#REF!), 3)} -> #REF!
A4: 46238 | C4: 5 | D4: 5 | E4: 2 | F4: 2 | G4: 2 | H4: 2 | I4: 2 | J4: 2 | K4: 2 | R4: 1 | S4: 1 | T4: 2 | W4: (04/08 is first day recording these errors)
A8: no longer tracking - bug fixed
