Workbook

Sheet WIP
A1: How this workbook works
A3: 1. Log sheet | C3: UPDATE THIS TAB
A4: Each day, add one new row per camera to the table (just type into the row directly below the last one - the table expands automatically). | C4: VERY OUT OF DATE
A5: Columns: Date, Camera, Wand Count, World Error, Image Error.
A6: The Camera column has a dropdown so names stay consistent. | D6: HIDDEN SHEETS
D7: Data-Lists
A8: 2. Daily Summary sheet
A9: Automatically averages World Error and Image Error across all cameras for each date, and counts how many cameras were logged that day (flags red if it isn't 17, so you notice a missed camera). Pre-built with formulas for the next ~150 days - nothing to edit. | D9: Sheets
A10: Chart: average error trend over time, across the whole rig. | D10: Labelling
D11: Log
A12: 3. Camera Trend sheet | D12: Recap Pages | E12: Daily, Trial, Error
A13: Pick a camera from the dropdown in the highlighted cell and its own error history over time appears in the table and chart below. Useful for spotting a camera that's drifting or degrading. | D13: Daily Trends
D14: Daily Performance
A15: 4. Lists sheet | D15: Daily Error Rates
A16: Just holds the camera name list that powers the dropdowns. Hidden by default - unhide it (right-click any sheet tab) if you add or retire a camera. | D16: Problem Cameras
A18: Cells you edit day-to-day are highlighted in pale yellow. Everything else is a formula and updates itself. | D18: Sheets should have own to-dos

Sheet Data-Lists
A1: The spreadsheet relies on this information don't tinker with it if you aren't prepared to fix it afterwards! Bolded entries are hardcoded. Other entries are formulas or lookups.
A2: Camera | B2: Daily Tracking Dates | C2: Key Category | D2: =CONCATENATE("Subkeys (", $C$4, ")") -> Subkeys (Error) | E2: =CONCATENATE("Subkeys (", $C$5, ")") -> Subkeys (Trial) | F2: Wand Wave Type
A3: #1 (Vero v2.2) | B3: {=_xlfn.CHOOSECOLS(_xlfn.UNIQUE(_xlfn._xlws.FILTER(Log!$A3:$C5000,Log!$A3:$A5000="Daily")),3)} -> 46228 | C3: Daily | D3: {=_xlfn._xlws.SORT(_xlfn.UNIQUE(_xlfn._xlws.FILTER(Log!B3:B5000, Log!A3:A5000=C4)))} -> 03/08-error1 | E3: {=_xlfn._xlws.SORT(_xlfn.UNIQUE(_xlfn._xlws.FILTER(Log!B3:B5000, Log!A3:A5000=C5)))} -> auto-stop-1000-base | F3: {=Legend!$G$10:$G50} -> A
A4: #2 (Vero v2.2) | B4: 46230 | C4: Error | D4: 03/08-error2 | E4: auto-stop-1000-v2 | F4: B
A5: #3 (Vero v2.2) | B5: 46231 | C5: Trial | D5: 20/08-error1 | E5: auto-stop-1000-v3 | F5: C
A6: #4 (Vero v2.2) | B6: 46232 | D6: 31/07-error1 | E6: auto-stop-1500-v1 | F6: D
A7: #5 (Vero v2.2) | B7: 46233 | D7: 31/07-error2 | E7: auto-stop-1500-v2 | F7: E
A8: #6 (Vero v2.2) | B8: 46234 | D8: cannot-set-volume | E8: auto-stop-2000-v1 | F8: F
A9: #7 (Vero v2.2) | B9: 46235 | D9: didn't-set-volume | E9: auto-stop-2000-v2 | F9: G
A10: #8 (Vero v2.2) | B10: 46237 | D10: no-reset-grayscale-all | E10: reflection-trial-2 | F10: H
A11: #9 (Vero v2.2) | B11: 46238 | E11: shelf-baseline | F11: I
A12: #10 (Vero v2.2) | B12: 46239 | E12: shelf-trial | F12: 0
A13: #11 (Vero v2.2) | B13: 46240 | E13: speed_cam11_fast_1 | F13: 0
A14: #12 (Vero v2.2) | B14: 46242 | E14: speed_cam11_fast_2 | F14: 0
A15: #13 (Vero v2.2) | B15: 46244 | E15: speed_cam11_fast_3 | F15: 0
A16: #14 (Vero v2.2) | B16: 46245 | E16: speed_cam11_slow_1 | F16: 0
A17: #15 (Vero v2.2) | B17: 46246 | E17: speed_cam11_slow_2 | F17: 0
A18: #16 (Vero v2.2) | B18: 46247 | E18: speed_cam11_slow_3 | F18: 0
A19: #17 (Vero v2.2) | B19: 46248 | E19: Wand-Wave-A1 | F19: 0
A20: #18 (Vero v2.2) | B20: 46251 | E20: Wand-Wave-A2 | F20: 0
B21: 46251 | E21: Wand-Wave-A3 | F21: 0
B22: 46251 | E22: Wand-Wave-A4 | F22: 0
B23: 46252 | E23: Wand-Wave-B1 | F23: 0
B24: 46253 | E24: Wand-Wave-B2 | F24: 0
B25: 46254 | E25: Wand-Wave-B3 | F25: 0
B26: 46255 | E26: Wand-Wave-B4 | F26: 0
E27: Wand-Wave-C1 | F27: 0
E28: Wand-Wave-C2 | F28: 0
E29: Wand-Wave-C3 | F29: 0
E30: Wand-Wave-C4 | F30: 0
E31: Wand-Wave-D1 | F31: 0
E32: Wand-Wave-D2 | F32: 0
E33: Wand-Wave-D3 | F33: 0
E34: Wand-Wave-D4 | F34: 0
E35: Wand-Wave-E1 | F35: 0
E36: Wand-Wave-E2 | F36: 0
E37: Wand-Wave-E3 | F37: 0
E38: Wand-Wave-E4 | F38: 0
... E43: Wand-Wave-G1 | F43: 0
E44: Wand-Wave-G2
E45: Wand-Wave-G3
E46: Wand-Wave-G4

Sheet Legend
A1: Sheet legend to identify the colours and labels used throughout the sheet
B3: Cameras in the INB Robotics/Vicon lab are labelled differently to the Nexus software, I've recorded the differences here. If this ever changes, correct this and keep record for data.
B4: Camera Name | C4: Nexus Software ID | D4: Physical Label | E4: Match | G4: HEADER COLOURS
B5: #1 (Vero v2.2) | C5: 1 | D5: 1 | E5: =IF(C5=D5, "Yes", "No") -> Yes | H5: Data should be input in this column.
B6: #2 (Vero v2.2) | C6: 2 | D6: 2 | E6: =IF(C6=D6, "Yes", "No") -> Yes | H6: Choose data value from dropdown!
B7: #3 (Vero v2.2) | C7: 3 | D7: 4 | E7: =IF(C7=D7, "Yes", "No") -> No | H7: Automatic formula - do not modify this column.
B8: #4 (Vero v2.2) | C8: 4 | D8: 18 | E8: =IF(C8=D8, "Yes", "No") -> No
B9: #5 (Vero v2.2) | C9: 5 | D9: 5 | E9: =IF(C9=D9, "Yes", "No") -> Yes | G9: Wand Techniques (documented by motion capture on 13/08/2026)
B10: #6 (Vero v2.2) | C10: 6 | D10: 6 | E10: =IF(C10=D10, "Yes", "No") -> Yes | G10: A | H10: Waving in figure 8, slowly - as though you're pushing water - pushing downards whilst walking around the room in a square
B11: #7 (Vero v2.2) | C11: 7 | D11: 7 | E11: =IF(C11=D11, "Yes", "No") -> Yes | G11: B | H11: As technique A except - bringing the wand in and out by stretching arm, and stooping/lunging as moving (in order to vary distance from the body)
B12: #8 (Vero v2.2) | C12: 8 | D12: 8 | E12: =IF(C12=D12, "Yes", "No") -> Yes | G12: C | H12: Guidance from active wand v4 (away from body, half circles, facing camera, no turning wand keep parallel to yourself, watch for objects)
B13: #9 (Vero v2.2) | C13: 9 | D13: 14 | E13: =IF(C13=D13, "Yes", "No") -> No | G13: D | H13: Figure 8 with the wand facing up - reccommended by the Vicon trainer during system installation
B14: #10 (Vero v2.2) | C14: 10 | D14: 10 | E14: =IF(C14=D14, "Yes", "No") -> Yes | G14: E | H14: Spinning the wand extended from body (rotating around center 360deg holding wand in middle but spinning it)
B15: #11 (Vero v2.2) | C15: 11 | D15: 11 | E15: =IF(C15=D15, "Yes", "No") -> Yes | G15: F | H15: Wave wand up and down (chopping axe motion, AWIR2 docs)
B16: #12 (Vero v2.2) | C16: 12 | D16: 12 | E16: =IF(C16=D16, "Yes", "No") -> Yes | G16: G | H16: Circling the wand extended from body (hold forward & draw circle, rotating around center 360deg holding handle - full circle vs C semi-circle)
B17: #13 (Vero v2.2) | C17: 13 | D17: 13 | E17: =IF(C17=D17, "Yes", "No") -> Yes | G17: H | H17: New technique after wand wave experiment - not captured yet - per technique D except wider figure 8 and more vertical/horizontal movement, held further away from user body to prevent occlusion.
B18: #14 (Vero v2.2) | C18: 14 | D18: 14 | E18: =IF(C18=D18, "Yes", "No") -> Yes | G18: I | H18: New technique after wand wave experiment - not captured yet - per technique H except attempting to paint space, turning body profile to prevent occlusion, and starting from inside of volume.
B19: #15 (Vero v2.2) | C19: 15 | D19: 15 | E19: =IF(C19=D19, "Yes", "No") -> Yes
B20: #16 (Vero v2.2) | C20: 16 | D20: 16 | E20: =IF(C20=D20, "Yes", "No") -> Yes
B21: #17 (Vero v2.2) | C21: 17 | D21: 3 | E21: =IF(C21=D21, "Yes", "No") -> No
B22: #18 (Vero v2.2) | C22: 18 | D22: 17 | E22: =IF(C22=D22, "Yes", "No") -> No

Sheet Log
A1: Instructions - Input Vicon Nexus error sets after any new calibration. Refer to header key tables for more info. | F1: Error (Camera Entry)
A2: Key 1 (Category) | B2: Key 2 (Precision) | C2: Date | D2: Camera | E2: Frame Count | F2: World Error | G2: Image Error
A3: Daily | B3: n/a | C3: 46228 | D3: #1 (Vero v2.2) | E3: 2306 | F3: 0.274982 | G3: 0.0793568
A4: Daily | B4: n/a | C4: 46228 | D4: #2 (Vero v2.2) | E4: 2392 | F4: 0.421843 | G4: 0.112306
A5: Daily | B5: n/a | C5: 46228 | D5: #3 (Vero v2.2) | E5: 1810 | F5: 0.398584 | G5: 0.0924275
A6: Daily | B6: n/a | C6: 46228 | D6: #4 (Vero v2.2) | E6: 2277 | F6: 0.620036 | G6: 0.121579
A7: Daily | B7: n/a | C7: 46228 | D7: #5 (Vero v2.2) | E7: 2240 | F7: 0.191893 | G7: 0.0443669
A8: Daily | B8: n/a | C8: 46228 | D8: #6 (Vero v2.2) | E8: 2754 | F8: 0.442235 | G8: 0.0899754
A9: Daily | B9: n/a | C9: 46228 | D9: #7 (Vero v2.2) | E9: 3007 | F9: 0.509896 | G9: 0.102799
A10: Daily | B10: n/a | C10: 46228 | D10: #9 (Vero v2.2) | E10: 2832 | F10: 0.395935 | G10: 0.0795796
A11: Daily | B11: n/a | C11: 46228 | D11: #10 (Vero v2.2) | E11: 2120 | F11: 0.499606 | G11: 0.132037
A12: Daily | B12: n/a | C12: 46228 | D12: #11 (Vero v2.2) | E12: 1471 | F12: 0.130593 | G12: 0.0450561
A13: Daily | B13: n/a | C13: 46228 | D13: #12 (Vero v2.2) | E13: 1657 | F13: 0.428371 | G13: 0.140663
A14: Daily | B14: n/a | C14: 46228 | D14: #13 (Vero v2.2) | E14: 1007 | F14: 0.168386 | G14: 0.0424158
... A1027: Trial | B1027: Wand-Wave-G4 | C1027: 46246 | D1027: #18 (Vero v2.2) | E1027: 1442 | F1027: 0.431939 | G1027: 0.083982
A1028: Daily | B1028: =IF($A1028="Daily", "n/a", "") -> n/a | C1028: 46247 | D1028: #1 (Vero v2.2) | E1028: 2333 | F1028: 0.405133 | G1028: 0.113922
A1029: Daily | B1029: =IF($A1029="Daily", "n/a", "") -> n/a | C1029: 46247 | D1029: #2 (Vero v2.2) | E1029: 1823 | F1029: 0.45546 | G1029: 0.120023
A1030: Daily | B1030: =IF($A1030="Daily", "n/a", "") -> n/a | C1030: 46247 | D1030: #3 (Vero v2.2) | E1030: 1149 | F1030: 0.377453 | G1030: 0.0885529
A1031: Daily | B1031: =IF($A1031="Daily", "n/a", "") -> n/a | C1031: 46247 | D1031: #4 (Vero v2.2) | E1031: 1864 | F1031: 0.450706 | G1031: 0.0891205
A1032: Daily | B1032: =IF($A1032="Daily", "n/a", "") -> n/a | C1032: 46247 | D1032: #5 (Vero v2.2) | E1032: 1421 | F1032: 0.217182 | G1032: 0.0516624
A1033: Daily | B1033: =IF($A1033="Daily", "n/a", "") -> n/a | C1033: 46247 | D1033: #6 (Vero v2.2) | E1033: 1542 | F1033: 0.353803 | G1033: 0.0743878
A1034: Daily | B1034: =IF($A1034="Daily", "n/a", "") -> n/a | C1034: 46247 | D1034: #7 (Vero v2.2) | E1034: 1458 | F1034: 0.353749 | G1034: 0.07398
A1035: Daily | B1035: =IF($A1035="Daily", "n/a", "") -> n/a | C1035: 46247 | D1035: #8 (Vero v2.2) | E1035: 1092 | F1035: 0.182155 | G1035: 0.0552003
A1036: Daily | B1036: =IF($A1036="Daily", "n/a", "") -> n/a | C1036: 46247 | D1036: #9 (Vero v2.2) | E1036: 2428 | F1036: 0.536396 | G1036: 0.104331
A1037: Daily | B1037: =IF($A1037="Daily", "n/a", "") -> n/a | C1037: 46247 | D1037: #10 (Vero v2.2) | E1037: 1369 | F1037: 0.388751 | G1037: 0.105559
A1038: Daily | B1038: =IF($A1038="Daily", "n/a", "") -> n/a | C1038: 46247 | D1038: #11 (Vero v2.2) | E1038: 1535 | F1038: 0.381734 | G1038: 0.12531
A1039: Daily | B1039: =IF($A1039="Daily", "n/a", "") -> n/a | C1039: 46247 | D1039: #12 (Vero v2.2) | E1039: 2256 | F1039: 0.18396 | G1039: 0.0566614
... A1045: Daily | B1045: =IF($A1045="Daily", "n/a", "") -> n/a | C1045: 46247 | D1045: #18 (Vero v2.2) | E1045: 1133 | F1045: 0.37192 | G1045: 0.0748058
A1046: Error | B1046: cannot-set-volume | C1046: 46248 | D1046: #1 (Vero v2.2) | E1046: 1484 | F1046: 0.514719 | G1046: 0.144732
A1047: Error | B1047: cannot-set-volume | C1047: 46248 | D1047: #2 (Vero v2.2) | E1047: 1290 | F1047: 0.517445 | G1047: 0.136305
A1048: Error | B1048: cannot-set-volume | C1048: 46248 | D1048: #3 (Vero v2.2) | E1048: 1093 | F1048: 0.503747 | G1048: 0.11812
A1049: Error | B1049: cannot-set-volume | C1049: 46248 | D1049: #4 (Vero v2.2) | E1049: 1834 | F1049: 0.473553 | G1049: 0.0936151
A1050: Error | B1050: cannot-set-volume | C1050: 46248 | D1050: #5 (Vero v2.2) | E1050: 1247 | F1050: 0.305897 | G1050: 0.072731
A1051: Error | B1051: cannot-set-volume | C1051: 46248 | D1051: #6 (Vero v2.2) | E1051: 1230 | F1051: 0.418566 | G1051: 0.0880348
A1052: Error | B1052: cannot-set-volume | C1052: 46248 | D1052: #7 (Vero v2.2) | E1052: 1058 | F1052: 0.451663 | G1052: 0.0944804
A1053: Error | B1053: cannot-set-volume | C1053: 46248 | D1053: #8 (Vero v2.2) | E1053: 1367 | F1053: 0.216456 | G1053: 0.065589
A1054: Error | B1054: cannot-set-volume | C1054: 46248 | D1054: #9 (Vero v2.2) | E1054: 1961 | F1054: 0.61155 | G1054: 0.118918
A1055: Error | B1055: cannot-set-volume | C1055: 46248 | D1055: #10 (Vero v2.2) | E1055: 2148 | F1055: 0.393646 | G1055: 0.106936
A1056: Error | B1056: cannot-set-volume | C1056: 46248 | D1056: #11 (Vero v2.2) | E1056: 1200 | F1056: 0.3096 | G1056: 0.101543
A1057: Error | B1057: cannot-set-volume | C1057: 46248 | D1057: #12 (Vero v2.2) | E1057: 1803 | F1057: 0.483261 | G1057: 0.148862
... A1063: Error | B1063: cannot-set-volume | C1063: 46248 | D1063: #18 (Vero v2.2) | E1063: 1119 | F1063: 0.447005 | G1063: 0.0899054
A1064: Daily | B1064: =IF($A1064="Daily", "n/a", "") -> n/a | C1064: 46248 | D1064: #1 (Vero v2.2) | E1064: 1899 | F1064: 0.431875 | G1064: 0.121454
A1065: Daily | B1065: =IF($A1065="Daily", "n/a", "") -> n/a | C1065: 46248 | D1065: #2 (Vero v2.2) | E1065: 1509 | F1065: 0.407267 | G1065: 0.107267
A1066: Daily | B1066: =IF($A1066="Daily", "n/a", "") -> n/a | C1066: 46248 | D1066: #3 (Vero v2.2) | E1066: 1159 | F1066: 0.444347 | G1066: 0.104221
A1067: Daily | B1067: =IF($A1067="Daily", "n/a", "") -> n/a | C1067: 46248 | D1067: #4 (Vero v2.2) | E1067: 1721 | F1067: 0.458926 | G1067: 0.090715
A1068: Daily | B1068: =IF($A1068="Daily", "n/a", "") -> n/a | C1068: 46248 | D1068: #5 (Vero v2.2) | E1068: 1370 | F1068: 0.290202 | G1068: 0.0690103
A1069: Daily | B1069: =IF($A1069="Daily", "n/a", "") -> n/a | C1069: 46248 | D1069: #6 (Vero v2.2) | E1069: 1316 | F1069: 0.482379 | G1069: 0.101456
A1070: Daily | B1070: =IF($A1070="Daily", "n/a", "") -> n/a | C1070: 46248 | D1070: #7 (Vero v2.2) | E1070: 1162 | F1070: 0.503863 | G1070: 0.10539
A1071: Daily | B1071: =IF($A1071="Daily", "n/a", "") -> n/a | C1071: 46248 | D1071: #8 (Vero v2.2) | E1071: 1310 | F1071: 0.267051 | G1071: 0.0809096
A1072: Daily | B1072: =IF($A1072="Daily", "n/a", "") -> n/a | C1072: 46248 | D1072: #9 (Vero v2.2) | E1072: 2288 | F1072: 0.450825 | G1072: 0.0876679
A1073: Daily | B1073: =IF($A1073="Daily", "n/a", "") -> n/a | C1073: 46248 | D1073: #10 (Vero v2.2) | E1073: 1848 | F1073: 0.332443 | G1073: 0.0902964
A1074: Daily | B1074: =IF($A1074="Daily", "n/a", "") -> n/a | C1074: 46248 | D1074: #11 (Vero v2.2) | E1074: 1451 | F1074: 0.369691 | G1074: 0.121264
A1075: Daily | B1075: =IF($A1075="Daily", "n/a", "") -> n/a | C1075: 46248 | D1075: #12 (Vero v2.2) | E1075: 2023 | F1075: 0.294224 | G1075: 0.0905991
... A1081: Daily | B1081: =IF($A1081="Daily", "n/a", "") -> n/a | C1081: 46248 | D1081: #18 (Vero v2.2) | E1081: 1311 | F1081: 0.397631 | G1081: 0.0799717
A1082: Daily | B1082: pre-calibrate-1 | C1082: 46251 | D1082: #1 (Vero v2.2) | E1082: 2066 | F1082: 0.504052 | G1082: 0.141713
A1083: Daily | B1083: pre-calibrate-1 | C1083: 46251 | D1083: #2 (Vero v2.2) | E1083: 1635 | F1083: 0.428837 | G1083: 0.112932
A1084: Daily | B1084: pre-calibrate-1 | C1084: 46251 | D1084: #3 (Vero v2.2) | E1084: 1376 | F1084: 0.583864 | G1084: 0.136906
A1085: Daily | B1085: pre-calibrate-1 | C1085: 46251 | D1085: #4 (Vero v2.2) | E1085: 1683 | F1085: 0.617988 | G1085: 0.122215
A1086: Daily | B1086: pre-calibrate-1 | C1086: 46251 | D1086: #5 (Vero v2.2) | E1086: 1548 | F1086: 0.395363 | G1086: 0.0940006
A1087: Daily | B1087: pre-calibrate-1 | C1087: 46251 | D1087: #6 (Vero v2.2) | E1087: 1307 | F1087: 0.546041 | G1087: 0.114838
A1088: Daily | B1088: pre-calibrate-1 | C1088: 46251 | D1088: #7 (Vero v2.2) | E1088: 1264 | F1088: 0.537375 | G1088: 0.112399
A1089: Daily | B1089: pre-calibrate-1 | C1089: 46251 | D1089: #8 (Vero v2.2) | E1089: 1286 | F1089: 0.270739 | G1089: 0.0820053
A1090: Daily | B1090: pre-calibrate-1 | C1090: 46251 | D1090: #9 (Vero v2.2) | E1090: 1808 | F1090: 0.572587 | G1090: 0.111369
A1091: Daily | B1091: pre-calibrate-1 | C1091: 46251 | D1091: #10 (Vero v2.2) | E1091: 1982 | F1091: 0.421 | G1091: 0.11437
A1092: Daily | B1092: pre-calibrate-1 | C1092: 46251 | D1092: #11 (Vero v2.2) | E1092: 1566 | F1092: 0.552389 | G1092: 0.181154
A1093: Daily | B1093: pre-calibrate-1 | C1093: 46251 | D1093: #12 (Vero v2.2) | E1093: 2127 | F1093: 0.26757 | G1093: 0.0823679
... A1117: Daily | B1117: pre-calibrate-2 | C1117: 46251 | D1117: #18 (Vero v2.2) | E1117: 1111 | F1117: 0.582887 | G1117: 0.117351
A1118: Daily | B1118: =IF($A1118="Daily", "n/a", "") -> n/a | C1118: 46251 | D1118: #1 (Vero v2.2) | E1118: 2242 | F1118: 0.398567 | G1118: 0.112145
A1119: Daily | B1119: =IF($A1119="Daily", "n/a", "") -> n/a | C1119: 46251 | D1119: #2 (Vero v2.2) | E1119: 1709 | F1119: 0.36161 | G1119: 0.0953259
A1120: Daily | B1120: =IF($A1120="Daily", "n/a", "") -> n/a | C1120: 46251 | D1120: #3 (Vero v2.2) | E1120: 1583 | F1120: 0.48918 | G1120: 0.114796
A1121: Daily | B1121: =IF($A1121="Daily", "n/a", "") -> n/a | C1121: 46251 | D1121: #4 (Vero v2.2) | E1121: 1974 | F1121: 0.528107 | G1121: 0.104508
A1122: Daily | B1122: =IF($A1122="Daily", "n/a", "") -> n/a | C1122: 46251 | D1122: #5 (Vero v2.2) | E1122: 1672 | F1122: 0.354971 | G1122: 0.0844692
A1123: Daily | B1123: =IF($A1123="Daily", "n/a", "") -> n/a | C1123: 46251 | D1123: #6 (Vero v2.2) | E1123: 1670 | F1123: 0.53395 | G1123: 0.11239
A1124: Daily | B1124: =IF($A1124="Daily", "n/a", "") -> n/a | C1124: 46251 | D1124: #7 (Vero v2.2) | E1124: 1457 | F1124: 0.51797 | G1124: 0.108448
A1125: Daily | B1125: =IF($A1125="Daily", "n/a", "") -> n/a | C1125: 46251 | D1125: #8 (Vero v2.2) | E1125: 1754 | F1125: 0.290235 | G1125: 0.0879742
A1126: Daily | B1126: =IF($A1126="Daily", "n/a", "") -> n/a | C1126: 46251 | D1126: #9 (Vero v2.2) | E1126: 1608 | F1126: 0.488223 | G1126: 0.0950404
A1127: Daily | B1127: =IF($A1127="Daily", "n/a", "") -> n/a | C1127: 46251 | D1127: #10 (Vero v2.2) | E1127: 2311 | F1127: 0.343218 | G1127: 0.0932962
A1128: Daily | B1128: =IF($A1128="Daily", "n/a", "") -> n/a | C1128: 46251 | D1128: #11 (Vero v2.2) | E1128: 1723 | F1128: 0.356199 | G1128: 0.116948
A1129: Daily | B1129: =IF($A1129="Daily", "n/a", "") -> n/a | C1129: 46251 | D1129: #12 (Vero v2.2) | E1129: 2320 | F1129: 0.315903 | G1129: 0.0973378
... A1135: Daily | B1135: =IF($A1135="Daily", "n/a", "") -> n/a | C1135: 46251 | D1135: #18 (Vero v2.2) | E1135: 1423 | F1135: 0.597776 | G1135: 0.120329
A1136: Daily | B1136: n/a | C1136: 46252 | D1136: #1 (Vero v2.2) | E1136: 2683 | F1136: 0.412922 | G1136: 0.116243
A1137: Daily | B1137: n/a | C1137: 46252 | D1137: #2 (Vero v2.2) | E1137: 2063 | F1137: 0.435645 | G1137: 0.114894
A1138: Daily | B1138: n/a | C1138: 46252 | D1138: #3 (Vero v2.2) | E1138: 1393 | F1138: 0.51256 | G1138: 0.120318
A1139: Daily | B1139: n/a | C1139: 46252 | D1139: #4 (Vero v2.2) | E1139: 1839 | F1139: 0.646754 | G1139: 0.127978
A1140: Daily | B1140: n/a | C1140: 46252 | D1140: #5 (Vero v2.2) | E1140: 1875 | F1140: 0.367645 | G1140: 0.0875303
A1141: Daily | B1141: n/a | C1141: 46252 | D1141: #6 (Vero v2.2) | E1141: 1426 | F1141: 0.551232 | G1141: 0.116083
A1142: Daily | B1142: n/a | C1142: 46252 | D1142: #7 (Vero v2.2) | E1142: 1230 | F1142: 0.63231 | G1142: 0.132432
A1143: Daily | B1143: n/a | C1143: 46252 | D1143: #8 (Vero v2.2) | E1143: 1745 | F1143: 0.232436 | G1143: 0.0704499
A1144: Daily | B1144: n/a | C1144: 46252 | D1144: #9 (Vero v2.2) | E1144: 2642 | F1144: 0.491198 | G1144: 0.0956225
A1145: Daily | B1145: n/a | C1145: 46252 | D1145: #10 (Vero v2.2) | E1145: 2179 | F1145: 0.347899 | G1145: 0.0945627
A1146: Daily | B1146: n/a | C1146: 46252 | D1146: #11 (Vero v2.2) | E1146: 2320 | F1146: 0.411211 | G1146: 0.135014
A1147: Daily | B1147: n/a | C1147: 46252 | D1147: #12 (Vero v2.2) | E1147: 2710 | F1147: 0.296813 | G1147: 0.0914292
... A1179: Error | B1179: 20/08-error1 | C1179: 46254 | D1179: #8 (Vero v2.2) | E1179: 1360 | F1179: 0.222844 | G1179: 0.0873469
A1180: Error | B1180: 20/08-error1 | C1180: 46254 | D1180: #9 (Vero v2.2) | E1180: 2042
A1181: Error | B1181: 20/08-error1 | C1181: 46254 | D1181: #10 (Vero v2.2) | E1181: 1529 | F1181: 0.305641 | G1181: 0.074232
A1182: Error | B1182: 20/08-error1 | C1182: 46254 | D1182: #11 (Vero v2.2) | E1182: 1005 | F1182: 0.174795 | G1182: 0.050874
A1183: Error | B1183: 20/08-error1 | C1183: 46254 | D1183: #12 (Vero v2.2) | E1183: 1227 | F1183: 0.738219 | G1183: 0.177293
A1184: Error | B1184: 20/08-error1 | C1184: 46254 | D1184: #13 (Vero v2.2) | E1184: 1276
A1185: Error | B1185: 20/08-error1 | C1185: 46254 | D1185: #14 (Vero v2.2) | E1185: 1231 | F1185: 0.264012 | G1185: 0.0874356
A1186: Error | B1186: 20/08-error1 | C1186: 46254 | D1186: #15 (Vero v2.2) | E1186: 1162
...

Sheet Sets
A1: Key 1 (Category) | B1: Key 2 (Precision) | C1: Date | D1: Starting Temperature | E1: Starting Time | F1: Wand Technique | G1: Auto-Stop Setting | H1: Notes on daily calibration attempt | I1: Other notes - error results, experiment process, etc. | J1: Other notes to combine | K1: Mean Frame Count | L1: Frame Ratio (% of Auto-Stop) | M1: Highest Frame Count | N1: Lowest Frame Count | O1: Most Frames (Camera ID) | P1: Least Frames (Camera ID) | Q1: Mean World Error | R1: Lowest World Error | S1: Highest World Error | T1: Mean Image Error | U1: Lowest Image Error | V1: Highest Image Error | W1: All-Time Mean Values | Y1: Dates auto-populate from data-lists tab (apply to all daily sheets). Data keys & config settings must be manually entered. Other data will automatically populate by formula and apply conditional formatting. | CQ1: All-Time Mean Values
A2: {=_xlfn.CHOOSECOLS(_xlfn.UNIQUE(Log!$A3:$C3000),1, 2, 3)} -> Daily | B2: n/a | C2: 46228 | D2: 23.5 | E2: 0.85833333 | F2: A | G2: 1000 | H2: Camera 8 not enabled by mistake -- may wish to disregard results, no manual masking or marker removal attempted - attempting to establish baselines | W2: 0.41503633 | X2: 0.099319293 | CQ2: 0.41503633 | CR2: 0.099319293 | CT2: FOR CHART
A3: Daily | B3: n/a | C3: 46230 | D3: 23.5 | E3: 0.60138889 | F3: A | G3: 1000 | H3: Did not create a box with markers, scattered randomly, adjusted auto detect tolerance for set volume down to 2mm | W3: 0.41503633 | X3: 0.099319293 | CQ3: 0.41503633 | CR3: 0.099319293 | CT3: DO NOT TOUCH
A4: Daily | B4: n/a | C4: 46231 | D4: 24.5 | E4: 0.50694444 | F4: B | G4: 1000 | H4: Scattered markers randomly in the volume, completely reset calibration and masking beforehand, manually masked reflective pipe in camera 5. | W4: 0.41503633 | X4: 0.099319293 | CQ4: 0.41503633 | CR4: 0.099319293
A5: Daily | B5: n/a | C5: 46232 | D5: 25.5 | E5: 0.82291667 | F5: A | G5: 1000 | H5: Mostly focused on fixing the calibration data pollution bug from sample data (camera IDs reorganised) but sweeping movements around the main volume, with markers scattered in clusters no box outline | W5: 0.41503633 | X5: 0.099319293 | CQ5: 0.41503633 | CR5: 0.099319293
A6: Daily | B6: n/a | C6: 46233 | D6: 24.5 | E6: 0.53333333 | F6: A | G6: 1000 | H6: After calibration modified level of the L-Frame as floor wasn't level, so this may affect volume capture in future | W6: 0.41503633 | X6: 0.099319293 | CQ6: 0.41503633 | CR6: 0.099319293
A7: Error | B7: 31/07-error1 | C7: 46234 | D7: 23.5 | E7: 0.85833333 | F7: C | G7: 1000 | H7: No swish/figure 8, followed active wand v4 docs which suggested keeping wand away from body due to occlusion, and facing cameras. Waved in mostly large (sometimes small) circles | I7: People kept coming in room, interrupting calibration attempts - along with poor wand wave & previous wand level modification could not set volume | W7: 0.41503633 | X7: 0.099319293 | CQ7: 0.41503633 | CR7: 0.099319293
A8: Error | B8: 31/07-error2 | C8: 46234 | D8: 23.5 | E8: 0.60138889 | F8: C | G8: 1000 | I8: todo - check calibration data for camera relativity | W8: 0.41503633 | X8: 0.099319293 | CQ8: 0.41503633 | CR8: 0.099319293
A9: Daily | B9: n/a | C9: 46234 | D9: 24.5 | E9: 0.58333333 | F9: C | G9: 1500 | H9: Missing XCP File! Following 2 wand count errors increased auto stop min frames to 1500 and spread time more equally in volume. Worsening world and image errors! To repeat on 1-2 tests to confirm | W9: 0.41503633 | X9: 0.099319293 | CQ9: 0.41503633 | CR9: 0.099319293
A10: Daily | B10: n/a | C10: 46235 | D10: 24 | E10: 0.74097222 | F10: C | G10: 1500 | H10: Minor wand wave not according to technique (folding wave) but otherwise going left/right and keeping away from body. Some camera error outliers and ghost markers during floor plane calibration. | W10: 0.41503633 | X10: 0.099319293 | CQ10: 0.41503633 | CR10: 0.099319293
A11: Error | B11: 03/08-error1 | C11: 46237 | D11: 24.5 | E11: 0.50694444 | F11: C | G11: 1000 | H11: Wand wave technique is semi-radial extended from body but facing/relative degree° equal to facing (rocking side to side drawing a semi-circle basically) with some squatting or bending down | I11: Camera 4 not relative to rest | W11: 0.41503633 | X11: 0.099319293 | CQ11: 0.41503633 | CR11: 0.099319293
A12: Error | B12: 03/08-error2 | C12: 46237 | D12: 25.5 | E12: 0.82291667 | F12: C | G12: 1000 | H12: Wand wave technique as above | I12: Camera 5 not relative to rest | W12: 0.41503633 | X12: 0.099319293 | CQ12: 0.41503633 | CR12: 0.099319293
A13: Daily | B13: n/a | C13: 46237 | D13: 24 | E13: 0.46597222 | F13: A | G13: 1000 | H13: Reverted wand wave technique after 2 calibration errors Opting to put clusters of 3 in volume corners and spacing out pairs elsewhere in centre of volume floor plane | W13: 0.41503633 | X13: 0.099319293 | CQ13: 0.41503633 | CR13: 0.099319293
A14: Daily | B14: n/a | C14: 46238 | D14: 24.5 | E14: 0.52083333 | F14: A | G14: 1000 | H14: No box; markers were in a rough isoclees triangle shape outline, of 4x clusters of 3 markers, no issue | W14: 0.41503633 | X14: 0.099319293 | CQ14: 0.41503633 | CR14: 0.099319293
A15: Daily | B15: n/a | C15: 46239 | D15: 25 | E15: 0.59305556 | F15: A | G15: 1000 | H15: 9 Markers, in 3 clusters of 3 -- two clusters spaced from origin, one in a far corner. This caused floor plane error for furthest markers so added a 4th cluster in opposite far corner, which fixed it. Documented in note '2026-08-05 Marker Cluster Layout (v1)' | W15: 0.41503633 | X15: 0.099319293 | CQ15: 0.41503633 | CR15: 0.099319293
A16: Daily | B16: n/a | C16: 46240 | D16: 25 | E16: 0.47569444 | F16: A | G16: 1000 | H16: 3 clusters of markers in each corner (4 sets) | W16: 0.41503633 | X16: 0.099319293 | CQ16: 0.41503633 | CR16: 0.099319293
A17: Trial | B17: shelf-baseline | C17: 46240 | D17: 25 | E17: 0.64722222 | F17: A | G17: 1000 | H17: Figure 8 waving, no floor plane setting as just interested in calibration data | I17: Determine the calibration impact of the reflective metal shelving at the edge of the volume space | J17: Calibration health degraded. Culprit may be that a reflective shelf may have still been caught in view of a camera | W17: 0.41503633 | X17: 0.099319293 | CQ17: 0.41503633 | CR17: 0.099319293
A18: Trial | B18: shelf-trial | C18: 46240 | D18: 25 | E18: 0.66041667 | F18: A | G18: 1000 | W18: 0.41503633 | X18: 0.099319293 | CQ18: 0.41503633 | CR18: 0.099319293
A19: Daily | B19: n/a | C19: 46242 | D19: 24.5 | E19: 0.62361111 | F19: A | G19: 1000 | H19: Using as experiment base-set (duplicated for auto-stop-base) as immediately before so maintaining '3 clusters of markers in each corner (4 sets)' and wave technique A as controls | W19: 0.41503633 | X19: 0.099319293 | CQ19: 0.41503633 | CR19: 0.099319293
A20: Trial | B20: auto-stop-1000-base | C20: 46242 | D20: 24.5 | E20: 0.62361111 | F20: A | G20: 1000 | H20: Using daily calibration as base-set (duplicated from 08/08/2026) as immediately before so maintaining '3 clusters of markers in each corner (4 sets)' and wave technique A as controls. Environment unchanged but masked cameras at start of each wand wave to prevent light change impact. Did not set floor plane as just interested in calibration data. Minor mistake in 1000v2 where a camera was still trying to calibrate - didn't notice and had to get up again to fix. Repeated trial for bias check. | I20: Investigate effectiveness of auto-stop and wand frames on calibration health | J20: see calibration notes.md, but rough findings are more frames = faster calibration, longer taken in wand wave, better camera health. auto-stop 2000 = 3m feedback, 2:25 wand wave auto-stop 1500 = 3-5m feedback, 1:57 wand wave auto-stop 1000 = 3-6m feedback, 1:32 wand wave Worth looking at problem camera health specifically as disproprtionate wand wave time spent focused on these auto-stop-2000-v1 has relative camera error (cam 5) | W20: 0.41503633 | X20: 0.099319293 | CQ20: 0.41503633 | CR20: 0.099319293
A21: Trial | B21: auto-stop-2000-v1 | C21: 46242 | D21: 24.5 | E21: 0.63680556 | F21: A | G21: 2000 | W21: 0.41503633 | X21: 0.099319293 | CQ21: 0.41503633 | CR21: 0.099319293
A22: Trial | B22: auto-stop-2000-v2 | C22: 46242 | D22: 24.5 | E22: 0.65625 | F22: A | G22: 2000 | W22: 0.41503633 | X22: 0.099319293 | CQ22: 0.41503633 | CR22: 0.099319293
A23: Trial | B23: auto-stop-1500-v1 | C23: 46242 | D23: 24.5 | E23: 0.65902778 | F23: A | G23: 1500 | W23: 0.41503633 | X23: 0.099319293 | CQ23: 0.41503633 | CR23: 0.099319293
A24: Trial | B24: auto-stop-1500-v2 | C24: 46242 | D24: 24.5 | E24: 0.65902778 | F24: A | G24: 1500 | W24: 0.41503633 | X24: 0.099319293 | CQ24: 0.41503633 | CR24: 0.099319293
A25: Trial | B25: auto-stop-1000-v2 | C25: 46242 | D25: 24.5 | E25: 0.65902778 | F25: A | G25: 1000 | W25: 0.41503633 | X25: 0.099319293 | CQ25: 0.41503633 | CR25: 0.099319293
A26: Trial | B26: auto-stop-1000-v3 | C26: 46242 | D26: 24.5 | E26: 0.68958333 | F26: A | G26: 1000
A27: Daily | B27: n/a | C27: 46244 | D27: 24 | E27: 0.52777778 | F27: D | G27: 1000
A28: Daily | B28: n/a | C28: 46245 | D28: 24 | E28: 0.42777778 | F28: E | G28: 1000 | H28: Markers in 4x cluters of 3 around volume origin (creating a rough box)
A29: Error | B29: didn't-set-volume | C29: 46246 | D29: 24.5 | E29: 0.45277778 | F29: F | G29: 1000 | I29: Calibrated out of daily habit and moved on to wand-wave trial resume before setting origin/plane in volume as wasn't needed, then environment was changed and calibrations were stale
A30: Daily | B30: n/a | C30: 46246 | D30: 25 | E30: 0.61597222 | F30: G | G30: 1000 | H30: Markers in 4x cluters of 3 closely around volume origin (creating a rough box)
A31: Trial | B31: Wand-Wave-A1 | C31: 46245 | D31: 24 | E31: 0.47361111 | F31: A | G31: 1000 | H31: same volume walking strategy out round volume from workstation (walking anticlockwise), walking the exterior before moving inwards and then back outwards to focus on problem/uncalibrated cameras setting mask before each trial to ensure environment isn't changing due to sunlight no floor plane or origin setting - purely interested in camera health manually saving wand wave visual data after calibration & checking 3d perspective for relative calibration | I31: Determine the most effective wand waving technique for camera health & tracking improvement | J31: See markdown notes
A32: Trial | B32: Wand-Wave-A2 | C32: 46245 | D32: 24 | E32: 0.48472222 | F32: A | G32: 1000
A33: Trial | B33: Wand-Wave-A3 | C33: 46245 | D33: 24 | E33: 0.49513889 | F33: A | G33: 1000
A34: Trial | B34: Wand-Wave-A4 | C34: 46246 | D34: 25 | E34: 0.46180556 | F34: A | G34: 1000 | I34: 0.058333333
A35: Trial | B35: Wand-Wave-B1 | C35: 46245 | D35: 24 | E35: 0.52152778 | F35: B | G35: 1000
A36: Trial | B36: Wand-Wave-B2 | C36: 46245 | D36: 24 | E36: 0.52430556 | F36: B | G36: 1000
A37: Trial | B37: Wand-Wave-B3 | C37: 46245 | D37: 24 | E37: 0.56666667 | F37: B | G37: 1000
A38: Trial | B38: Wand-Wave-B4 | C38: 46246 | D38: 25 | E38: 0.46736111 | F38: B | G38: 1000 | I38: 0.065972222
A39: Trial | B39: Wand-Wave-C1 | C39: 46245 | D39: 24 | E39: 0.57430556 | F39: C | G39: 1000
A40: Trial | B40: Wand-Wave-C2 | C40: 46245 | D40: 24 | E40: 0.57777778 | F40: C | G40: 1000
A41: Trial | B41: Wand-Wave-C3 | C41: 46245 | D41: 24 | E41: 0.58263889 | F41: C | G41: 1000
A42: Trial | B42: Wand-Wave-C4 | C42: 46246 | D42: 25 | E42: 0.56875 | F42: C | G42: 1000 | I42: 0.0625
A43: Trial | B43: Wand-Wave-D1 | C43: 46245 | D43: 24 | E43: 0.58680556 | F43: D | G43: 1000
A44: Trial | B44: Wand-Wave-D2 | C44: 46245 | D44: 24 | E44: 0.59027778 | F44: D | G44: 1000
A45: Trial | B45: Wand-Wave-D3 | C45: 46245 | D45: 24 | E45: 0.59305556 | F45: D | G45: 1000
A46: Trial | B46: Wand-Wave-D4 | C46: 46246 | D46: 25 | E46: 0.57430556 | F46: D | G46: 1000 | I46: 0.034722222
A47: Trial | B47: Wand-Wave-E1 | C47: 46245 | D47: 24 | E47: 0.59722222 | F47: E | G47: 1000
A48: Trial | B48: Wand-Wave-E2 | C48: 46245 | D48: 24 | E48: 0.60138889 | F48: E | G48: 1000
A49: Trial | B49: Wand-Wave-E3 | C49: 46245 | D49: 24 | E49: 0.60555556 | F49: E | G49: 1000
A50: Trial | B50: Wand-Wave-E4 | C50: 46246 | D50: 25 | E50: 0.58125 | F50: E | G50: 1000 | I50: 0.046527778
A51: Trial | B51: Wand-Wave-F1 | C51: 46246 | D51: 24.5 | E51: 0.46180556 | F51: F | G51: 1000
A52: Trial | B52: Wand-Wave-F2 | C52: 46246 | D52: 24.5 | E52: 0.46736111 | F52: F | G52: 1000
A53: Trial | B53: Wand-Wave-F3 | C53: 46246 | D53: 24.5 | E53: 0.53333333 | F53: F | G53: 1000 | I53: 0.054166667
A54: Trial | B54: Wand-Wave-F4 | C54: 46246 | D54: 25 | E54: 0.59166667 | F54: F | G54: 1000 | I54: 0.053472222
A55: Trial | B55: Wand-Wave-G1 | C55: 46246 | D55: 25 | E55: 0.54027778 | F55: G | G55: 1000
A56: Trial | B56: Wand-Wave-G2 | C56: 46246 | D56: 25 | E56: 0.54513889 | F56: G | G56: 1000
A57: Trial | B57: Wand-Wave-G3 | C57: 46246 | D57: 25 | E57: 0.55208333 | F57: G | G57: 1000 | I57: 0.053472222
A58: Trial | B58: Wand-Wave-G4 | C58: 46246 | D58: 25 | E58: 0.59791667 | F58: G | G58: 1000 | I58: 0.053472222
A59: Daily | B59: n/a | C59: 46247 | D59: 25.5 | E59: 0.48402778 | F59: F | G59: 1000 | H59: Markers in 4x cluters of 3 further spaced from volume origin (creating a rough box) | I59: daily 13/08
A60: Error | B60: cannot-set-volume | C60: 46248 | D60: 25.5 | E60: 0.48055556 | F60: H | G60: 1000 | H60: New technique utilised after wand wave experiment this week - excellent coverage from wand wave frame data, reasonably quick calibration, but harder on the wrist due to extension of the wand | I60: Error could not set origin, re-attempted | J60: cannot-set-volume
A61: Daily | B61: n/a | C61: 46248 | D61: 25.5 | E61: 0.48055556 | F61: H | G61: 1000 | H61: New technique post wand wave experiment this week - excellent coverage from wand wave frame data, fairly quick calibration, wrist ache (due to wand extension) Had to repeat due to set origin error - used 3 marker method on origin+floor plane | I61: daily 14/08
A62: Daily | B62: pre-calibrate-1 | C62: 46251 | D62: 25 | E62: 0.71805556 | F62: I | G62: 1000 | H62: New technique based on wand wave experiment last week, variation of technique H by 'painting' known volume and working from inside out. Plan to trial refining calibration. 3 marker calibration for origin & plane. | I62: daily 17/08 calibrate 1
A63: Daily | B63: pre-calibrate-2 | C63: 46251 | D63: 25 | E63: 0.72569444 | F63: I | G63: 1000 | H63: No set origin. cal1 to cal2 most improvements, broadly the WE improved #1, #11, #15, #17 all improved - #1/#11 historically bad #12, #18, #6, #9, #2 all worsened - #12 historically good | I63: daily 17/08 calibrate 2
A64: Daily | B64: n/a | C64: 46251 | D64: 25 | E64: 0.73194444 | F64: I | G64: 1000 | H64: No set origin. cal2 to cal3, less improvement #2, #4, #6 all improved #1, #13, #14, #18 all worsened - #1 reversed, previous biggest improvement | I64: daily 17/08 calibrate 3 (n/a)
A65: Daily | B65: n/a | C65: 46252 | D65: 25 | E65: 0.75416667 | F65: I | G65: 1000 | H65: Not attempting recalibration today but did remember to reset calibration today | I65: daily 18/08
A66: Daily | B66: n/a | C66: 46253 | D66: 24.5 | E66: 0.85138889 | F66: D | G66: 1000 | H66: remapped volume yesterday (18/08/2026) - used wand to set origin & 3 markers nearby to set plane | I66: daily 19/08
A67: Error | B67: 20/08-error1 | C67: 46254 | D67: 24.5 | E67: 0.77361111 | F67: E | G67: 1000 | H67: reset calibration - technique is hated by north wall cameras, very slow to calibrate. High body occlusion. Could not extend wand as far as wanted due to technique. Brought new room thermostat - measuring temp at 25.6°C | I67: Camera 9 (SW corner), 13 (W wall), 15 (S wall) & 16 (S wall) were all missing after having calibration reset. These were all bscured by metal shelving and near edge of volume. Note no error for several of the cameras | J67: 20/08-error1
A68: Daily | B68: n/a | C68: 46254 | D68: 24.5 | E68: 0.78680556 | F68: H | G68: 1000 | H68: reset calibration - to set floor plane had to use 9 markers over 3 due to several cameras (behind shelving) not sending rays at them Brought new room thermostat - measuring temp at 25.6°C | I68: daily 28/08
A69: Trial | B69: speed_cam11_slow_1 | C69: 46253 | D69: 24.5 | E69: 0.86041667 | F69: G | G69: 1000 | I69: Determine whether waving the wand faster or slower is better for camera health/calibration | J69: WE/IE ratio shows camera is stable throughout trials - this is a good finding; camera isn't in drift over time it is fixed. Earlier logs show camera #11 as persistent faults (steady, low-variance, consistently above median), but speed trials focused on it look good
A70: Trial | B70: speed_cam11_slow_2 | C70: 46253 | D70: 24.5 | E70: 0.86111111 | F70: G | G70: 1000 | I70: Fast beats slow but not significantly. Using auto-stop so the error difference between fast and slow isn't a frame-count effect, it's wave dynamics from coverage per t, blur/visibility etc To repeat 5-6 reps per condition, with defined wand wave methodology
A71: Trial | B71: speed_cam11_fast_1 | C71: 46253 | D71: 24.5 | E71: 0.8625 | F71: G | G71: 1000
A72: Trial | B72: speed_cam11_fast_2 | C72: 46253 | D72: 24.5 | E72: 0.86111111 | F72: G | G72: 1000
A73: Trial | B73: speed_cam11_slow_3 | C73: 46253 | D73: 24.5 | E73: 0.86180556 | F73: G | G73: 1000
A74: Trial | B74: speed_cam11_fast_3 | C74: 46253 | D74: 24.5 | E74: 0.8625 | F74: G | G74: 1000
A75: Error | B75: no-reset-grayscale-all | C75: 46255 | D75: 0 | E75: 0.82291667 | F75: H | G75: 1000 | H75: 3 markers to set floor plane - no rays captured from specific cameras (15/16/18 on s wall to se corner), however set accurately | I75: Forgot to reset calibration Left greyscale mode all on from doing reflection/preview capturing Temperature missing from this and daily entry | J75: error 21/08
A76: Daily | B76: n/a | C76: 46255 | D76: 0 | E76: 0.82986111 | F76: H | G76: 1000 | H76: 3 markers to set floor plane - no rays captured from specific cameras (15/16/18 on s wall to se corner), however set accurately Temperature note missing | I76: daily 21/08
A77: Trial | B77: reflection-trial-2 | C77: 46255 | D77: 0 | E77: 0.84097222 | F77: H | G77: 1000 | H77: 3 markers to set floor plane - no rays captured from specific cameras (18 on SE corner & 7 on NE corner), different to the daily calibration recording | I77: Shelving removal test repeat | J77: baseline is the same day's daily notes
A78: 0 | C78: 0 | D78: 23 | E78: 0.67291667 | F78: D

Sheet Problem Cameras
A1: Calibrations earlier to 31/07/26 discarded error data & predate error tracking tabs
A2: Camera Bumping Error Count | F2: 12 | H2: 1 | I2: 1 | J2: 4 | L2: 7 | O2: 3 | P2: 8 | R2: 1
A3: Date | B3: Camera by ID | C3: {=LEFT(TRANSPOSE('[1]Data-Lists'!A4:A21), 3)} -> #1 | D3: #2 | E3: #3 | F3: #4 | G3: #5 | H3: #6 | I3: #7 | J3: #8 | K3: #9 | L3: #10 | M3: #11 | N3: #12 | O3: #13 | P3: #14 | Q3: #15 | R3: #16 | S3: #17 | T3: #18
A4: {=_xlfn.UNIQUE(_xlfn._xlws.FILTER([1]Log!$C:$C, ([1]Log!$B:B="n/a") * ([1]Log!$A:$A="Daily")))} -> 46228
A5: 46230 | W5: KEY
A6: 46231 | V6: x | W6: Relative position calibration error
A7: 46232 | W7: Auto-stop straggler
A8: 46233
A9: 46234 | G9: 1 | I9: 2
A10: 46235
A11: 46237 | F11: 1 | G11: 1
A12: 46238
A13: 46239
A14: 46240 | V14: {=_xlfn.TEXTSPLIT("Note: Need to explore earlier: calibrations for relative errors!", , ":")} -> Note
A15: 46242 | G15: 1 | V15: Need to explore earlier
A16: 46244 | V16: calibrations for relative errors!
A17: 46245
A18: 46246
A19: 46247
A20: 46248
A21: 46251
A22: 46252
A23: 46253
A24: 46254
A25: 46255
