Workbook

Sheet WIP
A1: DO NOT USE THIS SPREADSHEET, IT IS DEPRECATED AND KEPT ONLY AS REFERENCE FOR FINAL DATA REPRESENTATIONS
A2: How this workbook works
A4: 1. Log sheet | C4: UPDATE THIS TAB
A5: Each day, add one new row per camera to the table (just type into the row directly below the last one - the table expands automatically). | C5: VERY OUT OF DATE
A6: Columns: Date, Camera, Wand Count, World Error, Image Error.
A7: The Camera column has a dropdown so names stay consistent. | D7: HIDDEN SHEETS
D8: Data-Lists
A9: 2. Daily Summary sheet
A10: Automatically averages World Error and Image Error across all cameras for each date, and counts how many cameras were logged that day (flags red if it isn't 17, so you notice a missed camera). Pre-built with formulas for the next ~150 days - nothing to edit. | D10: Sheets
A11: Chart: average error trend over time, across the whole rig. | D11: Labelling
D12: Log
A13: 3. Camera Trend sheet | D13: Recap Pages | E13: Daily, Trial, Error
A14: Pick a camera from the dropdown in the highlighted cell and its own error history over time appears in the table and chart below. Useful for spotting a camera that's drifting or degrading. | D14: Daily Trends
D15: Daily Performance
A16: 4. Lists sheet | D16: Daily Error Rates
A17: Just holds the camera name list that powers the dropdowns. Hidden by default - unhide it (right-click any sheet tab) if you add or retire a camera. | D17: Problem Cameras
A19: Cells you edit day-to-day are highlighted in pale yellow. Everything else is a formula and updates itself. | D19: Sheets should have own to-dos

Sheet Data-Lists
A1: DO NOT USE THIS SPREADSHEET, IT IS DEPRECATED AND KEPT ONLY AS REFERENCE FOR FINAL DATA REPRESENTATIONS
A2: The spreadsheet relies on this information don't tinker with it if you aren't prepared to fix it afterwards! Bolded entries are hardcoded. Other entries are formulas or lookups.
A3: Camera | B3: Daily Tracking Dates | C3: Key Category | D3: =CONCATENATE("Subkeys (", $C$5, ")") -> Subkeys (Error) | E3: =CONCATENATE("Subkeys (", $C$6, ")") -> Subkeys (Trial) | F3: Wand Wave Type
A4: #1 (Vero v2.2) | B4: {=_xlfn.CHOOSECOLS(_xlfn.UNIQUE(_xlfn._xlws.FILTER(Log!$A:$C,Log!$A:$A="Daily")),3)} -> 46228 | C4: Daily | D4: {=_xlfn._xlws.SORT(_xlfn.UNIQUE(_xlfn._xlws.FILTER(Log!B4:B9963, Log!A4:A9963=C5)))} -> 03/08-error1 | E4: {=_xlfn._xlws.SORT(_xlfn.UNIQUE(_xlfn._xlws.FILTER(Log!B4:B9963, Log!A4:A9963=C6)))} -> auto-stop-1000-base | F4: {=Legend!$G$11:$G51} -> A
A5: #2 (Vero v2.2) | B5: 46230 | C5: Error | D5: 03/08-error2 | E5: auto-stop-1000-v2 | F5: B
A6: #3 (Vero v2.2) | B6: 46231 | C6: Trial | D6: 20/08-error1 | E6: auto-stop-1000-v3 | F6: C
A7: #4 (Vero v2.2) | B7: 46232 | D7: 31/07-error1 | E7: auto-stop-1500-v1 | F7: D
A8: #5 (Vero v2.2) | B8: 46233 | D8: 31/07-error2 | E8: auto-stop-1500-v2 | F8: E
A9: #6 (Vero v2.2) | B9: 46234 | D9: cannot-set-volume | E9: auto-stop-2000-v1 | F9: F
A10: #7 (Vero v2.2) | B10: 46235 | D10: didn't-set-volume | E10: auto-stop-2000-v2 | F10: G
A11: #8 (Vero v2.2) | B11: 46237 | D11: no-reset-grayscale-all | E11: reflection-trial-2 | F11: H
A12: #9 (Vero v2.2) | B12: 46238 | E12: shelf-baseline | F12: I
A13: #10 (Vero v2.2) | B13: 46239 | E13: shelf-trial | F13: 0
A14: #11 (Vero v2.2) | B14: 46240 | E14: speed_cam11_fast_1 | F14: 0
A15: #12 (Vero v2.2) | B15: 46242 | E15: speed_cam11_fast_2 | F15: 0
A16: #13 (Vero v2.2) | B16: 46244 | E16: speed_cam11_fast_3 | F16: 0
A17: #14 (Vero v2.2) | B17: 46245 | E17: speed_cam11_slow_1 | F17: 0
A18: #15 (Vero v2.2) | B18: 46246 | E18: speed_cam11_slow_2 | F18: 0
A19: #16 (Vero v2.2) | B19: 46247 | E19: speed_cam11_slow_3 | F19: 0
A20: #17 (Vero v2.2) | B20: 46248 | E20: Wand-Wave-A1 | F20: 0
A21: #18 (Vero v2.2) | B21: 46251 | E21: Wand-Wave-A2 | F21: 0
B22: 46251 | E22: Wand-Wave-A3 | F22: 0
B23: 46251 | E23: Wand-Wave-A4 | F23: 0
B24: 46252 | E24: Wand-Wave-B1 | F24: 0
B25: 46253 | E25: Wand-Wave-B2 | F25: 0
B26: 46254 | E26: Wand-Wave-B3 | F26: 0
B27: 46255 | E27: Wand-Wave-B4 | F27: 0
E28: Wand-Wave-C1 | F28: 0
E29: Wand-Wave-C2 | F29: 0
E30: Wand-Wave-C3 | F30: 0
E31: Wand-Wave-C4 | F31: 0
E32: Wand-Wave-D1 | F32: 0
E33: Wand-Wave-D2 | F33: 0
E34: Wand-Wave-D3 | F34: 0
E35: Wand-Wave-D4 | F35: 0
E36: Wand-Wave-E1 | F36: 0
E37: Wand-Wave-E2 | F37: 0
E38: Wand-Wave-E3 | F38: 0
E39: Wand-Wave-E4 | F39: 0
... E44: Wand-Wave-G1 | F44: 0
E45: Wand-Wave-G2
E46: Wand-Wave-G3
E47: Wand-Wave-G4

Sheet Legend
A1: DO NOT USE THIS SPREADSHEET, IT IS DEPRECATED AND KEPT ONLY AS REFERENCE FOR FINAL DATA REPRESENTATIONS
A2: Sheet legend to identify the colours and labels used throughout the sheet
B4: Cameras in the INB Robotics/Vicon lab are labelled differently to the Nexus software, I've recorded the differences here. If this ever changes, correct this and keep record for data.
B5: Camera Name | C5: Nexus Software ID | D5: Physical Label | E5: Match | G5: HEADER COLOURS
B6: #1 (Vero v2.2) | C6: 1 | D6: 1 | E6: =IF(C6=D6, "Yes", "No") -> Yes | H6: Data should be input in this column.
B7: #2 (Vero v2.2) | C7: 2 | D7: 2 | E7: =IF(C7=D7, "Yes", "No") -> Yes | H7: Choose data value from dropdown!
B8: #3 (Vero v2.2) | C8: 3 | D8: 4 | E8: =IF(C8=D8, "Yes", "No") -> No | H8: Automatic formula - do not modify this column.
B9: #4 (Vero v2.2) | C9: 4 | D9: 18 | E9: =IF(C9=D9, "Yes", "No") -> No
B10: #5 (Vero v2.2) | C10: 5 | D10: 5 | E10: =IF(C10=D10, "Yes", "No") -> Yes | G10: Wand Techniques (documented by motion capture on 13/08/2026)
B11: #6 (Vero v2.2) | C11: 6 | D11: 6 | E11: =IF(C11=D11, "Yes", "No") -> Yes | G11: A | H11: Waving in figure 8, slowly - as though you're pushing water - pushing downards whilst walking around the room in a square
B12: #7 (Vero v2.2) | C12: 7 | D12: 7 | E12: =IF(C12=D12, "Yes", "No") -> Yes | G12: B | H12: As technique A except - bringing the wand in and out by stretching arm, and stooping/lunging as moving (in order to vary distance from the body)
B13: #8 (Vero v2.2) | C13: 8 | D13: 8 | E13: =IF(C13=D13, "Yes", "No") -> Yes | G13: C | H13: Guidance from active wand v4 (away from body, half circles, facing camera, no turning wand keep parallel to yourself, watch for objects)
B14: #9 (Vero v2.2) | C14: 9 | D14: 14 | E14: =IF(C14=D14, "Yes", "No") -> No | G14: D | H14: Figure 8 with the wand facing up - reccommended by the Vicon trainer during system installation
B15: #10 (Vero v2.2) | C15: 10 | D15: 10 | E15: =IF(C15=D15, "Yes", "No") -> Yes | G15: E | H15: Spinning the wand extended from body (rotating around center 360deg holding wand in middle but spinning it)
B16: #11 (Vero v2.2) | C16: 11 | D16: 11 | E16: =IF(C16=D16, "Yes", "No") -> Yes | G16: F | H16: Wave wand up and down (chopping axe motion, AWIR2 docs)
B17: #12 (Vero v2.2) | C17: 12 | D17: 12 | E17: =IF(C17=D17, "Yes", "No") -> Yes | G17: G | H17: Circling the wand extended from body (hold forward & draw circle, rotating around center 360deg holding handle - full circle vs C semi-circle)
B18: #13 (Vero v2.2) | C18: 13 | D18: 13 | E18: =IF(C18=D18, "Yes", "No") -> Yes | G18: H | H18: New technique after wand wave experiment - not captured yet - per technique D except wider figure 8 and more vertical/horizontal movement, held further away from user body to prevent occlusion.
B19: #14 (Vero v2.2) | C19: 14 | D19: 14 | E19: =IF(C19=D19, "Yes", "No") -> Yes | G19: I | H19: New technique after wand wave experiment - not captured yet - per technique H except attempting to paint space, turning body profile to prevent occlusion, and starting from inside of volume.
B20: #15 (Vero v2.2) | C20: 15 | D20: 15 | E20: =IF(C20=D20, "Yes", "No") -> Yes
B21: #16 (Vero v2.2) | C21: 16 | D21: 16 | E21: =IF(C21=D21, "Yes", "No") -> Yes
B22: #17 (Vero v2.2) | C22: 17 | D22: 3 | E22: =IF(C22=D22, "Yes", "No") -> No
B23: #18 (Vero v2.2) | C23: 18 | D23: 17 | E23: =IF(C23=D23, "Yes", "No") -> No

Sheet Log
A1: DO NOT USE THIS SPREADSHEET, IT IS DEPRECATED AND KEPT ONLY AS REFERENCE FOR FINAL DATA REPRESENTATIONS
A2: Instructions - Input Vicon Nexus error sets after any new calibration. Refer to header key tables for more info. | F2: Error (Camera Entry)
A3: Key 1 (Category) | B3: Key 2 (Precision) | C3: Date | D3: Camera | E3: Frame Count | F3: World Error | G3: Image Error
A4: Daily | B4: n/a | C4: 46228 | D4: #1 (Vero v2.2) | E4: 2306 | F4: 0.274982 | G4: 0.0793568
A5: Daily | B5: n/a | C5: 46228 | D5: #2 (Vero v2.2) | E5: 2392 | F5: 0.421843 | G5: 0.112306
A6: Daily | B6: n/a | C6: 46228 | D6: #3 (Vero v2.2) | E6: 1810 | F6: 0.398584 | G6: 0.0924275
A7: Daily | B7: n/a | C7: 46228 | D7: #4 (Vero v2.2) | E7: 2277 | F7: 0.620036 | G7: 0.121579
A8: Daily | B8: n/a | C8: 46228 | D8: #5 (Vero v2.2) | E8: 2240 | F8: 0.191893 | G8: 0.0443669
A9: Daily | B9: n/a | C9: 46228 | D9: #6 (Vero v2.2) | E9: 2754 | F9: 0.442235 | G9: 0.0899754
A10: Daily | B10: n/a | C10: 46228 | D10: #7 (Vero v2.2) | E10: 3007 | F10: 0.509896 | G10: 0.102799
A11: Daily | B11: n/a | C11: 46228 | D11: #9 (Vero v2.2) | E11: 2832 | F11: 0.395935 | G11: 0.0795796
A12: Daily | B12: n/a | C12: 46228 | D12: #10 (Vero v2.2) | E12: 2120 | F12: 0.499606 | G12: 0.132037
A13: Daily | B13: n/a | C13: 46228 | D13: #11 (Vero v2.2) | E13: 1471 | F13: 0.130593 | G13: 0.0450561
A14: Daily | B14: n/a | C14: 46228 | D14: #12 (Vero v2.2) | E14: 1657 | F14: 0.428371 | G14: 0.140663
A15: Daily | B15: n/a | C15: 46228 | D15: #13 (Vero v2.2) | E15: 1007 | F15: 0.168386 | G15: 0.0424158
... A1028: Trial | B1028: Wand-Wave-G4 | C1028: 46246 | D1028: #18 (Vero v2.2) | E1028: 1442 | F1028: 0.431939 | G1028: 0.083982
A1029: Daily | B1029: =IF($A1029="Daily", "n/a", "") -> n/a | C1029: 46247 | D1029: #1 (Vero v2.2) | E1029: 2333 | F1029: 0.405133 | G1029: 0.113922
A1030: Daily | B1030: =IF($A1030="Daily", "n/a", "") -> n/a | C1030: 46247 | D1030: #2 (Vero v2.2) | E1030: 1823 | F1030: 0.45546 | G1030: 0.120023
A1031: Daily | B1031: =IF($A1031="Daily", "n/a", "") -> n/a | C1031: 46247 | D1031: #3 (Vero v2.2) | E1031: 1149 | F1031: 0.377453 | G1031: 0.0885529
A1032: Daily | B1032: =IF($A1032="Daily", "n/a", "") -> n/a | C1032: 46247 | D1032: #4 (Vero v2.2) | E1032: 1864 | F1032: 0.450706 | G1032: 0.0891205
A1033: Daily | B1033: =IF($A1033="Daily", "n/a", "") -> n/a | C1033: 46247 | D1033: #5 (Vero v2.2) | E1033: 1421 | F1033: 0.217182 | G1033: 0.0516624
A1034: Daily | B1034: =IF($A1034="Daily", "n/a", "") -> n/a | C1034: 46247 | D1034: #6 (Vero v2.2) | E1034: 1542 | F1034: 0.353803 | G1034: 0.0743878
A1035: Daily | B1035: =IF($A1035="Daily", "n/a", "") -> n/a | C1035: 46247 | D1035: #7 (Vero v2.2) | E1035: 1458 | F1035: 0.353749 | G1035: 0.07398
A1036: Daily | B1036: =IF($A1036="Daily", "n/a", "") -> n/a | C1036: 46247 | D1036: #8 (Vero v2.2) | E1036: 1092 | F1036: 0.182155 | G1036: 0.0552003
A1037: Daily | B1037: =IF($A1037="Daily", "n/a", "") -> n/a | C1037: 46247 | D1037: #9 (Vero v2.2) | E1037: 2428 | F1037: 0.536396 | G1037: 0.104331
A1038: Daily | B1038: =IF($A1038="Daily", "n/a", "") -> n/a | C1038: 46247 | D1038: #10 (Vero v2.2) | E1038: 1369 | F1038: 0.388751 | G1038: 0.105559
A1039: Daily | B1039: =IF($A1039="Daily", "n/a", "") -> n/a | C1039: 46247 | D1039: #11 (Vero v2.2) | E1039: 1535 | F1039: 0.381734 | G1039: 0.12531
A1040: Daily | B1040: =IF($A1040="Daily", "n/a", "") -> n/a | C1040: 46247 | D1040: #12 (Vero v2.2) | E1040: 2256 | F1040: 0.18396 | G1040: 0.0566614
... A1046: Daily | B1046: =IF($A1046="Daily", "n/a", "") -> n/a | C1046: 46247 | D1046: #18 (Vero v2.2) | E1046: 1133 | F1046: 0.37192 | G1046: 0.0748058
A1047: Error | B1047: cannot-set-volume | C1047: 46248 | D1047: #1 (Vero v2.2) | E1047: 1484 | F1047: 0.514719 | G1047: 0.144732
A1048: Error | B1048: cannot-set-volume | C1048: 46248 | D1048: #2 (Vero v2.2) | E1048: 1290 | F1048: 0.517445 | G1048: 0.136305
A1049: Error | B1049: cannot-set-volume | C1049: 46248 | D1049: #3 (Vero v2.2) | E1049: 1093 | F1049: 0.503747 | G1049: 0.11812
A1050: Error | B1050: cannot-set-volume | C1050: 46248 | D1050: #4 (Vero v2.2) | E1050: 1834 | F1050: 0.473553 | G1050: 0.0936151
A1051: Error | B1051: cannot-set-volume | C1051: 46248 | D1051: #5 (Vero v2.2) | E1051: 1247 | F1051: 0.305897 | G1051: 0.072731
A1052: Error | B1052: cannot-set-volume | C1052: 46248 | D1052: #6 (Vero v2.2) | E1052: 1230 | F1052: 0.418566 | G1052: 0.0880348
A1053: Error | B1053: cannot-set-volume | C1053: 46248 | D1053: #7 (Vero v2.2) | E1053: 1058 | F1053: 0.451663 | G1053: 0.0944804
A1054: Error | B1054: cannot-set-volume | C1054: 46248 | D1054: #8 (Vero v2.2) | E1054: 1367 | F1054: 0.216456 | G1054: 0.065589
A1055: Error | B1055: cannot-set-volume | C1055: 46248 | D1055: #9 (Vero v2.2) | E1055: 1961 | F1055: 0.61155 | G1055: 0.118918
A1056: Error | B1056: cannot-set-volume | C1056: 46248 | D1056: #10 (Vero v2.2) | E1056: 2148 | F1056: 0.393646 | G1056: 0.106936
A1057: Error | B1057: cannot-set-volume | C1057: 46248 | D1057: #11 (Vero v2.2) | E1057: 1200 | F1057: 0.3096 | G1057: 0.101543
A1058: Error | B1058: cannot-set-volume | C1058: 46248 | D1058: #12 (Vero v2.2) | E1058: 1803 | F1058: 0.483261 | G1058: 0.148862
... A1064: Error | B1064: cannot-set-volume | C1064: 46248 | D1064: #18 (Vero v2.2) | E1064: 1119 | F1064: 0.447005 | G1064: 0.0899054
A1065: Daily | B1065: =IF($A1065="Daily", "n/a", "") -> n/a | C1065: 46248 | D1065: #1 (Vero v2.2) | E1065: 1899 | F1065: 0.431875 | G1065: 0.121454
A1066: Daily | B1066: =IF($A1066="Daily", "n/a", "") -> n/a | C1066: 46248 | D1066: #2 (Vero v2.2) | E1066: 1509 | F1066: 0.407267 | G1066: 0.107267
A1067: Daily | B1067: =IF($A1067="Daily", "n/a", "") -> n/a | C1067: 46248 | D1067: #3 (Vero v2.2) | E1067: 1159 | F1067: 0.444347 | G1067: 0.104221
A1068: Daily | B1068: =IF($A1068="Daily", "n/a", "") -> n/a | C1068: 46248 | D1068: #4 (Vero v2.2) | E1068: 1721 | F1068: 0.458926 | G1068: 0.090715
A1069: Daily | B1069: =IF($A1069="Daily", "n/a", "") -> n/a | C1069: 46248 | D1069: #5 (Vero v2.2) | E1069: 1370 | F1069: 0.290202 | G1069: 0.0690103
A1070: Daily | B1070: =IF($A1070="Daily", "n/a", "") -> n/a | C1070: 46248 | D1070: #6 (Vero v2.2) | E1070: 1316 | F1070: 0.482379 | G1070: 0.101456
A1071: Daily | B1071: =IF($A1071="Daily", "n/a", "") -> n/a | C1071: 46248 | D1071: #7 (Vero v2.2) | E1071: 1162 | F1071: 0.503863 | G1071: 0.10539
A1072: Daily | B1072: =IF($A1072="Daily", "n/a", "") -> n/a | C1072: 46248 | D1072: #8 (Vero v2.2) | E1072: 1310 | F1072: 0.267051 | G1072: 0.0809096
A1073: Daily | B1073: =IF($A1073="Daily", "n/a", "") -> n/a | C1073: 46248 | D1073: #9 (Vero v2.2) | E1073: 2288 | F1073: 0.450825 | G1073: 0.0876679
A1074: Daily | B1074: =IF($A1074="Daily", "n/a", "") -> n/a | C1074: 46248 | D1074: #10 (Vero v2.2) | E1074: 1848 | F1074: 0.332443 | G1074: 0.0902964
A1075: Daily | B1075: =IF($A1075="Daily", "n/a", "") -> n/a | C1075: 46248 | D1075: #11 (Vero v2.2) | E1075: 1451 | F1075: 0.369691 | G1075: 0.121264
A1076: Daily | B1076: =IF($A1076="Daily", "n/a", "") -> n/a | C1076: 46248 | D1076: #12 (Vero v2.2) | E1076: 2023 | F1076: 0.294224 | G1076: 0.0905991
... A1082: Daily | B1082: =IF($A1082="Daily", "n/a", "") -> n/a | C1082: 46248 | D1082: #18 (Vero v2.2) | E1082: 1311 | F1082: 0.397631 | G1082: 0.0799717
A1083: Daily | B1083: pre-calibrate-1 | C1083: 46251 | D1083: #1 (Vero v2.2) | E1083: 2066 | F1083: 0.504052 | G1083: 0.141713
A1084: Daily | B1084: pre-calibrate-1 | C1084: 46251 | D1084: #2 (Vero v2.2) | E1084: 1635 | F1084: 0.428837 | G1084: 0.112932
A1085: Daily | B1085: pre-calibrate-1 | C1085: 46251 | D1085: #3 (Vero v2.2) | E1085: 1376 | F1085: 0.583864 | G1085: 0.136906
A1086: Daily | B1086: pre-calibrate-1 | C1086: 46251 | D1086: #4 (Vero v2.2) | E1086: 1683 | F1086: 0.617988 | G1086: 0.122215
A1087: Daily | B1087: pre-calibrate-1 | C1087: 46251 | D1087: #5 (Vero v2.2) | E1087: 1548 | F1087: 0.395363 | G1087: 0.0940006
A1088: Daily | B1088: pre-calibrate-1 | C1088: 46251 | D1088: #6 (Vero v2.2) | E1088: 1307 | F1088: 0.546041 | G1088: 0.114838
A1089: Daily | B1089: pre-calibrate-1 | C1089: 46251 | D1089: #7 (Vero v2.2) | E1089: 1264 | F1089: 0.537375 | G1089: 0.112399
A1090: Daily | B1090: pre-calibrate-1 | C1090: 46251 | D1090: #8 (Vero v2.2) | E1090: 1286 | F1090: 0.270739 | G1090: 0.0820053
A1091: Daily | B1091: pre-calibrate-1 | C1091: 46251 | D1091: #9 (Vero v2.2) | E1091: 1808 | F1091: 0.572587 | G1091: 0.111369
A1092: Daily | B1092: pre-calibrate-1 | C1092: 46251 | D1092: #10 (Vero v2.2) | E1092: 1982 | F1092: 0.421 | G1092: 0.11437
A1093: Daily | B1093: pre-calibrate-1 | C1093: 46251 | D1093: #11 (Vero v2.2) | E1093: 1566 | F1093: 0.552389 | G1093: 0.181154
A1094: Daily | B1094: pre-calibrate-1 | C1094: 46251 | D1094: #12 (Vero v2.2) | E1094: 2127 | F1094: 0.26757 | G1094: 0.0823679
... A1118: Daily | B1118: pre-calibrate-2 | C1118: 46251 | D1118: #18 (Vero v2.2) | E1118: 1111 | F1118: 0.582887 | G1118: 0.117351
A1119: Daily | B1119: =IF($A1119="Daily", "n/a", "") -> n/a | C1119: 46251 | D1119: #1 (Vero v2.2) | E1119: 2242 | F1119: 0.398567 | G1119: 0.112145
A1120: Daily | B1120: =IF($A1120="Daily", "n/a", "") -> n/a | C1120: 46251 | D1120: #2 (Vero v2.2) | E1120: 1709 | F1120: 0.36161 | G1120: 0.0953259
A1121: Daily | B1121: =IF($A1121="Daily", "n/a", "") -> n/a | C1121: 46251 | D1121: #3 (Vero v2.2) | E1121: 1583 | F1121: 0.48918 | G1121: 0.114796
A1122: Daily | B1122: =IF($A1122="Daily", "n/a", "") -> n/a | C1122: 46251 | D1122: #4 (Vero v2.2) | E1122: 1974 | F1122: 0.528107 | G1122: 0.104508
A1123: Daily | B1123: =IF($A1123="Daily", "n/a", "") -> n/a | C1123: 46251 | D1123: #5 (Vero v2.2) | E1123: 1672 | F1123: 0.354971 | G1123: 0.0844692
A1124: Daily | B1124: =IF($A1124="Daily", "n/a", "") -> n/a | C1124: 46251 | D1124: #6 (Vero v2.2) | E1124: 1670 | F1124: 0.53395 | G1124: 0.11239
A1125: Daily | B1125: =IF($A1125="Daily", "n/a", "") -> n/a | C1125: 46251 | D1125: #7 (Vero v2.2) | E1125: 1457 | F1125: 0.51797 | G1125: 0.108448
A1126: Daily | B1126: =IF($A1126="Daily", "n/a", "") -> n/a | C1126: 46251 | D1126: #8 (Vero v2.2) | E1126: 1754 | F1126: 0.290235 | G1126: 0.0879742
A1127: Daily | B1127: =IF($A1127="Daily", "n/a", "") -> n/a | C1127: 46251 | D1127: #9 (Vero v2.2) | E1127: 1608 | F1127: 0.488223 | G1127: 0.0950404
A1128: Daily | B1128: =IF($A1128="Daily", "n/a", "") -> n/a | C1128: 46251 | D1128: #10 (Vero v2.2) | E1128: 2311 | F1128: 0.343218 | G1128: 0.0932962
A1129: Daily | B1129: =IF($A1129="Daily", "n/a", "") -> n/a | C1129: 46251 | D1129: #11 (Vero v2.2) | E1129: 1723 | F1129: 0.356199 | G1129: 0.116948
A1130: Daily | B1130: =IF($A1130="Daily", "n/a", "") -> n/a | C1130: 46251 | D1130: #12 (Vero v2.2) | E1130: 2320 | F1130: 0.315903 | G1130: 0.0973378
... A1136: Daily | B1136: =IF($A1136="Daily", "n/a", "") -> n/a | C1136: 46251 | D1136: #18 (Vero v2.2) | E1136: 1423 | F1136: 0.597776 | G1136: 0.120329
A1137: Daily | B1137: n/a | C1137: 46252 | D1137: #1 (Vero v2.2) | E1137: 2683 | F1137: 0.412922 | G1137: 0.116243
A1138: Daily | B1138: n/a | C1138: 46252 | D1138: #2 (Vero v2.2) | E1138: 2063 | F1138: 0.435645 | G1138: 0.114894
A1139: Daily | B1139: n/a | C1139: 46252 | D1139: #3 (Vero v2.2) | E1139: 1393 | F1139: 0.51256 | G1139: 0.120318
A1140: Daily | B1140: n/a | C1140: 46252 | D1140: #4 (Vero v2.2) | E1140: 1839 | F1140: 0.646754 | G1140: 0.127978
A1141: Daily | B1141: n/a | C1141: 46252 | D1141: #5 (Vero v2.2) | E1141: 1875 | F1141: 0.367645 | G1141: 0.0875303
A1142: Daily | B1142: n/a | C1142: 46252 | D1142: #6 (Vero v2.2) | E1142: 1426 | F1142: 0.551232 | G1142: 0.116083
A1143: Daily | B1143: n/a | C1143: 46252 | D1143: #7 (Vero v2.2) | E1143: 1230 | F1143: 0.63231 | G1143: 0.132432
A1144: Daily | B1144: n/a | C1144: 46252 | D1144: #8 (Vero v2.2) | E1144: 1745 | F1144: 0.232436 | G1144: 0.0704499
A1145: Daily | B1145: n/a | C1145: 46252 | D1145: #9 (Vero v2.2) | E1145: 2642 | F1145: 0.491198 | G1145: 0.0956225
A1146: Daily | B1146: n/a | C1146: 46252 | D1146: #10 (Vero v2.2) | E1146: 2179 | F1146: 0.347899 | G1146: 0.0945627
A1147: Daily | B1147: n/a | C1147: 46252 | D1147: #11 (Vero v2.2) | E1147: 2320 | F1147: 0.411211 | G1147: 0.135014
A1148: Daily | B1148: n/a | C1148: 46252 | D1148: #12 (Vero v2.2) | E1148: 2710 | F1148: 0.296813 | G1148: 0.0914292
... A1180: Error | B1180: 20/08-error1 | C1180: 46254 | D1180: #8 (Vero v2.2) | E1180: 1360 | F1180: 0.222844 | G1180: 0.0873469
A1181: Error | B1181: 20/08-error1 | C1181: 46254 | D1181: #9 (Vero v2.2) | E1181: 2042
A1182: Error | B1182: 20/08-error1 | C1182: 46254 | D1182: #10 (Vero v2.2) | E1182: 1529 | F1182: 0.305641 | G1182: 0.074232
A1183: Error | B1183: 20/08-error1 | C1183: 46254 | D1183: #11 (Vero v2.2) | E1183: 1005 | F1183: 0.174795 | G1183: 0.050874
A1184: Error | B1184: 20/08-error1 | C1184: 46254 | D1184: #12 (Vero v2.2) | E1184: 1227 | F1184: 0.738219 | G1184: 0.177293
A1185: Error | B1185: 20/08-error1 | C1185: 46254 | D1185: #13 (Vero v2.2) | E1185: 1276
A1186: Error | B1186: 20/08-error1 | C1186: 46254 | D1186: #14 (Vero v2.2) | E1186: 1231 | F1186: 0.264012 | G1186: 0.0874356
...

Sheet Daily IE
A1: DO NOT USE THIS SPREADSHEET, IT IS DEPRECATED AND KEPT ONLY AS REFERENCE FOR FINAL DATA REPRESENTATIONS
A2: Date | B2: Median | C2: This grid (below) records flat image error (IE) per camera, the grid to the right records (camera IE/session median) and highlights outliers (2.5x spread from median ratio) | U2: Parameters (Recorded from WE sheet) | W2: =_xlfn.QUARTILE.INC(W6:W201,3)-_xlfn.QUARTILE.INC(W6:W201,1) -> 0.28301409 | X2: =_xlfn.QUARTILE.INC(X6:X201,3)-_xlfn.QUARTILE.INC(X6:X201,1) -> 0.18719346 | Y2: =_xlfn.QUARTILE.INC(Y6:Y201,3)-_xlfn.QUARTILE.INC(Y6:Y201,1) -> 0.14568575 | Z2: =_xlfn.QUARTILE.INC(Z6:Z201,3)-_xlfn.QUARTILE.INC(Z6:Z201,1) -> 0.17077196 | AA2: =_xlfn.QUARTILE.INC(AA6:AA201,3)-_xlfn.QUARTILE.INC(AA6:AA201,1) -> 0.19233957 | AB2: =_xlfn.QUARTILE.INC(AB6:AB201,3)-_xlfn.QUARTILE.INC(AB6:AB201,1) -> 0.14783131 | AC2: =_xlfn.QUARTILE.INC(AC6:AC201,3)-_xlfn.QUARTILE.INC(AC6:AC201,1) -> 0.13626575 | AD2: =_xlfn.QUARTILE.INC(AD6:AD201,3)-_xlfn.QUARTILE.INC(AD6:AD201,1) -> 0.2787191 | ... AN2: =_xlfn.QUARTILE.INC(AN6:AN201,3)-_xlfn.QUARTILE.INC(AN6:AN201,1) -> 0.25907142
C3: {=MEDIAN(_xlfn._xlws.FILTER(C$6:C$302, ISNUMBER(C$6:C$302)))} -> 0.108634 | D3: {=MEDIAN(_xlfn._xlws.FILTER(D$6:D$302, ISNUMBER(D$6:D$302)))} -> 0.111233 | E3: {=MEDIAN(_xlfn._xlws.FILTER(E$6:E$302, ISNUMBER(E$6:E$302)))} -> 0.113829 | F3: {=MEDIAN(_xlfn._xlws.FILTER(F$6:F$302, ISNUMBER(F$6:F$302)))} -> 0.1103125 | G3: {=MEDIAN(_xlfn._xlws.FILTER(G$6:G$302, ISNUMBER(G$6:G$302)))} -> 0.07170265 | H3: {=MEDIAN(_xlfn._xlws.FILTER(H$6:H$302, ISNUMBER(H$6:H$302)))} -> 0.09796465 | I3: {=MEDIAN(_xlfn._xlws.FILTER(I$6:I$302, ISNUMBER(I$6:I$302)))} -> 0.1021595 | J3: {=MEDIAN(_xlfn._xlws.FILTER(J$6:J$302, ISNUMBER(J$6:J$302)))} -> 0.0724495 | ... T3: {=MEDIAN(_xlfn._xlws.FILTER(T$6:T$302, ISNUMBER(T$6:T$302)))} -> 0.10575 | W3: Spread above Baselines below | X3: Session Ratio Grid (by Median) Captures whether a particular session or camera was misperforming by dividing image error by the median | AN3: Spread above Baselines below
B4: Camera | C4: {=TRANSPOSE('Data-Lists'!$A$4:$A$21)} -> #1 (Vero v2.2) | D4: #2 (Vero v2.2) | E4: #3 (Vero v2.2) | F4: #4 (Vero v2.2) | G4: #5 (Vero v2.2) | H4: #6 (Vero v2.2) | I4: #7 (Vero v2.2) | J4: #8 (Vero v2.2) | K4: #9 (Vero v2.2) | L4: #10 (Vero v2.2) | M4: #11 (Vero v2.2) | N4: #12 (Vero v2.2) | O4: #13 (Vero v2.2) | P4: #14 (Vero v2.2) | Q4: #15 (Vero v2.2) | R4: #16 (Vero v2.2) | S4: #17 (Vero v2.2) | T4: #18 (Vero v2.2) | W4: =MEDIAN(W6:W202) -> 1.1165315 | X4: =MEDIAN(X6:X202) -> 1.1609111 | Y4: =MEDIAN(Y6:Y202) -> 1.1860317 | Z4: =MEDIAN(Z6:Z202) -> 1.1629962 | AA4: =MEDIAN(AA6:AA202) -> 0.79586558 | AB4: =MEDIAN(AB6:AB202) -> 1.0164964 | AC4: =MEDIAN(AC6:AC202) -> 1.0799218 | AD4: =MEDIAN(AD6:AD202) -> 0.84386403 | ... AN4: =MEDIAN(AN6:AN202) -> 1.1608232
B5: Session Median | C5: =VALUE(RIGHT(LEFT(C$4,3),2)) -> 1 | D5: =VALUE(RIGHT(LEFT(D$4,3),2)) -> 2 | E5: =VALUE(RIGHT(LEFT(E$4,3),2)) -> 3 | F5: =VALUE(RIGHT(LEFT(F$4,3),2)) -> 4 | G5: =VALUE(RIGHT(LEFT(G$4,3),2)) -> 5 | H5: =VALUE(RIGHT(LEFT(H$4,3),2)) -> 6 | I5: =VALUE(RIGHT(LEFT(I$4,3),2)) -> 7 | J5: =VALUE(RIGHT(LEFT(J$4,3),2)) -> 8 | ... T5: =VALUE(RIGHT(LEFT(T$4,3),2)) -> 18 | U5: Technique | V5: Auto-Stop | W5: =_xlfn.CONCAT("Cam ", LEFT(C$4,3)) -> Cam #1 | X5: =_xlfn.CONCAT("Cam ", LEFT(D$4,3)) -> Cam #2 | Y5: =_xlfn.CONCAT("Cam ", LEFT(E$4,3)) -> Cam #3 | Z5: =_xlfn.CONCAT("Cam ", LEFT(F$4,3)) -> Cam #4 | AA5: =_xlfn.CONCAT("Cam ", LEFT(G$4,3)) -> Cam #5 | AB5: =_xlfn.CONCAT("Cam ", LEFT(H$4,3)) -> Cam #6 | AC5: =_xlfn.CONCAT("Cam ", LEFT(I$4,3)) -> Cam #7 | AD5: =_xlfn.CONCAT("Cam ", LEFT(J$4,3)) -> Cam #8 | ... AN5: =_xlfn.CONCAT("Cam ", LEFT(T$4,3)) -> Cam #18 | AO5: Sanity
A6: {=_xlfn.UNIQUE(_xlfn._xlws.FILTER(Log!$C:$C, (Log!$B:B="n/a") * (Log!$A:$A="Daily")))} -> 46228 | B6: =IF($A6<>"", MEDIAN($C6:$T6), "") -> 0.0924275 | C6: {=IF($A6<>"", IFERROR(_xlfn._xlws.FILTER(Log!$G:$G, (Log!$A:$A="Daily") * (Log!$C:$C=$A6) * (Log!$D:$D=C$4)), "Unknown"), "")} -> 0.0793568 | D6: {=IF($A6<>"", IFERROR(_xlfn._xlws.FILTER(Log!$G:$G, (Log!$A:$A="Daily") * (Log!$C:$C=$A6) * (Log!$D:$D=D$4)), "Unknown"), "")} -> 0.112306 | E6: {=IF($A6<>"", IFERROR(_xlfn._xlws.FILTER(Log!$G:$G, (Log!$A:$A="Daily") * (Log!$C:$C=$A6) * (Log!$D:$D=E$4)), "Unknown"), "")} -> 0.0924275 | F6: {=IF($A6<>"", IFERROR(_xlfn._xlws.FILTER(Log!$G:$G, (Log!$A:$A="Daily") * (Log!$C:$C=$A6) * (Log!$D:$D=F$4)), "Unknown"), "")} -> 0.121579 | G6: {=IF($A6<>"", IFERROR(_xlfn._xlws.FILTER(Log!$G:$G, (Log!$A:$A="Daily") * (Log!$C:$C=$A6) * (Log!$D:$D=G$4)), "Unknown"), "")} -> 0.0443669 | H6: {=IF($A6<>"", IFERROR(_xlfn._xlws.FILTER(Log!$G:$G, (Log!$A:$A="Daily") * (Log!$C:$C=$A6) * (Log!$D:$D=H$4)), "Unknown"), "")} -> 0.0899754 | I6: {=IF($A6<>"", IFERROR(_xlfn._xlws.FILTER(Log!$G:$G, (Log!$A:$A="Daily") * (Log!$C:$C=$A6) * (Log!$D:$D=I$4)), "Unknown"), "")} -> 0.102799 | J6: {=IF($A6<>"", IFERROR(_xlfn._xlws.FILTER(Log!$G:$G, (Log!$A:$A="Daily") * (Log!$C:$C=$A6) * (Log!$D:$D=J$4)), "Unknown"), "")} -> Unknown | ... T6: {=IF($A6<>"", IFERROR(_xlfn._xlws.FILTER(Log!$G:$G, (Log!$A:$A="Daily") * (Log!$C:$C=$A6) * (Log!$D:$D=T$4)), "Unknown"), "")} -> 0.109931 | U6: {=_xlfn._xlws.FILTER('Daily WE'!F:F, ('Daily WE'!$B:$B="n/a") * ('Daily WE'!$C:$C ='Daily IE'!$A6))} -> A | V6: {=_xlfn._xlws.FILTER('Daily WE'!G:G, ('Daily WE'!$B:$B="n/a") * ('Daily WE'!$C:$C ='Daily IE'!$A6))} -> 1000 | W6: =IF(ISBLANK($A6), "", IF(ISNUMBER(C6), C6/$B6, "Unknown")) -> 0.8585843 | X6: =IF(ISBLANK($A6), "", IF(ISNUMBER(D6), D6/$B6, "Unknown")) -> 1.2150713 | Y6: =IF(ISBLANK($A6), "", IF(ISNUMBER(E6), E6/$B6, "Unknown")) -> 1 | Z6: =IF(ISBLANK($A6), "", IF(ISNUMBER(F6), F6/$B6, "Unknown")) -> 1.3153986 | AA6: =IF(ISBLANK($A6), "", IF(ISNUMBER(G6), G6/$B6, "Unknown")) -> 0.48001839 | AB6: =IF(ISBLANK($A6), "", IF(ISNUMBER(H6), H6/$B6, "Unknown")) -> 0.97347002 | AC6: =IF(ISBLANK($A6), "", IF(ISNUMBER(I6), I6/$B6, "Unknown")) -> 1.1122123 | AD6: =IF(ISBLANK($A6), "", IF(ISNUMBER(J6), J6/$B6, "Unknown")) -> Unknown | ... AN6: =IF(ISBLANK($A6), "", IF(ISNUMBER(T6), T6/$B6, "Unknown")) -> 1.1893755 | AO6: =IF(ISBLANK(U6), "", IF(ISNUMBER(U6), U6/$B6, "Unknown")) -> Unknown
A7: 46230 | B7: =IF($A7<>"", MEDIAN($C7:$T7), "") -> 0.0959111 | C7: {=IF($A7<>"", IFERROR(_xlfn._xlws.FILTER(Log!$G:$G, (Log!$A:$A="Daily") * (Log!$C:$C=$A7) * (Log!$D:$D=C$4)), "Unknown"), "")} -> 0.10861 | D7: {=IF($A7<>"", IFERROR(_xlfn._xlws.FILTER(Log!$G:$G, (Log!$A:$A="Daily") * (Log!$C:$C=$A7) * (Log!$D:$D=D$4)), "Unknown"), "")} -> 0.10678 | E7: {=IF($A7<>"", IFERROR(_xlfn._xlws.FILTER(Log!$G:$G, (Log!$A:$A="Daily") * (Log!$C:$C=$A7) * (Log!$D:$D=E$4)), "Unknown"), "")} -> 0.0987412 | F7: {=IF($A7<>"", IFERROR(_xlfn._xlws.FILTER(Log!$G:$G, (Log!$A:$A="Daily") * (Log!$C:$C=$A7) * (Log!$D:$D=F$4)), "Unknown"), "")} -> 0.120907 | G7: {=IF($A7<>"", IFERROR(_xlfn._xlws.FILTER(Log!$G:$G, (Log!$A:$A="Daily") * (Log!$C:$C=$A7) * (Log!$D:$D=G$4)), "Unknown"), "")} -> 0.0670923 | H7: {=IF($A7<>"", IFERROR(_xlfn._xlws.FILTER(Log!$G:$G, (Log!$A:$A="Daily") * (Log!$C:$C=$A7) * (Log!$D:$D=H$4)), "Unknown"), "")} -> 0.0736085 | I7: {=IF($A7<>"", IFERROR(_xlfn._xlws.FILTER(Log!$G:$G, (Log!$A:$A="Daily") * (Log!$C:$C=$A7) * (Log!$D:$D=I$4)), "Unknown"), "")} -> 0.076716 | J7: {=IF($A7<>"", IFERROR(_xlfn._xlws.FILTER(Log!$G:$G, (Log!$A:$A="Daily") * (Log!$C:$C=$A7) * (Log!$D:$D=J$4)), "Unknown"), "")} -> 0.0491185 | ... T7: {=IF($A7<>"", IFERROR(_xlfn._xlws.FILTER(Log!$G:$G, (Log!$A:$A="Daily") * (Log!$C:$C=$A7) * (Log!$D:$D=T$4)), "Unknown"), "")} -> 0.114508 | U7: {=_xlfn._xlws.FILTER('Daily WE'!F:F, ('Daily WE'!$B:$B="n/a") * ('Daily WE'!$C:$C ='Daily IE'!$A7))} -> A | V7: {=_xlfn._xlws.FILTER('Daily WE'!G:G, ('Daily WE'!$B:$B="n/a") * ('Daily WE'!$C:$C ='Daily IE'!$A7))} -> 1000 | W7: =IF(ISBLANK($A7), "", IF(ISNUMBER(C7), C7/$B7, "Unknown")) -> 1.1324028 | X7: =IF(ISBLANK($A7), "", IF(ISNUMBER(D7), D7/$B7, "Unknown")) -> 1.1133226 | Y7: =IF(ISBLANK($A7), "", IF(ISNUMBER(E7), E7/$B7, "Unknown")) -> 1.0295075 | Z7: =IF(ISBLANK($A7), "", IF(ISNUMBER(F7), F7/$B7, "Unknown")) -> 1.2606153 | AA7: =IF(ISBLANK($A7), "", IF(ISNUMBER(G7), G7/$B7, "Unknown")) -> 0.69952592 | AB7: =IF(ISBLANK($A7), "", IF(ISNUMBER(H7), H7/$B7, "Unknown")) -> 0.76746591 | AC7: =IF(ISBLANK($A7), "", IF(ISNUMBER(I7), I7/$B7, "Unknown")) -> 0.79986571 | AD7: =IF(ISBLANK($A7), "", IF(ISNUMBER(J7), J7/$B7, "Unknown")) -> 0.51212529 | ... AN7: =IF(ISBLANK($A7), "", IF(ISNUMBER(T7), T7/$B7, "Unknown")) -> 1.1938973 | AO7: {=MEDIAN(_xlfn._xlws.FILTER($W$6:$AN$6,($W$6:$AN$6<>"Unknown")))} -> 1
A8: 46231 | B8: =IF($A8<>"", MEDIAN($C8:$T8), "") -> 0.07986075 | C8: {=IF($A8<>"", IFERROR(_xlfn._xlws.FILTER(Log!$G:$G, (Log!$A:$A="Daily") * (Log!$C:$C=$A8) * (Log!$D:$D=C$4)), "Unknown"), "")} -> 0.0919579 | D8: {=IF($A8<>"", IFERROR(_xlfn._xlws.FILTER(Log!$G:$G, (Log!$A:$A="Daily") * (Log!$C:$C=$A8) * (Log!$D:$D=D$4)), "Unknown"), "")} -> 0.146714 | E8: {=IF($A8<>"", IFERROR(_xlfn._xlws.FILTER(Log!$G:$G, (Log!$A:$A="Daily") * (Log!$C:$C=$A8) * (Log!$D:$D=E$4)), "Unknown"), "")} -> 0.081952 | F8: {=IF($A8<>"", IFERROR(_xlfn._xlws.FILTER(Log!$G:$G, (Log!$A:$A="Daily") * (Log!$C:$C=$A8) * (Log!$D:$D=F$4)), "Unknown"), "")} -> 0.109685 | G8: {=IF($A8<>"", IFERROR(_xlfn._xlws.FILTER(Log!$G:$G, (Log!$A:$A="Daily") * (Log!$C:$C=$A8) * (Log!$D:$D=G$4)), "Unknown"), "")} -> 0.0777695 | H8: {=IF($A8<>"", IFERROR(_xlfn._xlws.FILTER(Log!$G:$G, (Log!$A:$A="Daily") * (Log!$C:$C=$A8) * (Log!$D:$D=H$4)), "Unknown"), "")} -> 0.0841181 | I8: {=IF($A8<>"", IFERROR(_xlfn._xlws.FILTER(Log!$G:$G, (Log!$A:$A="Daily") * (Log!$C:$C=$A8) * (Log!$D:$D=I$4)), "Unknown"), "")} -> 0.0892071 | J8: {=IF($A8<>"", IFERROR(_xlfn._xlws.FILTER(Log!$G:$G, (Log!$A:$A="Daily") * (Log!$C:$C=$A8) * (Log!$D:$D=J$4)), "Unknown"), "")} -> 0.0478596 | ... T8: {=IF($A8<>"", IFERROR(_xlfn._xlws.FILTER(Log!$G:$G, (Log!$A:$A="Daily") * (Log!$C:$C=$A8) * (Log!$D:$D=T$4)), "Unknown"), "")} -> 0.0952713 | U8: {=_xlfn._xlws.FILTER('Daily WE'!F:F, ('Daily WE'!$B:$B="n/a") * ('Daily WE'!$C:$C ='Daily IE'!$A8))} -> B | V8: {=_xlfn._xlws.FILTER('Daily WE'!G:G, ('Daily WE'!$B:$B="n/a") * ('Daily WE'!$C:$C ='Daily IE'!$A8))} -> 1000 | W8: =IF(ISBLANK($A8), "", IF(ISNUMBER(C8), C8/$B8, "Unknown")) -> 1.151478 | X8: =IF(ISBLANK($A8), "", IF(ISNUMBER(D8), D8/$B8, "Unknown")) -> 1.8371227 | Y8: =IF(ISBLANK($A8), "", IF(ISNUMBER(E8), E8/$B8, "Unknown")) -> 1.0261862 | Z8: =IF(ISBLANK($A8), "", IF(ISNUMBER(F8), F8/$B8, "Unknown")) -> 1.3734532 | AA8: =IF(ISBLANK($A8), "", IF(ISNUMBER(G8), G8/$B8, "Unknown")) -> 0.97381379 | AB8: =IF(ISBLANK($A8), "", IF(ISNUMBER(H8), H8/$B8, "Unknown")) -> 1.0533097 | AC8: =IF(ISBLANK($A8), "", IF(ISNUMBER(I8), I8/$B8, "Unknown")) -> 1.1170331 | AD8: =IF(ISBLANK($A8), "", IF(ISNUMBER(J8), J8/$B8, "Unknown")) -> 0.59928814 | ... AN8: =IF(ISBLANK($A8), "", IF(ISNUMBER(T8), T8/$B8, "Unknown")) -> 1.1929678 | AO8: {=MEDIAN(_xlfn._xlws.FILTER($W$6:$AN$6,($W$6:$AN$6<>"Unknown")))} -> 1
A9: 46232 | B9: =IF($A9<>"", MEDIAN($C9:$T9), "") -> 0.0818603 | C9: {=IF($A9<>"", IFERROR(_xlfn._xlws.FILTER(Log!$G:$G, (Log!$A:$A="Daily") * (Log!$C:$C=$A9) * (Log!$D:$D=C$4)), "Unknown"), "")} -> 0.0804794 | D9: {=IF($A9<>"", IFERROR(_xlfn._xlws.FILTER(Log!$G:$G, (Log!$A:$A="Daily") * (Log!$C:$C=$A9) * (Log!$D:$D=D$4)), "Unknown"), "")} -> 0.104628 | E9: {=IF($A9<>"", IFERROR(_xlfn._xlws.FILTER(Log!$G:$G, (Log!$A:$A="Daily") * (Log!$C:$C=$A9) * (Log!$D:$D=E$4)), "Unknown"), "")} -> 0.106193 | F9: {=IF($A9<>"", IFERROR(_xlfn._xlws.FILTER(Log!$G:$G, (Log!$A:$A="Daily") * (Log!$C:$C=$A9) * (Log!$D:$D=F$4)), "Unknown"), "")} -> 0.112651 | G9: {=IF($A9<>"", IFERROR(_xlfn._xlws.FILTER(Log!$G:$G, (Log!$A:$A="Daily") * (Log!$C:$C=$A9) * (Log!$D:$D=G$4)), "Unknown"), "")} -> 0.0645624 | H9: {=IF($A9<>"", IFERROR(_xlfn._xlws.FILTER(Log!$G:$G, (Log!$A:$A="Daily") * (Log!$C:$C=$A9) * (Log!$D:$D=H$4)), "Unknown"), "")} -> 0.0806085 | I9: {=IF($A9<>"", IFERROR(_xlfn._xlws.FILTER(Log!$G:$G, (Log!$A:$A="Daily") * (Log!$C:$C=$A9) * (Log!$D:$D=I$4)), "Unknown"), "")} -> 0.0831121 | J9: {=IF($A9<>"", IFERROR(_xlfn._xlws.FILTER(Log!$G:$G, (Log!$A:$A="Daily") * (Log!$C:$C=$A9) * (Log!$D:$D=J$4)), "Unknown"), "")} -> 0.0692319 | ... T9: {=IF($A9<>"", IFERROR(_xlfn._xlws.FILTER(Log!$G:$G, (Log!$A:$A="Daily") * (Log!$C:$C=$A9) * (Log!$D:$D=T$4)), "Unknown"), "")} -> 0.108565 | U9: {=_xlfn._xlws.FILTER('Daily WE'!F:F, ('Daily WE'!$B:$B="n/a") * ('Daily WE'!$C:$C ='Daily IE'!$A9))} -> A | V9: {=_xlfn._xlws.FILTER('Daily WE'!G:G, ('Daily WE'!$B:$B="n/a") * ('Daily WE'!$C:$C ='Daily IE'!$A9))} -> 1000 | W9: =IF(ISBLANK($A9), "", IF(ISNUMBER(C9), C9/$B9, "Unknown")) -> 0.98313102 | X9: =IF(ISBLANK($A9), "", IF(ISNUMBER(D9), D9/$B9, "Unknown")) -> 1.2781287 | Y9: =IF(ISBLANK($A9), "", IF(ISNUMBER(E9), E9/$B9, "Unknown")) -> 1.2972467 | Z9: =IF(ISBLANK($A9), "", IF(ISNUMBER(F9), F9/$B9, "Unknown")) -> 1.3761372 | AA9: =IF(ISBLANK($A9), "", IF(ISNUMBER(G9), G9/$B9, "Unknown")) -> 0.78869 | AB9: =IF(ISBLANK($A9), "", IF(ISNUMBER(H9), H9/$B9, "Unknown")) -> 0.98470809 | AC9: =IF(ISBLANK($A9), "", IF(ISNUMBER(I9), I9/$B9, "Unknown")) -> 1.0152919 | AD9: =IF(ISBLANK($A9), "", IF(ISNUMBER(J9), J9/$B9, "Unknown")) -> 0.8457323 | ... AN9: =IF(ISBLANK($A9), "", IF(ISNUMBER(T9), T9/$B9, "Unknown")) -> 1.3262228 | AO9: {=MEDIAN(_xlfn._xlws.FILTER($W$6:$AN$6,($W$6:$AN$6<>"Unknown")))} -> 1
A10: 46233 | B10: =IF($A10<>"", MEDIAN($C10:$T10), "") -> 0.076076 | C10: {=IF($A10<>"", IFERROR(_xlfn._xlws.FILTER(Log!$G:$G, (Log!$A:$A="Daily") * (Log!$C:$C=$A10) * (Log!$D:$D=C$4)), "Unknown"), "")} -> 0.0617744 | D10: {=IF($A10<>"", IFERROR(_xlfn._xlws.FILTER(Log!$G:$G, (Log!$A:$A="Daily") * (Log!$C:$C=$A10) * (Log!$D:$D=D$4)), "Unknown"), "")} -> 0.10016 | E10: {=IF($A10<>"", IFERROR(_xlfn._xlws.FILTER(Log!$G:$G, (Log!$A:$A="Daily") * (Log!$C:$C=$A10) * (Log!$D:$D=E$4)), "Unknown"), "")} -> 0.101578 | F10: {=IF($A10<>"", IFERROR(_xlfn._xlws.FILTER(Log!$G:$G, (Log!$A:$A="Daily") * (Log!$C:$C=$A10) * (Log!$D:$D=F$4)), "Unknown"), "")} -> 0.0898851 | G10: {=IF($A10<>"", IFERROR(_xlfn._xlws.FILTER(Log!$G:$G, (Log!$A:$A="Daily") * (Log!$C:$C=$A10) * (Log!$D:$D=G$4)), "Unknown"), "")} -> 0.061424 | H10: {=IF($A10<>"", IFERROR(_xlfn._xlws.FILTER(Log!$G:$G, (Log!$A:$A="Daily") * (Log!$C:$C=$A10) * (Log!$D:$D=H$4)), "Unknown"), "")} -> 0.0708343 | I10: {=IF($A10<>"", IFERROR(_xlfn._xlws.FILTER(Log!$G:$G, (Log!$A:$A="Daily") * (Log!$C:$C=$A10) * (Log!$D:$D=I$4)), "Unknown"), "")} -> 0.0796996 | J10: {=IF($A10<>"", IFERROR(_xlfn._xlws.FILTER(Log!$G:$G, (Log!$A:$A="Daily") * (Log!$C:$C=$A10) * (Log!$D:$D=J$4)), "Unknown"), "")} -> 0.0641978 | ... T10: {=IF($A10<>"", IFERROR(_xlfn._xlws.FILTER(Log!$G:$G, (Log!$A:$A="Daily") * (Log!$C:$C=$A10) * (Log!$D:$D=T$4)), "Unknown"), "")} -> 0.0895308 | U10: {=_xlfn._xlws.FILTER('Daily WE'!F:F, ('Daily WE'!$B:$B="n/a") * ('Daily WE'!$C:$C ='Daily IE'!$A10))} -> A | V10: {=_xlfn._xlws.FILTER('Daily WE'!G:G, ('Daily WE'!$B:$B="n/a") * ('Daily WE'!$C:$C ='Daily IE'!$A10))} -> 1000 | W10: =IF(ISBLANK($A10), "", IF(ISNUMBER(C10), C10/$B10, "Unknown")) -> 0.81200904 | X10: =IF(ISBLANK($A10), "", IF(ISNUMBER(D10), D10/$B10, "Unknown")) -> 1.3165782 | Y10: =IF(ISBLANK($A10), "", IF(ISNUMBER(E10), E10/$B10, "Unknown")) -> 1.3352174 | Z10: =IF(ISBLANK($A10), "", IF(ISNUMBER(F10), F10/$B10, "Unknown")) -> 1.1815172 | AA10: =IF(ISBLANK($A10), "", IF(ISNUMBER(G10), G10/$B10, "Unknown")) -> 0.80740312 | AB10: =IF(ISBLANK($A10), "", IF(ISNUMBER(H10), H10/$B10, "Unknown")) -> 0.93109916 | AC10: =IF(ISBLANK($A10), "", IF(ISNUMBER(I10), I10/$B10, "Unknown")) -> 1.0476313 | AD10: =IF(ISBLANK($A10), "", IF(ISNUMBER(J10), J10/$B10, "Unknown")) -> 0.84386403 | ... AN10: =IF(ISBLANK($A10), "", IF(ISNUMBER(T10), T10/$B10, "Unknown")) -> 1.17686 | AO10: {=MEDIAN(_xlfn._xlws.FILTER($W$6:$AN$6,($W$6:$AN$6<>"Unknown")))} -> 1
A11: 46234 | B11: =IF($A11<>"", MEDIAN($C11:$T11), "") -> 0.08749545 | C11: {=IF($A11<>"", IFERROR(_xlfn._xlws.FILTER(Log!$G:$G, (Log!$A:$A="Daily") * (Log!$C:$C=$A11) * (Log!$D:$D=C$4)), "Unknown"), "")} -> 0.147318 | D11: {=IF($A11<>"", IFERROR(_xlfn._xlws.FILTER(Log!$G:$G, (Log!$A:$A="Daily") * (Log!$C:$C=$A11) * (Log!$D:$D=D$4)), "Unknown"), "")} -> 0.119767 | E11: {=IF($A11<>"", IFERROR(_xlfn._xlws.FILTER(Log!$G:$G, (Log!$A:$A="Daily") * (Log!$C:$C=$A11) * (Log!$D:$D=E$4)), "Unknown"), "")} -> 0.0946352 | F11: {=IF($A11<>"", IFERROR(_xlfn._xlws.FILTER(Log!$G:$G, (Log!$A:$A="Daily") * (Log!$C:$C=$A11) * (Log!$D:$D=F$4)), "Unknown"), "")} -> 0.106142 | G11: {=IF($A11<>"", IFERROR(_xlfn._xlws.FILTER(Log!$G:$G, (Log!$A:$A="Daily") * (Log!$C:$C=$A11) * (Log!$D:$D=G$4)), "Unknown"), "")} -> 0.0520276 | H11: {=IF($A11<>"", IFERROR(_xlfn._xlws.FILTER(Log!$G:$G, (Log!$A:$A="Daily") * (Log!$C:$C=$A11) * (Log!$D:$D=H$4)), "Unknown"), "")} -> 0.0747 | I11: {=IF($A11<>"", IFERROR(_xlfn._xlws.FILTER(Log!$G:$G, (Log!$A:$A="Daily") * (Log!$C:$C=$A11) * (Log!$D:$D=I$4)), "Unknown"), "")} -> 0.0779429 | J11: {=IF($A11<>"", IFERROR(_xlfn._xlws.FILTER(Log!$G:$G, (Log!$A:$A="Daily") * (Log!$C:$C=$A11) * (Log!$D:$D=J$4)), "Unknown"), "")} -> 0.0801921 | ... T11: {=IF($A11<>"", IFERROR(_xlfn._xlws.FILTER(Log!$G:$G, (Log!$A:$A="Daily") * (Log!$C:$C=$A11) * (Log!$D:$D=T$4)), "Unknown"), "")} -> 0.104738 | U11: {=_xlfn._xlws.FILTER('Daily WE'!F:F, ('Daily WE'!$B:$B="n/a") * ('Daily WE'!$C:$C ='Daily IE'!$A11))} -> C | V11: {=_xlfn._xlws.FILTER('Daily WE'!G:G, ('Daily WE'!$B:$B="n/a") * ('Daily WE'!$C:$C ='Daily IE'!$A11))} -> 1500 | W11: =IF(ISBLANK($A11), "", IF(ISNUMBER(C11), C11/$B11, "Unknown")) -> 1.6837218 | X11: =IF(ISBLANK($A11), "", IF(ISNUMBER(D11), D11/$B11, "Unknown")) -> 1.3688369 | Y11: =IF(ISBLANK($A11), "", IF(ISNUMBER(E11), E11/$B11, "Unknown")) -> 1.0816014 | Z11: =IF(ISBLANK($A11), "", IF(ISNUMBER(F11), F11/$B11, "Unknown")) -> 1.2131145 | AA11: =IF(ISBLANK($A11), "", IF(ISNUMBER(G11), G11/$B11, "Unknown")) -> 0.59463206 | AB11: =IF(ISBLANK($A11), "", IF(ISNUMBER(H11), H11/$B11, "Unknown")) -> 0.85375868 | AC11: =IF(ISBLANK($A11), "", IF(ISNUMBER(I11), I11/$B11, "Unknown")) -> 0.89082232 | AD11: =IF(ISBLANK($A11), "", IF(ISNUMBER(J11), J11/$B11, "Unknown")) -> 0.9165288 | ... AN11: =IF(ISBLANK($A11), "", IF(ISNUMBER(T11), T11/$B11, "Unknown")) -> 1.197068 | AO11: {=MEDIAN(_xlfn._xlws.FILTER($W$6:$AN$6,($W$6:$AN$6<>"Unknown")))} -> 1
A12: 46235 | B12: =IF($A12<>"", MEDIAN($C12:$T12), "") -> 0.0989488 | C12: {=IF($A12<>"", IFERROR(_xlfn._xlws.FILTER(Log!$G:$G, (Log!$A:$A="Daily") * (Log!$C:$C=$A12) * (Log!$D:$D=C$4)), "Unknown"), "")} -> 0.108909 | D12: {=IF($A12<>"", IFERROR(_xlfn._xlws.FILTER(Log!$G:$G, (Log!$A:$A="Daily") * (Log!$C:$C=$A12) * (Log!$D:$D=D$4)), "Unknown"), "")} -> 0.127695 | E12: {=IF($A12<>"", IFERROR(_xlfn._xlws.FILTER(Log!$G:$G, (Log!$A:$A="Daily") * (Log!$C:$C=$A12) * (Log!$D:$D=E$4)), "Unknown"), "")} -> 0.127792 | F12: {=IF($A12<>"", IFERROR(_xlfn._xlws.FILTER(Log!$G:$G, (Log!$A:$A="Daily") * (Log!$C:$C=$A12) * (Log!$D:$D=F$4)), "Unknown"), "")} -> 0.0934126 | G12: {=IF($A12<>"", IFERROR(_xlfn._xlws.FILTER(Log!$G:$G, (Log!$A:$A="Daily") * (Log!$C:$C=$A12) * (Log!$D:$D=G$4)), "Unknown"), "")} -> 0.0918776 | H12: {=IF($A12<>"", IFERROR(_xlfn._xlws.FILTER(Log!$G:$G, (Log!$A:$A="Daily") * (Log!$C:$C=$A12) * (Log!$D:$D=H$4)), "Unknown"), "")} -> 0.310464 | I12: {=IF($A12<>"", IFERROR(_xlfn._xlws.FILTER(Log!$G:$G, (Log!$A:$A="Daily") * (Log!$C:$C=$A12) * (Log!$D:$D=I$4)), "Unknown"), "")} -> 0.169795 | J12: {=IF($A12<>"", IFERROR(_xlfn._xlws.FILTER(Log!$G:$G, (Log!$A:$A="Daily") * (Log!$C:$C=$A12) * (Log!$D:$D=J$4)), "Unknown"), "")} -> 0.0620463 | ... T12: {=IF($A12<>"", IFERROR(_xlfn._xlws.FILTER(Log!$G:$G, (Log!$A:$A="Daily") * (Log!$C:$C=$A12) * (Log!$D:$D=T$4)), "Unknown"), "")} -> 0.0948576 | U12: {=_xlfn._xlws.FILTER('Daily WE'!F:F, ('Daily WE'!$B:$B="n/a") * ('Daily WE'!$C:$C ='Daily IE'!$A12))} -> C | V12: {=_xlfn._xlws.FILTER('Daily WE'!G:G, ('Daily WE'!$B:$B="n/a") * ('Daily WE'!$C:$C ='Daily IE'!$A12))} -> 1500 | W12: =IF(ISBLANK($A12), "", IF(ISNUMBER(C12), C12/$B12, "Unknown")) -> 1.1006601 | X12: =IF(ISBLANK($A12), "", IF(ISNUMBER(D12), D12/$B12, "Unknown")) -> 1.2905159 | Y12: =IF(ISBLANK($A12), "", IF(ISNUMBER(E12), E12/$B12, "Unknown")) -> 1.2914962 | Z12: =IF(ISBLANK($A12), "", IF(ISNUMBER(F12), F12/$B12, "Unknown")) -> 0.94404985 | AA12: =IF(ISBLANK($A12), "", IF(ISNUMBER(G12), G12/$B12, "Unknown")) -> 0.92853678 | AB12: =IF(ISBLANK($A12), "", IF(ISNUMBER(H12), H12/$B12, "Unknown")) -> 3.1376227 | AC12: =IF(ISBLANK($A12), "", IF(ISNUMBER(I12), I12/$B12, "Unknown")) -> 1.7159885 | AD12: =IF(ISBLANK($A12), "", IF(ISNUMBER(J12), J12/$B12, "Unknown")) -> 0.6270546 | ... AN12: =IF(ISBLANK($A12), "", IF(ISNUMBER(T12), T12/$B12, "Unknown")) -> 0.95865336 | AO12: {=MEDIAN(_xlfn._xlws.FILTER($W$6:$AN$6,($W$6:$AN$6<>"Unknown")))} -> 1
A13: 46237 | B13: =IF($A13<>"", MEDIAN($C13:$T13), "") -> 0.08920925 | C13: {=IF($A13<>"", IFERROR(_xlfn._xlws.FILTER(Log!$G:$G, (Log!$A:$A="Daily") * (Log!$C:$C=$A13) * (Log!$D:$D=C$4)), "Unknown"), "")} -> 0.0574771 | D13: {=IF($A13<>"", IFERROR(_xlfn._xlws.FILTER(Log!$G:$G, (Log!$A:$A="Daily") * (Log!$C:$C=$A13) * (Log!$D:$D=D$4)), "Unknown"), "")} -> 0.106177 | E13: {=IF($A13<>"", IFERROR(_xlfn._xlws.FILTER(Log!$G:$G, (Log!$A:$A="Daily") * (Log!$C:$C=$A13) * (Log!$D:$D=E$4)), "Unknown"), "")} -> 0.118227 | F13: {=IF($A13<>"", IFERROR(_xlfn._xlws.FILTER(Log!$G:$G, (Log!$A:$A="Daily") * (Log!$C:$C=$A13) * (Log!$D:$D=F$4)), "Unknown"), "")} -> 0.0906257 | G13: {=IF($A13<>"", IFERROR(_xlfn._xlws.FILTER(Log!$G:$G, (Log!$A:$A="Daily") * (Log!$C:$C=$A13) * (Log!$D:$D=G$4)), "Unknown"), "")} -> 0.0716387 | H13: {=IF($A13<>"", IFERROR(_xlfn._xlws.FILTER(Log!$G:$G, (Log!$A:$A="Daily") * (Log!$C:$C=$A13) * (Log!$D:$D=H$4)), "Unknown"), "")} -> 0.0960344 | I13: {=IF($A13<>"", IFERROR(_xlfn._xlws.FILTER(Log!$G:$G, (Log!$A:$A="Daily") * (Log!$C:$C=$A13) * (Log!$D:$D=I$4)), "Unknown"), "")} -> 0.10152 | J13: {=IF($A13<>"", IFERROR(_xlfn._xlws.FILTER(Log!$G:$G, (Log!$A:$A="Daily") * (Log!$C:$C=$A13) * (Log!$D:$D=J$4)), "Unknown"), "")} -> 0.0877928 | ... T13: {=IF($A13<>"", IFERROR(_xlfn._xlws.FILTER(Log!$G:$G, (Log!$A:$A="Daily") * (Log!$C:$C=$A13) * (Log!$D:$D=T$4)), "Unknown"), "")} -> 0.15169 | U13: {=_xlfn._xlws.FILTER('Daily WE'!F:F, ('Daily WE'!$B:$B="n/a") * ('Daily WE'!$C:$C ='Daily IE'!$A13))} -> A | V13: {=_xlfn._xlws.FILTER('Daily WE'!G:G, ('Daily WE'!$B:$B="n/a") * ('Daily WE'!$C:$C ='Daily IE'!$A13))} -> 1000 | W13: =IF(ISBLANK($A13), "", IF(ISNUMBER(C13), C13/$B13, "Unknown")) -> 0.64429529 | X13: =IF(ISBLANK($A13), "", IF(ISNUMBER(D13), D13/$B13, "Unknown")) -> 1.1902017 | Y13: =IF(ISBLANK($A13), "", IF(ISNUMBER(E13), E13/$B13, "Unknown")) -> 1.3252774 | Z13: =IF(ISBLANK($A13), "", IF(ISNUMBER(F13), F13/$B13, "Unknown")) -> 1.0158778 | AA13: =IF(ISBLANK($A13), "", IF(ISNUMBER(G13), G13/$B13, "Unknown")) -> 0.80304116 | AB13: =IF(ISBLANK($A13), "", IF(ISNUMBER(H13), H13/$B13, "Unknown")) -> 1.0765072 | AC13: =IF(ISBLANK($A13), "", IF(ISNUMBER(I13), I13/$B13, "Unknown")) -> 1.1379986 | AD13: =IF(ISBLANK($A13), "", IF(ISNUMBER(J13), J13/$B13, "Unknown")) -> 0.98412216 | ... AN13: =IF(ISBLANK($A13), "", IF(ISNUMBER(T13), T13/$B13, "Unknown")) -> 1.7003842 | AO13: {=MEDIAN(_xlfn._xlws.FILTER($W$6:$AN$6,($W$6:$AN$6<>"Unknown")))} -> 1
A14: 46238 | B14: =IF($A14<>"", MEDIAN($C14:$T14), "") -> 0.1044055 | C14: {=IF($A14<>"", IFERROR(_xlfn._xlws.FILTER(Log!$G:$G, (Log!$A:$A="Daily") * (Log!$C:$C=$A14) * (Log!$D:$D=C$4)), "Unknown"), "")} -> 0.125044 | D14: {=IF($A14<>"", IFERROR(_xlfn._xlws.FILTER(Log!$G:$G, (Log!$A:$A="Daily") * (Log!$C:$C=$A14) * (Log!$D:$D=D$4)), "Unknown"), "")} -> 0.110958 | E14: {=IF($A14<>"", IFERROR(_xlfn._xlws.FILTER(Log!$G:$G, (Log!$A:$A="Daily") * (Log!$C:$C=$A14) * (Log!$D:$D=E$4)), "Unknown"), "")} -> 0.122268 | F14: {=IF($A14<>"", IFERROR(_xlfn._xlws.FILTER(Log!$G:$G, (Log!$A:$A="Daily") * (Log!$C:$C=$A14) * (Log!$D:$D=F$4)), "Unknown"), "")} -> 0.113594 | G14: {=IF($A14<>"", IFERROR(_xlfn._xlws.FILTER(Log!$G:$G, (Log!$A:$A="Daily") * (Log!$C:$C=$A14) * (Log!$D:$D=G$4)), "Unknown"), "")} -> 0.0717666 | H14: {=IF($A14<>"", IFERROR(_xlfn._xlws.FILTER(Log!$G:$G, (Log!$A:$A="Daily") * (Log!$C:$C=$A14) * (Log!$D:$D=H$4)), "Unknown"), "")} -> 0.103851 | I14: {=IF($A14<>"", IFERROR(_xlfn._xlws.FILTER(Log!$G:$G, (Log!$A:$A="Daily") * (Log!$C:$C=$A14) * (Log!$D:$D=I$4)), "Unknown"), "")} -> 0.10496 | J14: {=IF($A14<>"", IFERROR(_xlfn._xlws.FILTER(Log!$G:$G, (Log!$A:$A="Daily") * (Log!$C:$C=$A14) * (Log!$D:$D=J$4)), "Unknown"), "")} -> 0.0877466 | ... T14: {=IF($A14<>"", IFERROR(_xlfn._xlws.FILTER(Log!$G:$G, (Log!$A:$A="Daily") * (Log!$C:$C=$A14) * (Log!$D:$D=T$4)), "Unknown"), "")} -> 0.119522 | U14: {=_xlfn._xlws.FILTER('Daily WE'!F:F, ('Daily WE'!$B:$B="n/a") * ('Daily WE'!$C:$C ='Daily IE'!$A14))} -> A | V14: {=_xlfn._xlws.FILTER('Daily WE'!G:G, ('Daily WE'!$B:$B="n/a") * ('Daily WE'!$C:$C ='Daily IE'!$A14))} -> 1000 | W14: =IF(ISBLANK($A14), "", IF(ISNUMBER(C14), C14/$B14, "Unknown")) -> 1.1976764 | X14: =IF(ISBLANK($A14), "", IF(ISNUMBER(D14), D14/$B14, "Unknown")) -> 1.0627601 | Y14: =IF(ISBLANK($A14), "", IF(ISNUMBER(E14), E14/$B14, "Unknown")) -> 1.1710877 | Z14: =IF(ISBLANK($A14), "", IF(ISNUMBER(F14), F14/$B14, "Unknown")) -> 1.0880078 | AA14: =IF(ISBLANK($A14), "", IF(ISNUMBER(G14), G14/$B14, "Unknown")) -> 0.68738333 | AB14: =IF(ISBLANK($A14), "", IF(ISNUMBER(H14), H14/$B14, "Unknown")) -> 0.99468898 | AC14: =IF(ISBLANK($A14), "", IF(ISNUMBER(I14), I14/$B14, "Unknown")) -> 1.005311 | AD14: =IF(ISBLANK($A14), "", IF(ISNUMBER(J14), J14/$B14, "Unknown")) -> 0.8404404 | ... AN14: =IF(ISBLANK($A14), "", IF(ISNUMBER(T14), T14/$B14, "Unknown")) -> 1.1447864 | AO14: {=MEDIAN(_xlfn._xlws.FILTER($W$6:$AN$6,($W$6:$AN$6<>"Unknown")))} -> 1
A15: 46239 | B15: =IF($A15<>"", MEDIAN($C15:$T15), "") -> 0.0966666 | C15: {=IF($A15<>"", IFERROR(_xlfn._xlws.FILTER(Log!$G:$G, (Log!$A:$A="Daily") * (Log!$C:$C=$A15) * (Log!$D:$D=C$4)), "Unknown"), "")} -> 0.114288 | D15: {=IF($A15<>"", IFERROR(_xlfn._xlws.FILTER(Log!$G:$G, (Log!$A:$A="Daily") * (Log!$C:$C=$A15) * (Log!$D:$D=D$4)), "Unknown"), "")} -> 0.11281 | E15: {=IF($A15<>"", IFERROR(_xlfn._xlws.FILTER(Log!$G:$G, (Log!$A:$A="Daily") * (Log!$C:$C=$A15) * (Log!$D:$D=E$4)), "Unknown"), "")} -> 0.114023 | F15: {=IF($A15<>"", IFERROR(_xlfn._xlws.FILTER(Log!$G:$G, (Log!$A:$A="Daily") * (Log!$C:$C=$A15) * (Log!$D:$D=F$4)), "Unknown"), "")} -> 0.116208 | G15: {=IF($A15<>"", IFERROR(_xlfn._xlws.FILTER(Log!$G:$G, (Log!$A:$A="Daily") * (Log!$C:$C=$A15) * (Log!$D:$D=G$4)), "Unknown"), "")} -> 0.0630771 | H15: {=IF($A15<>"", IFERROR(_xlfn._xlws.FILTER(Log!$G:$G, (Log!$A:$A="Daily") * (Log!$C:$C=$A15) * (Log!$D:$D=H$4)), "Unknown"), "")} -> 0.097109 | I15: {=IF($A15<>"", IFERROR(_xlfn._xlws.FILTER(Log!$G:$G, (Log!$A:$A="Daily") * (Log!$C:$C=$A15) * (Log!$D:$D=I$4)), "Unknown"), "")} -> 0.0962242 | J15: {=IF($A15<>"", IFERROR(_xlfn._xlws.FILTER(Log!$G:$G, (Log!$A:$A="Daily") * (Log!$C:$C=$A15) * (Log!$D:$D=J$4)), "Unknown"), "")} -> 0.0577257 | ... T15: {=IF($A15<>"", IFERROR(_xlfn._xlws.FILTER(Log!$G:$G, (Log!$A:$A="Daily") * (Log!$C:$C=$A15) * (Log!$D:$D=T$4)), "Unknown"), "")} -> 0.107049 | U15: {=_xlfn._xlws.FILTER('Daily WE'!F:F, ('Daily WE'!$B:$B="n/a") * ('Daily WE'!$C:$C ='Daily IE'!$A15))} -> A | V15: {=_xlfn._xlws.FILTER('Daily WE'!G:G, ('Daily WE'!$B:$B="n/a") * ('Daily WE'!$C:$C ='Daily IE'!$A15))} -> 1000 | W15: =IF(ISBLANK($A15), "", IF(ISNUMBER(C15), C15/$B15, "Unknown")) -> 1.1822905 | X15: =IF(ISBLANK($A15), "", IF(ISNUMBER(D15), D15/$B15, "Unknown")) -> 1.1670008 | Y15: =IF(ISBLANK($A15), "", IF(ISNUMBER(E15), E15/$B15, "Unknown")) -> 1.1795491 | Z15: =IF(ISBLANK($A15), "", IF(ISNUMBER(F15), F15/$B15, "Unknown")) -> 1.2021526 | AA15: =IF(ISBLANK($A15), "", IF(ISNUMBER(G15), G15/$B15, "Unknown")) -> 0.65252217 | AB15: =IF(ISBLANK($A15), "", IF(ISNUMBER(H15), H15/$B15, "Unknown")) -> 1.0045766 | AC15: =IF(ISBLANK($A15), "", IF(ISNUMBER(I15), I15/$B15, "Unknown")) -> 0.99542345 | AD15: =IF(ISBLANK($A15), "", IF(ISNUMBER(J15), J15/$B15, "Unknown")) -> 0.59716283 | ... AN15: =IF(ISBLANK($A15), "", IF(ISNUMBER(T15), T15/$B15, "Unknown")) -> 1.1074042 | AO15: {=MEDIAN(_xlfn._xlws.FILTER($W$6:$AN$6,($W$6:$AN$6<>"Unknown")))} -> 1
A16: 46240 | B16: =IF($A16<>"", MEDIAN($C16:$T16), "") -> 0.09119725 | C16: {=IF($A16<>"", IFERROR(_xlfn._xlws.FILTER(Log!$G:$G, (Log!$A:$A="Daily") * (Log!$C:$C=$A16) * (Log!$D:$D=C$4)), "Unknown"), "")} -> 0.10691 | D16: {=IF($A16<>"", IFERROR(_xlfn._xlws.FILTER(Log!$G:$G, (Log!$A:$A="Daily") * (Log!$C:$C=$A16) * (Log!$D:$D=D$4)), "Unknown"), "")} -> 0.103111 | E16: {=IF($A16<>"", IFERROR(_xlfn._xlws.FILTER(Log!$G:$G, (Log!$A:$A="Daily") * (Log!$C:$C=$A16) * (Log!$D:$D=E$4)), "Unknown"), "")} -> 0.10941 | F16: {=IF($A16<>"", IFERROR(_xlfn._xlws.FILTER(Log!$G:$G, (Log!$A:$A="Daily") * (Log!$C:$C=$A16) * (Log!$D:$D=F$4)), "Unknown"), "")} -> 0.104373 | G16: {=IF($A16<>"", IFERROR(_xlfn._xlws.FILTER(Log!$G:$G, (Log!$A:$A="Daily") * (Log!$C:$C=$A16) * (Log!$D:$D=G$4)), "Unknown"), "")} -> 0.0701209 | H16: {=IF($A16<>"", IFERROR(_xlfn._xlws.FILTER(Log!$G:$G, (Log!$A:$A="Daily") * (Log!$C:$C=$A16) * (Log!$D:$D=H$4)), "Unknown"), "")} -> 0.0988203 | I16: {=IF($A16<>"", IFERROR(_xlfn._xlws.FILTER(Log!$G:$G, (Log!$A:$A="Daily") * (Log!$C:$C=$A16) * (Log!$D:$D=I$4)), "Unknown"), "")} -> 0.0929853 | J16: {=IF($A16<>"", IFERROR(_xlfn._xlws.FILTER(Log!$G:$G, (Log!$A:$A="Daily") * (Log!$C:$C=$A16) * (Log!$D:$D=J$4)), "Unknown"), "")} -> 0.0724495 | ... T16: {=IF($A16<>"", IFERROR(_xlfn._xlws.FILTER(Log!$G:$G, (Log!$A:$A="Daily") * (Log!$C:$C=$A16) * (Log!$D:$D=T$4)), "Unknown"), "")} -> 0.103296 | U16: {=_xlfn._xlws.FILTER('Daily WE'!F:F, ('Daily WE'!$B:$B="n/a") * ('Daily WE'!$C:$C ='Daily IE'!$A16))} -> A | V16: {=_xlfn._xlws.FILTER('Daily WE'!G:G, ('Daily WE'!$B:$B="n/a") * ('Daily WE'!$C:$C ='Daily IE'!$A16))} -> 1000 | W16: =IF(ISBLANK($A16), "", IF(ISNUMBER(C16), C16/$B16, "Unknown")) -> 1.1722941 | X16: =IF(ISBLANK($A16), "", IF(ISNUMBER(D16), D16/$B16, "Unknown")) -> 1.1306372 | Y16: =IF(ISBLANK($A16), "", IF(ISNUMBER(E16), E16/$B16, "Unknown")) -> 1.1997072 | Z16: =IF(ISBLANK($A16), "", IF(ISNUMBER(F16), F16/$B16, "Unknown")) -> 1.1444753 | AA16: =IF(ISBLANK($A16), "", IF(ISNUMBER(G16), G16/$B16, "Unknown")) -> 0.7688927 | AB16: =IF(ISBLANK($A16), "", IF(ISNUMBER(H16), H16/$B16, "Unknown")) -> 1.0835886 | AC16: =IF(ISBLANK($A16), "", IF(ISNUMBER(I16), I16/$B16, "Unknown")) -> 1.0196064 | AD16: =IF(ISBLANK($A16), "", IF(ISNUMBER(J16), J16/$B16, "Unknown")) -> 0.79442637 | ... AN16: =IF(ISBLANK($A16), "", IF(ISNUMBER(T16), T16/$B16, "Unknown")) -> 1.1326657 | AO16: {=MEDIAN(_xlfn._xlws.FILTER($W$6:$AN$6,($W$6:$AN$6<>"Unknown")))} -> 1
A17: 46242 | B17: =IF($A17<>"", MEDIAN($C17:$T17), "") -> 0.0899961 | C17: {=IF($A17<>"", IFERROR(_xlfn._xlws.FILTER(Log!$G:$G, (Log!$A:$A="Daily") * (Log!$C:$C=$A17) * (Log!$D:$D=C$4)), "Unknown"), "")} -> 0.121479 | D17: {=IF($A17<>"", IFERROR(_xlfn._xlws.FILTER(Log!$G:$G, (Log!$A:$A="Daily") * (Log!$C:$C=$A17) * (Log!$D:$D=D$4)), "Unknown"), "")} -> 0.107791 | E17: {=IF($A17<>"", IFERROR(_xlfn._xlws.FILTER(Log!$G:$G, (Log!$A:$A="Daily") * (Log!$C:$C=$A17) * (Log!$D:$D=E$4)), "Unknown"), "")} -> 0.113635 | F17: {=IF($A17<>"", IFERROR(_xlfn._xlws.FILTER(Log!$G:$G, (Log!$A:$A="Daily") * (Log!$C:$C=$A17) * (Log!$D:$D=F$4)), "Unknown"), "")} -> 0.110298 | G17: {=IF($A17<>"", IFERROR(_xlfn._xlws.FILTER(Log!$G:$G, (Log!$A:$A="Daily") * (Log!$C:$C=$A17) * (Log!$D:$D=G$4)), "Unknown"), "")} -> 0.0907495 | H17: {=IF($A17<>"", IFERROR(_xlfn._xlws.FILTER(Log!$G:$G, (Log!$A:$A="Daily") * (Log!$C:$C=$A17) * (Log!$D:$D=H$4)), "Unknown"), "")} -> 0.0816628 | I17: {=IF($A17<>"", IFERROR(_xlfn._xlws.FILTER(Log!$G:$G, (Log!$A:$A="Daily") * (Log!$C:$C=$A17) * (Log!$D:$D=I$4)), "Unknown"), "")} -> 0.0892427 | J17: {=IF($A17<>"", IFERROR(_xlfn._xlws.FILTER(Log!$G:$G, (Log!$A:$A="Daily") * (Log!$C:$C=$A17) * (Log!$D:$D=J$4)), "Unknown"), "")} -> 0.0815161 | ... T17: {=IF($A17<>"", IFERROR(_xlfn._xlws.FILTER(Log!$G:$G, (Log!$A:$A="Daily") * (Log!$C:$C=$A17) * (Log!$D:$D=T$4)), "Unknown"), "")} -> 0.11252 | U17: {=_xlfn._xlws.FILTER('Daily WE'!F:F, ('Daily WE'!$B:$B="n/a") * ('Daily WE'!$C:$C ='Daily IE'!$A17))} -> A | V17: {=_xlfn._xlws.FILTER('Daily WE'!G:G, ('Daily WE'!$B:$B="n/a") * ('Daily WE'!$C:$C ='Daily IE'!$A17))} -> 1000 | W17: =IF(ISBLANK($A17), "", IF(ISNUMBER(C17), C17/$B17, "Unknown")) -> 1.3498252 | X17: =IF(ISBLANK($A17), "", IF(ISNUMBER(D17), D17/$B17, "Unknown")) -> 1.1977297 | Y17: =IF(ISBLANK($A17), "", IF(ISNUMBER(E17), E17/$B17, "Unknown")) -> 1.2626658 | Z17: =IF(ISBLANK($A17), "", IF(ISNUMBER(F17), F17/$B17, "Unknown")) -> 1.2255864 | AA17: =IF(ISBLANK($A17), "", IF(ISNUMBER(G17), G17/$B17, "Unknown")) -> 1.0083715 | AB17: =IF(ISBLANK($A17), "", IF(ISNUMBER(H17), H17/$B17, "Unknown")) -> 0.90740377 | AC17: =IF(ISBLANK($A17), "", IF(ISNUMBER(I17), I17/$B17, "Unknown")) -> 0.99162853 | AD17: =IF(ISBLANK($A17), "", IF(ISNUMBER(J17), J17/$B17, "Unknown")) -> 0.90577369 | ... AN17: =IF(ISBLANK($A17), "", IF(ISNUMBER(T17), T17/$B17, "Unknown")) -> 1.2502764 | AO17: {=MEDIAN(_xlfn._xlws.FILTER($W$6:$AN$6,($W$6:$AN$6<>"Unknown")))} -> 1
A18: 46244 | B18: =IF($A18<>"", MEDIAN($C18:$T18), "") -> 0.125658 | C18: {=IF($A18<>"", IFERROR(_xlfn._xlws.FILTER(Log!$G:$G, (Log!$A:$A="Daily") * (Log!$C:$C=$A18) * (Log!$D:$D=C$4)), "Unknown"), "")} -> 0.145202 | D18: {=IF($A18<>"", IFERROR(_xlfn._xlws.FILTER(Log!$G:$G, (Log!$A:$A="Daily") * (Log!$C:$C=$A18) * (Log!$D:$D=D$4)), "Unknown"), "")} -> 0.139704 | E18: {=IF($A18<>"", IFERROR(_xlfn._xlws.FILTER(Log!$G:$G, (Log!$A:$A="Daily") * (Log!$C:$C=$A18) * (Log!$D:$D=E$4)), "Unknown"), "")} -> 0.142537 | F18: {=IF($A18<>"", IFERROR(_xlfn._xlws.FILTER(Log!$G:$G, (Log!$A:$A="Daily") * (Log!$C:$C=$A18) * (Log!$D:$D=F$4)), "Unknown"), "")} -> 0.113266 | G18: {=IF($A18<>"", IFERROR(_xlfn._xlws.FILTER(Log!$G:$G, (Log!$A:$A="Daily") * (Log!$C:$C=$A18) * (Log!$D:$D=G$4)), "Unknown"), "")} -> 0.10468 | H18: {=IF($A18<>"", IFERROR(_xlfn._xlws.FILTER(Log!$G:$G, (Log!$A:$A="Daily") * (Log!$C:$C=$A18) * (Log!$D:$D=H$4)), "Unknown"), "")} -> 0.14379 | I18: {=IF($A18<>"", IFERROR(_xlfn._xlws.FILTER(Log!$G:$G, (Log!$A:$A="Daily") * (Log!$C:$C=$A18) * (Log!$D:$D=I$4)), "Unknown"), "")} -> 0.143113 | J18: {=IF($A18<>"", IFERROR(_xlfn._xlws.FILTER(Log!$G:$G, (Log!$A:$A="Daily") * (Log!$C:$C=$A18) * (Log!$D:$D=J$4)), "Unknown"), "")} -> 0.069675 | ... T18: {=IF($A18<>"", IFERROR(_xlfn._xlws.FILTER(Log!$G:$G, (Log!$A:$A="Daily") * (Log!$C:$C=$A18) * (Log!$D:$D=T$4)), "Unknown"), "")} -> 0.0832332 | U18: {=_xlfn._xlws.FILTER('Daily WE'!F:F, ('Daily WE'!$B:$B="n/a") * ('Daily WE'!$C:$C ='Daily IE'!$A18))} -> D | V18: {=_xlfn._xlws.FILTER('Daily WE'!G:G, ('Daily WE'!$B:$B="n/a") * ('Daily WE'!$C:$C ='Daily IE'!$A18))} -> 1000 | W18: =IF(ISBLANK($A18), "", IF(ISNUMBER(C18), C18/$B18, "Unknown")) -> 1.1555333 | X18: =IF(ISBLANK($A18), "", IF(ISNUMBER(D18), D18/$B18, "Unknown")) -> 1.1117796 | Y18: =IF(ISBLANK($A18), "", IF(ISNUMBER(E18), E18/$B18, "Unknown")) -> 1.1343249 | Z18: =IF(ISBLANK($A18), "", IF(ISNUMBER(F18), F18/$B18, "Unknown")) -> 0.90138312 | AA18: =IF(ISBLANK($A18), "", IF(ISNUMBER(G18), G18/$B18, "Unknown")) -> 0.8330548 | AB18: =IF(ISBLANK($A18), "", IF(ISNUMBER(H18), H18/$B18, "Unknown")) -> 1.1442964 | AC18: =IF(ISBLANK($A18), "", IF(ISNUMBER(I18), I18/$B18, "Unknown")) -> 1.1389088 | AD18: =IF(ISBLANK($A18), "", IF(ISNUMBER(J18), J18/$B18, "Unknown")) -> 0.55448121 | ... AN18: =IF(ISBLANK($A18), "", IF(ISNUMBER(T18), T18/$B18, "Unknown")) -> 0.66237884 | AO18: {=MEDIAN(_xlfn._xlws.FILTER($W$6:$AN$6,($W$6:$AN$6<>"Unknown")))} -> 1
... A20: 46246 | B20: =IF($A20<>"", MEDIAN($C20:$T20), "") -> 0.1264915 | C20: {=IF($A20<>"", IFERROR(_xlfn._xlws.FILTER(Log!$G:$G, (Log!$A:$A="Daily") * (Log!$C:$C=$A20) * (Log!$D:$D=C$4)), "Unknown"), "")} -> 0.1021 | D20: {=IF($A20<>"", IFERROR(_xlfn._xlws.FILTER(Log!$G:$G, (Log!$A:$A="Daily") * (Log!$C:$C=$A20) * (Log!$D:$D=D$4)), "Unknown"), "")} -> 0.126891 | E20: {=IF($A20<>"", IFERROR(_xlfn._xlws.FILTER(Log!$G:$G, (Log!$A:$A="Daily") * (Log!$C:$C=$A20) * (Log!$D:$D=E$4)), "Unknown"), "")} -> 0.152672 | F20: {=IF($A20<>"", IFERROR(_xlfn._xlws.FILTER(Log!$G:$G, (Log!$A:$A="Daily") * (Log!$C:$C=$A20) * (Log!$D:$D=F$4)), "Unknown"), "")} -> 0.144092 | G20: {=IF($A20<>"", IFERROR(_xlfn._xlws.FILTER(Log!$G:$G, (Log!$A:$A="Daily") * (Log!$C:$C=$A20) * (Log!$D:$D=G$4)), "Unknown"), "")} -> 0.224774 | H20: {=IF($A20<>"", IFERROR(_xlfn._xlws.FILTER(Log!$G:$G, (Log!$A:$A="Daily") * (Log!$C:$C=$A20) * (Log!$D:$D=H$4)), "Unknown"), "")} -> 0.255786 | I20: {=IF($A20<>"", IFERROR(_xlfn._xlws.FILTER(Log!$G:$G, (Log!$A:$A="Daily") * (Log!$C:$C=$A20) * (Log!$D:$D=I$4)), "Unknown"), "")} -> 0.289818 | J20: {=IF($A20<>"", IFERROR(_xlfn._xlws.FILTER(Log!$G:$G, (Log!$A:$A="Daily") * (Log!$C:$C=$A20) * (Log!$D:$D=J$4)), "Unknown"), "")} -> 0.167485 | ... T20: {=IF($A20<>"", IFERROR(_xlfn._xlws.FILTER(Log!$G:$G, (Log!$A:$A="Daily") * (Log!$C:$C=$A20) * (Log!$D:$D=T$4)), "Unknown"), "")} -> 0.106762 | U20: {=_xlfn._xlws.FILTER('Daily WE'!F:F, ('Daily WE'!$B:$B="n/a") * ('Daily WE'!$C:$C ='Daily IE'!$A20))} -> G | V20: {=_xlfn._xlws.FILTER('Daily WE'!G:G, ('Daily WE'!$B:$B="n/a") * ('Daily WE'!$C:$C ='Daily IE'!$A20))} -> 1000 | W20: =IF(ISBLANK($A20), "", IF(ISNUMBER(C20), C20/$B20, "Unknown")) -> 0.80716886 | X20: =IF(ISBLANK($A20), "", IF(ISNUMBER(D20), D20/$B20, "Unknown")) -> 1.0031583 | Y20: =IF(ISBLANK($A20), "", IF(ISNUMBER(E20), E20/$B20, "Unknown")) -> 1.2069744 | Z20: =IF(ISBLANK($A20), "", IF(ISNUMBER(F20), F20/$B20, "Unknown")) -> 1.1391437 | AA20: =IF(ISBLANK($A20), "", IF(ISNUMBER(G20), G20/$B20, "Unknown")) -> 1.776989 | AB20: =IF(ISBLANK($A20), "", IF(ISNUMBER(H20), H20/$B20, "Unknown")) -> 2.0221596 | AC20: =IF(ISBLANK($A20), "", IF(ISNUMBER(I20), I20/$B20, "Unknown")) -> 2.2912053 | AD20: =IF(ISBLANK($A20), "", IF(ISNUMBER(J20), J20/$B20, "Unknown")) -> 1.3240811 | ... AN20: =IF(ISBLANK($A20), "", IF(ISNUMBER(T20), T20/$B20, "Unknown")) -> 0.84402509 | AO20: {=MEDIAN(_xlfn._xlws.FILTER($W$6:$AN$6,($W$6:$AN$6<>"Unknown")))} -> 1
A21: 46247 | B21: =IF($A21<>"", MEDIAN($C21:$T21), "") -> 0.0745968 | C21: {=IF($A21<>"", IFERROR(_xlfn._xlws.FILTER(Log!$G:$G, (Log!$A:$A="Daily") * (Log!$C:$C=$A21) * (Log!$D:$D=C$4)), "Unknown"), "")} -> 0.113922 | D21: {=IF($A21<>"", IFERROR(_xlfn._xlws.FILTER(Log!$G:$G, (Log!$A:$A="Daily") * (Log!$C:$C=$A21) * (Log!$D:$D=D$4)), "Unknown"), "")} -> 0.120023 | E21: {=IF($A21<>"", IFERROR(_xlfn._xlws.FILTER(Log!$G:$G, (Log!$A:$A="Daily") * (Log!$C:$C=$A21) * (Log!$D:$D=E$4)), "Unknown"), "")} -> 0.0885529 | F21: {=IF($A21<>"", IFERROR(_xlfn._xlws.FILTER(Log!$G:$G, (Log!$A:$A="Daily") * (Log!$C:$C=$A21) * (Log!$D:$D=F$4)), "Unknown"), "")} -> 0.0891205 | G21: {=IF($A21<>"", IFERROR(_xlfn._xlws.FILTER(Log!$G:$G, (Log!$A:$A="Daily") * (Log!$C:$C=$A21) * (Log!$D:$D=G$4)), "Unknown"), "")} -> 0.0516624 | H21: {=IF($A21<>"", IFERROR(_xlfn._xlws.FILTER(Log!$G:$G, (Log!$A:$A="Daily") * (Log!$C:$C=$A21) * (Log!$D:$D=H$4)), "Unknown"), "")} -> 0.0743878 | I21: {=IF($A21<>"", IFERROR(_xlfn._xlws.FILTER(Log!$G:$G, (Log!$A:$A="Daily") * (Log!$C:$C=$A21) * (Log!$D:$D=I$4)), "Unknown"), "")} -> 0.07398 | J21: {=IF($A21<>"", IFERROR(_xlfn._xlws.FILTER(Log!$G:$G, (Log!$A:$A="Daily") * (Log!$C:$C=$A21) * (Log!$D:$D=J$4)), "Unknown"), "")} -> 0.0552003 | ... T21: {=IF($A21<>"", IFERROR(_xlfn._xlws.FILTER(Log!$G:$G, (Log!$A:$A="Daily") * (Log!$C:$C=$A21) * (Log!$D:$D=T$4)), "Unknown"), "")} -> 0.0748058 | U21: {=_xlfn._xlws.FILTER('Daily WE'!F:F, ('Daily WE'!$B:$B="n/a") * ('Daily WE'!$C:$C ='Daily IE'!$A21))} -> F | V21: {=_xlfn._xlws.FILTER('Daily WE'!G:G, ('Daily WE'!$B:$B="n/a") * ('Daily WE'!$C:$C ='Daily IE'!$A21))} -> 1000 | W21: =IF(ISBLANK($A21), "", IF(ISNUMBER(C21), C21/$B21, "Unknown")) -> 1.5271701 | X21: =IF(ISBLANK($A21), "", IF(ISNUMBER(D21), D21/$B21, "Unknown")) -> 1.6089564 | Y21: =IF(ISBLANK($A21), "", IF(ISNUMBER(E21), E21/$B21, "Unknown")) -> 1.1870871 | Z21: =IF(ISBLANK($A21), "", IF(ISNUMBER(F21), F21/$B21, "Unknown")) -> 1.194696 | AA21: =IF(ISBLANK($A21), "", IF(ISNUMBER(G21), G21/$B21, "Unknown")) -> 0.69255518 | AB21: =IF(ISBLANK($A21), "", IF(ISNUMBER(H21), H21/$B21, "Unknown")) -> 0.99719827 | AC21: =IF(ISBLANK($A21), "", IF(ISNUMBER(I21), I21/$B21, "Unknown")) -> 0.99173155 | AD21: =IF(ISBLANK($A21), "", IF(ISNUMBER(J21), J21/$B21, "Unknown")) -> 0.73998214 | ... AN21: =IF(ISBLANK($A21), "", IF(ISNUMBER(T21), T21/$B21, "Unknown")) -> 1.0028017
A22: 46248 | B22: =IF($A22<>"", MEDIAN($C22:$T22), "") -> 0.0939804 | C22: {=IF($A22<>"", IFERROR(_xlfn._xlws.FILTER(Log!$G:$G, (Log!$A:$A="Daily") * (Log!$C:$C=$A22) * (Log!$D:$D=C$4)), "Unknown"), "")} -> 0.121454 | D22: {=IF($A22<>"", IFERROR(_xlfn._xlws.FILTER(Log!$G:$G, (Log!$A:$A="Daily") * (Log!$C:$C=$A22) * (Log!$D:$D=D$4)), "Unknown"), "")} -> 0.107267 | E22: {=IF($A22<>"", IFERROR(_xlfn._xlws.FILTER(Log!$G:$G, (Log!$A:$A="Daily") * (Log!$C:$C=$A22) * (Log!$D:$D=E$4)), "Unknown"), "")} -> 0.104221 | F22: {=IF($A22<>"", IFERROR(_xlfn._xlws.FILTER(Log!$G:$G, (Log!$A:$A="Daily") * (Log!$C:$C=$A22) * (Log!$D:$D=F$4)), "Unknown"), "")} -> 0.090715 | G22: {=IF($A22<>"", IFERROR(_xlfn._xlws.FILTER(Log!$G:$G, (Log!$A:$A="Daily") * (Log!$C:$C=$A22) * (Log!$D:$D=G$4)), "Unknown"), "")} -> 0.0690103 | H22: {=IF($A22<>"", IFERROR(_xlfn._xlws.FILTER(Log!$G:$G, (Log!$A:$A="Daily") * (Log!$C:$C=$A22) * (Log!$D:$D=H$4)), "Unknown"), "")} -> 0.101456 | I22: {=IF($A22<>"", IFERROR(_xlfn._xlws.FILTER(Log!$G:$G, (Log!$A:$A="Daily") * (Log!$C:$C=$A22) * (Log!$D:$D=I$4)), "Unknown"), "")} -> 0.10539 | J22: {=IF($A22<>"", IFERROR(_xlfn._xlws.FILTER(Log!$G:$G, (Log!$A:$A="Daily") * (Log!$C:$C=$A22) * (Log!$D:$D=J$4)), "Unknown"), "")} -> 0.0809096 | ... T22: {=IF($A22<>"", IFERROR(_xlfn._xlws.FILTER(Log!$G:$G, (Log!$A:$A="Daily") * (Log!$C:$C=$A22) * (Log!$D:$D=T$4)), "Unknown"), "")} -> 0.0799717 | U22: {=_xlfn._xlws.FILTER('Daily WE'!F:F, ('Daily WE'!$B:$B="n/a") * ('Daily WE'!$C:$C ='Daily IE'!$A22))} -> H | V22: {=_xlfn._xlws.FILTER('Daily WE'!G:G, ('Daily WE'!$B:$B="n/a") * ('Daily WE'!$C:$C ='Daily IE'!$A22))} -> 1000 | W22: =IF(ISBLANK($A22), "", IF(ISNUMBER(C22), C22/$B22, "Unknown")) -> 1.2923333 | X22: =IF(ISBLANK($A22), "", IF(ISNUMBER(D22), D22/$B22, "Unknown")) -> 1.1413763 | Y22: =IF(ISBLANK($A22), "", IF(ISNUMBER(E22), E22/$B22, "Unknown")) -> 1.1089653 | Z22: =IF(ISBLANK($A22), "", IF(ISNUMBER(F22), F22/$B22, "Unknown")) -> 0.96525446 | AA22: =IF(ISBLANK($A22), "", IF(ISNUMBER(G22), G22/$B22, "Unknown")) -> 0.73430524 | AB22: =IF(ISBLANK($A22), "", IF(ISNUMBER(H22), H22/$B22, "Unknown")) -> 1.0795442 | AC22: =IF(ISBLANK($A22), "", IF(ISNUMBER(I22), I22/$B22, "Unknown")) -> 1.121404 | AD22: =IF(ISBLANK($A22), "", IF(ISNUMBER(J22), J22/$B22, "Unknown")) -> 0.86091994 | ... AN22: =IF(ISBLANK($A22), "", IF(ISNUMBER(T22), T22/$B22, "Unknown")) -> 0.8509402
A23: 46251 | B23: =IF($A23<>"", MEDIAN($C23:$T23), "") -> 0.0968762 | C23: {=IF($A23<>"", IFERROR(_xlfn._xlws.FILTER(Log!$G:$G, (Log!$A:$A="Daily") * (Log!$B:$B="n/a") * (Log!$C:$C=$A23) * (Log!$D:$D=C$4)), "Unknown"), "")} -> 0.112145 | D23: {=IF($A23<>"", IFERROR(_xlfn._xlws.FILTER(Log!$G:$G, (Log!$A:$A="Daily") * (Log!$B:$B="n/a") * (Log!$C:$C=$A23) * (Log!$D:$D=D$4)), "Unknown"), "")} -> 0.0953259 | E23: {=IF($A23<>"", IFERROR(_xlfn._xlws.FILTER(Log!$G:$G, (Log!$A:$A="Daily") * (Log!$B:$B="n/a") * (Log!$C:$C=$A23) * (Log!$D:$D=E$4)), "Unknown"), "")} -> 0.114796 | F23: {=IF($A23<>"", IFERROR(_xlfn._xlws.FILTER(Log!$G:$G, (Log!$A:$A="Daily") * (Log!$B:$B="n/a") * (Log!$C:$C=$A23) * (Log!$D:$D=F$4)), "Unknown"), "")} -> 0.104508 | G23: {=IF($A23<>"", IFERROR(_xlfn._xlws.FILTER(Log!$G:$G, (Log!$A:$A="Daily") * (Log!$B:$B="n/a") * (Log!$C:$C=$A23) * (Log!$D:$D=G$4)), "Unknown"), "")} -> 0.0844692 | H23: {=IF($A23<>"", IFERROR(_xlfn._xlws.FILTER(Log!$G:$G, (Log!$A:$A="Daily") * (Log!$B:$B="n/a") * (Log!$C:$C=$A23) * (Log!$D:$D=H$4)), "Unknown"), "")} -> 0.11239 | I23: {=IF($A23<>"", IFERROR(_xlfn._xlws.FILTER(Log!$G:$G, (Log!$A:$A="Daily") * (Log!$B:$B="n/a") * (Log!$C:$C=$A23) * (Log!$D:$D=I$4)), "Unknown"), "")} -> 0.108448 | J23: {=IF($A23<>"", IFERROR(_xlfn._xlws.FILTER(Log!$G:$G, (Log!$A:$A="Daily") * (Log!$B:$B="n/a") * (Log!$C:$C=$A23) * (Log!$D:$D=J$4)), "Unknown"), "")} -> 0.0879742 | ... T23: {=IF($A23<>"", IFERROR(_xlfn._xlws.FILTER(Log!$G:$G, (Log!$A:$A="Daily") * (Log!$B:$B="n/a") * (Log!$C:$C=$A23) * (Log!$D:$D=T$4)), "Unknown"), "")} -> 0.120329 | U23: {=_xlfn._xlws.FILTER('Daily WE'!F:F, ('Daily WE'!$B:$B="n/a") * ('Daily WE'!$C:$C ='Daily IE'!$A23))} -> I | V23: {=_xlfn._xlws.FILTER('Daily WE'!G:G, ('Daily WE'!$B:$B="n/a") * ('Daily WE'!$C:$C ='Daily IE'!$A23))} -> 1000 | W23: =IF(ISBLANK($A23), "", IF(ISNUMBER(C23), C23/$B23, "Unknown")) -> 1.1576115 | X23: =IF(ISBLANK($A23), "", IF(ISNUMBER(D23), D23/$B23, "Unknown")) -> 0.9839971 | Y23: =IF(ISBLANK($A23), "", IF(ISNUMBER(E23), E23/$B23, "Unknown")) -> 1.1849763 | Z23: =IF(ISBLANK($A23), "", IF(ISNUMBER(F23), F23/$B23, "Unknown")) -> 1.0787789 | AA23: =IF(ISBLANK($A23), "", IF(ISNUMBER(G23), G23/$B23, "Unknown")) -> 0.87192933 | AB23: =IF(ISBLANK($A23), "", IF(ISNUMBER(H23), H23/$B23, "Unknown")) -> 1.1601405 | AC23: =IF(ISBLANK($A23), "", IF(ISNUMBER(I23), I23/$B23, "Unknown")) -> 1.1194494 | AD23: =IF(ISBLANK($A23), "", IF(ISNUMBER(J23), J23/$B23, "Unknown")) -> 0.90810953 | ... AN23: =IF(ISBLANK($A23), "", IF(ISNUMBER(T23), T23/$B23, "Unknown")) -> 1.2420904
A24: 46252 | B24: =IF($A24<>"", MEDIAN($C24:$T24), "") -> 0.1128755 | C24: {=IF($A24<>"", IFERROR(_xlfn._xlws.FILTER(Log!$G:$G, (Log!$A:$A="Daily") * (Log!$B:$B="n/a") * (Log!$C:$C=$A24) * (Log!$D:$D=C$4)), "Unknown"), "")} -> 0.116243 | D24: {=IF($A24<>"", IFERROR(_xlfn._xlws.FILTER(Log!$G:$G, (Log!$A:$A="Daily") * (Log!$B:$B="n/a") * (Log!$C:$C=$A24) * (Log!$D:$D=D$4)), "Unknown"), "")} -> 0.114894 | E24: {=IF($A24<>"", IFERROR(_xlfn._xlws.FILTER(Log!$G:$G, (Log!$A:$A="Daily") * (Log!$B:$B="n/a") * (Log!$C:$C=$A24) * (Log!$D:$D=E$4)), "Unknown"), "")} -> 0.120318 | F24: {=IF($A24<>"", IFERROR(_xlfn._xlws.FILTER(Log!$G:$G, (Log!$A:$A="Daily") * (Log!$B:$B="n/a") * (Log!$C:$C=$A24) * (Log!$D:$D=F$4)), "Unknown"), "")} -> 0.127978 | G24: {=IF($A24<>"", IFERROR(_xlfn._xlws.FILTER(Log!$G:$G, (Log!$A:$A="Daily") * (Log!$B:$B="n/a") * (Log!$C:$C=$A24) * (Log!$D:$D=G$4)), "Unknown"), "")} -> 0.0875303 | H24: {=IF($A24<>"", IFERROR(_xlfn._xlws.FILTER(Log!$G:$G, (Log!$A:$A="Daily") * (Log!$B:$B="n/a") * (Log!$C:$C=$A24) * (Log!$D:$D=H$4)), "Unknown"), "")} -> 0.116083 | I24: {=IF($A24<>"", IFERROR(_xlfn._xlws.FILTER(Log!$G:$G, (Log!$A:$A="Daily") * (Log!$B:$B="n/a") * (Log!$C:$C=$A24) * (Log!$D:$D=I$4)), "Unknown"), "")} -> 0.132432 | J24: {=IF($A24<>"", IFERROR(_xlfn._xlws.FILTER(Log!$G:$G, (Log!$A:$A="Daily") * (Log!$B:$B="n/a") * (Log!$C:$C=$A24) * (Log!$D:$D=J$4)), "Unknown"), "")} -> 0.0704499 | ... T24: {=IF($A24<>"", IFERROR(_xlfn._xlws.FILTER(Log!$G:$G, (Log!$A:$A="Daily") * (Log!$B:$B="n/a") * (Log!$C:$C=$A24) * (Log!$D:$D=T$4)), "Unknown"), "")} -> 0.13901 | U24: {=_xlfn._xlws.FILTER('Daily WE'!F:F, ('Daily WE'!$B:$B="n/a") * ('Daily WE'!$C:$C ='Daily IE'!$A24))} -> I | V24: {=_xlfn._xlws.FILTER('Daily WE'!G:G, ('Daily WE'!$B:$B="n/a") * ('Daily WE'!$C:$C ='Daily IE'!$A24))} -> 1000 | W24: =IF(ISBLANK($A24), "", IF(ISNUMBER(C24), C24/$B24, "Unknown")) -> 1.0298338 | X24: =IF(ISBLANK($A24), "", IF(ISNUMBER(D24), D24/$B24, "Unknown")) -> 1.0178825 | Y24: =IF(ISBLANK($A24), "", IF(ISNUMBER(E24), E24/$B24, "Unknown")) -> 1.0659355 | Z24: =IF(ISBLANK($A24), "", IF(ISNUMBER(F24), F24/$B24, "Unknown")) -> 1.1337979 | AA24: =IF(ISBLANK($A24), "", IF(ISNUMBER(G24), G24/$B24, "Unknown")) -> 0.7754588 | AB24: =IF(ISBLANK($A24), "", IF(ISNUMBER(H24), H24/$B24, "Unknown")) -> 1.0284163 | AC24: =IF(ISBLANK($A24), "", IF(ISNUMBER(I24), I24/$B24, "Unknown")) -> 1.1732573 | AD24: =IF(ISBLANK($A24), "", IF(ISNUMBER(J24), J24/$B24, "Unknown")) -> 0.6241381 | ... AN24: =IF(ISBLANK($A24), "", IF(ISNUMBER(T24), T24/$B24, "Unknown")) -> 1.2315339
A25: 46253 | B25: =IF($A25<>"", MEDIAN($C25:$T25), "") -> 0.1250635 | C25: {=IF($A25<>"", IFERROR(_xlfn._xlws.FILTER(Log!$G:$G, (Log!$A:$A="Daily") * (Log!$B:$B="n/a") * (Log!$C:$C=$A25) * (Log!$D:$D=C$4)), "Unknown"), "")} -> 0.0890357 | D25: {=IF($A25<>"", IFERROR(_xlfn._xlws.FILTER(Log!$G:$G, (Log!$A:$A="Daily") * (Log!$B:$B="n/a") * (Log!$C:$C=$A25) * (Log!$D:$D=D$4)), "Unknown"), "")} -> 0.144426 | E25: {=IF($A25<>"", IFERROR(_xlfn._xlws.FILTER(Log!$G:$G, (Log!$A:$A="Daily") * (Log!$B:$B="n/a") * (Log!$C:$C=$A25) * (Log!$D:$D=E$4)), "Unknown"), "")} -> 0.147027 | F25: {=IF($A25<>"", IFERROR(_xlfn._xlws.FILTER(Log!$G:$G, (Log!$A:$A="Daily") * (Log!$B:$B="n/a") * (Log!$C:$C=$A25) * (Log!$D:$D=F$4)), "Unknown"), "")} -> 0.169396 | G25: {=IF($A25<>"", IFERROR(_xlfn._xlws.FILTER(Log!$G:$G, (Log!$A:$A="Daily") * (Log!$B:$B="n/a") * (Log!$C:$C=$A25) * (Log!$D:$D=G$4)), "Unknown"), "")} -> 0.13554 | H25: {=IF($A25<>"", IFERROR(_xlfn._xlws.FILTER(Log!$G:$G, (Log!$A:$A="Daily") * (Log!$B:$B="n/a") * (Log!$C:$C=$A25) * (Log!$D:$D=H$4)), "Unknown"), "")} -> 0.143265 | I25: {=IF($A25<>"", IFERROR(_xlfn._xlws.FILTER(Log!$G:$G, (Log!$A:$A="Daily") * (Log!$B:$B="n/a") * (Log!$C:$C=$A25) * (Log!$D:$D=I$4)), "Unknown"), "")} -> 0.16207 | J25: {=IF($A25<>"", IFERROR(_xlfn._xlws.FILTER(Log!$G:$G, (Log!$A:$A="Daily") * (Log!$B:$B="n/a") * (Log!$C:$C=$A25) * (Log!$D:$D=J$4)), "Unknown"), "")} -> 0.11059 | ... T25: {=IF($A25<>"", IFERROR(_xlfn._xlws.FILTER(Log!$G:$G, (Log!$A:$A="Daily") * (Log!$B:$B="n/a") * (Log!$C:$C=$A25) * (Log!$D:$D=T$4)), "Unknown"), "")} -> 0.1707 | U25: {=_xlfn._xlws.FILTER('Daily WE'!F:F, ('Daily WE'!$B:$B="n/a") * ('Daily WE'!$C:$C ='Daily IE'!$A25))} -> D | V25: {=_xlfn._xlws.FILTER('Daily WE'!G:G, ('Daily WE'!$B:$B="n/a") * ('Daily WE'!$C:$C ='Daily IE'!$A25))} -> 1000 | W25: =IF(ISBLANK($A25), "", IF(ISNUMBER(C25), C25/$B25, "Unknown")) -> 0.71192394 | X25: =IF(ISBLANK($A25), "", IF(ISNUMBER(D25), D25/$B25, "Unknown")) -> 1.1548214 | Y25: =IF(ISBLANK($A25), "", IF(ISNUMBER(E25), E25/$B25, "Unknown")) -> 1.1756188 | Z25: =IF(ISBLANK($A25), "", IF(ISNUMBER(F25), F25/$B25, "Unknown")) -> 1.3544799 | AA25: =IF(ISBLANK($A25), "", IF(ISNUMBER(G25), G25/$B25, "Unknown")) -> 1.0837694 | AB25: =IF(ISBLANK($A25), "", IF(ISNUMBER(H25), H25/$B25, "Unknown")) -> 1.1455381 | AC25: =IF(ISBLANK($A25), "", IF(ISNUMBER(I25), I25/$B25, "Unknown")) -> 1.2959017 | AD25: =IF(ISBLANK($A25), "", IF(ISNUMBER(J25), J25/$B25, "Unknown")) -> 0.88427079 | ... AN25: =IF(ISBLANK($A25), "", IF(ISNUMBER(T25), T25/$B25, "Unknown")) -> 1.3649066
A26: 46254 | B26: =IF($A26<>"", MEDIAN($C26:$T26), "") -> 0.1049025 | C26: {=IF($A26<>"", IFERROR(_xlfn._xlws.FILTER(Log!$G:$G, (Log!$A:$A="Daily") * (Log!$B:$B="n/a") * (Log!$C:$C=$A26) * (Log!$D:$D=C$4)), "Unknown"), "")} -> 0.0947881 | D26: {=IF($A26<>"", IFERROR(_xlfn._xlws.FILTER(Log!$G:$G, (Log!$A:$A="Daily") * (Log!$B:$B="n/a") * (Log!$C:$C=$A26) * (Log!$D:$D=D$4)), "Unknown"), "")} -> 0.111508 | E26: {=IF($A26<>"", IFERROR(_xlfn._xlws.FILTER(Log!$G:$G, (Log!$A:$A="Daily") * (Log!$B:$B="n/a") * (Log!$C:$C=$A26) * (Log!$D:$D=E$4)), "Unknown"), "")} -> 0.131754 | F26: {=IF($A26<>"", IFERROR(_xlfn._xlws.FILTER(Log!$G:$G, (Log!$A:$A="Daily") * (Log!$B:$B="n/a") * (Log!$C:$C=$A26) * (Log!$D:$D=F$4)), "Unknown"), "")} -> 0.119186 | G26: {=IF($A26<>"", IFERROR(_xlfn._xlws.FILTER(Log!$G:$G, (Log!$A:$A="Daily") * (Log!$B:$B="n/a") * (Log!$C:$C=$A26) * (Log!$D:$D=G$4)), "Unknown"), "")} -> 0.0860501 | H26: {=IF($A26<>"", IFERROR(_xlfn._xlws.FILTER(Log!$G:$G, (Log!$A:$A="Daily") * (Log!$B:$B="n/a") * (Log!$C:$C=$A26) * (Log!$D:$D=H$4)), "Unknown"), "")} -> 0.119339 | I26: {=IF($A26<>"", IFERROR(_xlfn._xlws.FILTER(Log!$G:$G, (Log!$A:$A="Daily") * (Log!$B:$B="n/a") * (Log!$C:$C=$A26) * (Log!$D:$D=I$4)), "Unknown"), "")} -> 0.126012 | J26: {=IF($A26<>"", IFERROR(_xlfn._xlws.FILTER(Log!$G:$G, (Log!$A:$A="Daily") * (Log!$B:$B="n/a") * (Log!$C:$C=$A26) * (Log!$D:$D=J$4)), "Unknown"), "")} -> 0.111093 | ... T26: {=IF($A26<>"", IFERROR(_xlfn._xlws.FILTER(Log!$G:$G, (Log!$A:$A="Daily") * (Log!$B:$B="n/a") * (Log!$C:$C=$A26) * (Log!$D:$D=T$4)), "Unknown"), "")} -> 0.102744 | U26: {=_xlfn._xlws.FILTER('Daily WE'!F:F, ('Daily WE'!$B:$B="n/a") * ('Daily WE'!$C:$C ='Daily IE'!$A26))} -> H | V26: {=_xlfn._xlws.FILTER('Daily WE'!G:G, ('Daily WE'!$B:$B="n/a") * ('Daily WE'!$C:$C ='Daily IE'!$A26))} -> 1000 | W26: =IF(ISBLANK($A26), "", IF(ISNUMBER(C26), C26/$B26, "Unknown")) -> 0.90358285 | X26: =IF(ISBLANK($A26), "", IF(ISNUMBER(D26), D26/$B26, "Unknown")) -> 1.062968 | Y26: =IF(ISBLANK($A26), "", IF(ISNUMBER(E26), E26/$B26, "Unknown")) -> 1.2559663 | Z26: =IF(ISBLANK($A26), "", IF(ISNUMBER(F26), F26/$B26, "Unknown")) -> 1.1361598 | AA26: =IF(ISBLANK($A26), "", IF(ISNUMBER(G26), G26/$B26, "Unknown")) -> 0.82028646 | AB26: =IF(ISBLANK($A26), "", IF(ISNUMBER(H26), H26/$B26, "Unknown")) -> 1.1376183 | AC26: =IF(ISBLANK($A26), "", IF(ISNUMBER(I26), I26/$B26, "Unknown")) -> 1.2012297 | AD26: =IF(ISBLANK($A26), "", IF(ISNUMBER(J26), J26/$B26, "Unknown")) -> 1.0590119 | ... AN26: =IF(ISBLANK($A26), "", IF(ISNUMBER(T26), T26/$B26, "Unknown")) -> 0.97942375
A27: 46255 | B27: =IF($A27<>"", MEDIAN($C27:$T27), "") -> 0.104806 | C27: {=IF($A27<>"", IFERROR(_xlfn._xlws.FILTER(Log!$G:$G, (Log!$A:$A="Daily") * (Log!$B:$B="n/a") * (Log!$C:$C=$A27) * (Log!$D:$D=C$4)), "Unknown"), "")} -> 0.108658 | D27: {=IF($A27<>"", IFERROR(_xlfn._xlws.FILTER(Log!$G:$G, (Log!$A:$A="Daily") * (Log!$B:$B="n/a") * (Log!$C:$C=$A27) * (Log!$D:$D=D$4)), "Unknown"), "")} -> 0.110641 | E27: {=IF($A27<>"", IFERROR(_xlfn._xlws.FILTER(Log!$G:$G, (Log!$A:$A="Daily") * (Log!$B:$B="n/a") * (Log!$C:$C=$A27) * (Log!$D:$D=E$4)), "Unknown"), "")} -> 0.127246 | F27: {=IF($A27<>"", IFERROR(_xlfn._xlws.FILTER(Log!$G:$G, (Log!$A:$A="Daily") * (Log!$B:$B="n/a") * (Log!$C:$C=$A27) * (Log!$D:$D=F$4)), "Unknown"), "")} -> 0.110322 | G27: {=IF($A27<>"", IFERROR(_xlfn._xlws.FILTER(Log!$G:$G, (Log!$A:$A="Daily") * (Log!$B:$B="n/a") * (Log!$C:$C=$A27) * (Log!$D:$D=G$4)), "Unknown"), "")} -> 0.0768263 | H27: {=IF($A27<>"", IFERROR(_xlfn._xlws.FILTER(Log!$G:$G, (Log!$A:$A="Daily") * (Log!$B:$B="n/a") * (Log!$C:$C=$A27) * (Log!$D:$D=H$4)), "Unknown"), "")} -> 0.104654 | I27: {=IF($A27<>"", IFERROR(_xlfn._xlws.FILTER(Log!$G:$G, (Log!$A:$A="Daily") * (Log!$B:$B="n/a") * (Log!$C:$C=$A27) * (Log!$D:$D=I$4)), "Unknown"), "")} -> 0.104958 | J27: {=IF($A27<>"", IFERROR(_xlfn._xlws.FILTER(Log!$G:$G, (Log!$A:$A="Daily") * (Log!$B:$B="n/a") * (Log!$C:$C=$A27) * (Log!$D:$D=J$4)), "Unknown"), "")} -> 0.0816554 | ... T27: {=IF($A27<>"", IFERROR(_xlfn._xlws.FILTER(Log!$G:$G, (Log!$A:$A="Daily") * (Log!$B:$B="n/a") * (Log!$C:$C=$A27) * (Log!$D:$D=T$4)), "Unknown"), "")} -> 0.0939723 | U27: {=_xlfn._xlws.FILTER('Daily WE'!F:F, ('Daily WE'!$B:$B="n/a") * ('Daily WE'!$C:$C ='Daily IE'!$A27))} -> H | V27: {=_xlfn._xlws.FILTER('Daily WE'!G:G, ('Daily WE'!$B:$B="n/a") * ('Daily WE'!$C:$C ='Daily IE'!$A27))} -> 1000 | W27: =IF(ISBLANK($A27), "", IF(ISNUMBER(C27), C27/$B27, "Unknown")) -> 1.0367536 | X27: =IF(ISBLANK($A27), "", IF(ISNUMBER(D27), D27/$B27, "Unknown")) -> 1.0556743 | Y27: =IF(ISBLANK($A27), "", IF(ISNUMBER(E27), E27/$B27, "Unknown")) -> 1.2141099 | Z27: =IF(ISBLANK($A27), "", IF(ISNUMBER(F27), F27/$B27, "Unknown")) -> 1.0526306 | AA27: =IF(ISBLANK($A27), "", IF(ISNUMBER(G27), G27/$B27, "Unknown")) -> 0.73303341 | AB27: =IF(ISBLANK($A27), "", IF(ISNUMBER(H27), H27/$B27, "Unknown")) -> 0.9985497 | AC27: =IF(ISBLANK($A27), "", IF(ISNUMBER(I27), I27/$B27, "Unknown")) -> 1.0014503 | AD27: =IF(ISBLANK($A27), "", IF(ISNUMBER(J27), J27/$B27, "Unknown")) -> 0.77910997 | ... AN27: =IF(ISBLANK($A27), "", IF(ISNUMBER(T27), T27/$B27, "Unknown")) -> 0.89663092
B28: =IF($A28<>"", MEDIAN($C28:$T28), "") | C28: {=IF($A28<>"", IFERROR(_xlfn._xlws.FILTER(Log!$G:$G, (Log!$A:$A="Daily") * (Log!$B:$B="n/a") * (Log!$C:$C=$A28) * (Log!$D:$D=C$4)), "Unknown"), "")} | D28: {=IF($A28<>"", IFERROR(_xlfn._xlws.FILTER(Log!$G:$G, (Log!$A:$A="Daily") * (Log!$B:$B="n/a") * (Log!$C:$C=$A28) * (Log!$D:$D=D$4)), "Unknown"), "")} | E28: {=IF($A28<>"", IFERROR(_xlfn._xlws.FILTER(Log!$G:$G, (Log!$A:$A="Daily") * (Log!$B:$B="n/a") * (Log!$C:$C=$A28) * (Log!$D:$D=E$4)), "Unknown"), "")} | F28: {=IF($A28<>"", IFERROR(_xlfn._xlws.FILTER(Log!$G:$G, (Log!$A:$A="Daily") * (Log!$B:$B="n/a") * (Log!$C:$C=$A28) * (Log!$D:$D=F$4)), "Unknown"), "")} | G28: {=IF($A28<>"", IFERROR(_xlfn._xlws.FILTER(Log!$G:$G, (Log!$A:$A="Daily") * (Log!$B:$B="n/a") * (Log!$C:$C=$A28) * (Log!$D:$D=G$4)), "Unknown"), "")} | H28: {=IF($A28<>"", IFERROR(_xlfn._xlws.FILTER(Log!$G:$G, (Log!$A:$A="Daily") * (Log!$B:$B="n/a") * (Log!$C:$C=$A28) * (Log!$D:$D=H$4)), "Unknown"), "")} | I28: {=IF($A28<>"", IFERROR(_xlfn._xlws.FILTER(Log!$G:$G, (Log!$A:$A="Daily") * (Log!$B:$B="n/a") * (Log!$C:$C=$A28) * (Log!$D:$D=I$4)), "Unknown"), "")} | J28: {=IF($A28<>"", IFERROR(_xlfn._xlws.FILTER(Log!$G:$G, (Log!$A:$A="Daily") * (Log!$B:$B="n/a") * (Log!$C:$C=$A28) * (Log!$D:$D=J$4)), "Unknown"), "")} | ... T28: {=IF($A28<>"", IFERROR(_xlfn._xlws.FILTER(Log!$G:$G, (Log!$A:$A="Daily") * (Log!$B:$B="n/a") * (Log!$C:$C=$A28) * (Log!$D:$D=T$4)), "Unknown"), "")} | W28: =IF(ISBLANK($A28), "", IF(ISNUMBER(C28), C28/$B28, "Unknown")) | X28: =IF(ISBLANK($A28), "", IF(ISNUMBER(D28), D28/$B28, "Unknown")) | Y28: =IF(ISBLANK($A28), "", IF(ISNUMBER(E28), E28/$B28, "Unknown")) | Z28: =IF(ISBLANK($A28), "", IF(ISNUMBER(F28), F28/$B28, "Unknown")) | AA28: =IF(ISBLANK($A28), "", IF(ISNUMBER(G28), G28/$B28, "Unknown")) | AB28: =IF(ISBLANK($A28), "", IF(ISNUMBER(H28), H28/$B28, "Unknown")) | AC28: =IF(ISBLANK($A28), "", IF(ISNUMBER(I28), I28/$B28, "Unknown")) | AD28: =IF(ISBLANK($A28), "", IF(ISNUMBER(J28), J28/$B28, "Unknown")) | ... AN28: =IF(ISBLANK($A28), "", IF(ISNUMBER(T28), T28/$B28, "Unknown"))
B29: =IF($A29<>"", MEDIAN($C29:$T29), "") | C29: {=IF($A29<>"", IFERROR(_xlfn._xlws.FILTER(Log!$G:$G, (Log!$A:$A="Daily") * (Log!$B:$B="n/a") * (Log!$C:$C=$A29) * (Log!$D:$D=C$4)), "Unknown"), "")} | D29: {=IF($A29<>"", IFERROR(_xlfn._xlws.FILTER(Log!$G:$G, (Log!$A:$A="Daily") * (Log!$B:$B="n/a") * (Log!$C:$C=$A29) * (Log!$D:$D=D$4)), "Unknown"), "")} | E29: {=IF($A29<>"", IFERROR(_xlfn._xlws.FILTER(Log!$G:$G, (Log!$A:$A="Daily") * (Log!$B:$B="n/a") * (Log!$C:$C=$A29) * (Log!$D:$D=E$4)), "Unknown"), "")} | F29: {=IF($A29<>"", IFERROR(_xlfn._xlws.FILTER(Log!$G:$G, (Log!$A:$A="Daily") * (Log!$B:$B="n/a") * (Log!$C:$C=$A29) * (Log!$D:$D=F$4)), "Unknown"), "")} | G29: {=IF($A29<>"", IFERROR(_xlfn._xlws.FILTER(Log!$G:$G, (Log!$A:$A="Daily") * (Log!$B:$B="n/a") * (Log!$C:$C=$A29) * (Log!$D:$D=G$4)), "Unknown"), "")} | H29: {=IF($A29<>"", IFERROR(_xlfn._xlws.FILTER(Log!$G:$G, (Log!$A:$A="Daily") * (Log!$B:$B="n/a") * (Log!$C:$C=$A29) * (Log!$D:$D=H$4)), "Unknown"), "")} | I29: {=IF($A29<>"", IFERROR(_xlfn._xlws.FILTER(Log!$G:$G, (Log!$A:$A="Daily") * (Log!$B:$B="n/a") * (Log!$C:$C=$A29) * (Log!$D:$D=I$4)), "Unknown"), "")} | J29: {=IF($A29<>"", IFERROR(_xlfn._xlws.FILTER(Log!$G:$G, (Log!$A:$A="Daily") * (Log!$B:$B="n/a") * (Log!$C:$C=$A29) * (Log!$D:$D=J$4)), "Unknown"), "")} | ... T29: {=IF($A29<>"", IFERROR(_xlfn._xlws.FILTER(Log!$G:$G, (Log!$A:$A="Daily") * (Log!$B:$B="n/a") * (Log!$C:$C=$A29) * (Log!$D:$D=T$4)), "Unknown"), "")} | W29: =IF(ISBLANK($A29), "", IF(ISNUMBER(C29), C29/$B29, "Unknown")) | X29: =IF(ISBLANK($A29), "", IF(ISNUMBER(D29), D29/$B29, "Unknown")) | Y29: =IF(ISBLANK($A29), "", IF(ISNUMBER(E29), E29/$B29, "Unknown")) | Z29: =IF(ISBLANK($A29), "", IF(ISNUMBER(F29), F29/$B29, "Unknown")) | AA29: =IF(ISBLANK($A29), "", IF(ISNUMBER(G29), G29/$B29, "Unknown")) | AB29: =IF(ISBLANK($A29), "", IF(ISNUMBER(H29), H29/$B29, "Unknown")) | AC29: =IF(ISBLANK($A29), "", IF(ISNUMBER(I29), I29/$B29, "Unknown")) | AD29: =IF(ISBLANK($A29), "", IF(ISNUMBER(J29), J29/$B29, "Unknown")) | ... AN29: =IF(ISBLANK($A29), "", IF(ISNUMBER(T29), T29/$B29, "Unknown"))
B30: =IF($A30<>"", MEDIAN($C30:$T30), "") | C30: {=IF($A30<>"", IFERROR(_xlfn._xlws.FILTER(Log!$G:$G, (Log!$A:$A="Daily") * (Log!$B:$B="n/a") * (Log!$C:$C=$A30) * (Log!$D:$D=C$4)), "Unknown"), "")} | D30: {=IF($A30<>"", IFERROR(_xlfn._xlws.FILTER(Log!$G:$G, (Log!$A:$A="Daily") * (Log!$B:$B="n/a") * (Log!$C:$C=$A30) * (Log!$D:$D=D$4)), "Unknown"), "")} | E30: {=IF($A30<>"", IFERROR(_xlfn._xlws.FILTER(Log!$G:$G, (Log!$A:$A="Daily") * (Log!$B:$B="n/a") * (Log!$C:$C=$A30) * (Log!$D:$D=E$4)), "Unknown"), "")} | F30: {=IF($A30<>"", IFERROR(_xlfn._xlws.FILTER(Log!$G:$G, (Log!$A:$A="Daily") * (Log!$B:$B="n/a") * (Log!$C:$C=$A30) * (Log!$D:$D=F$4)), "Unknown"), "")} | G30: {=IF($A30<>"", IFERROR(_xlfn._xlws.FILTER(Log!$G:$G, (Log!$A:$A="Daily") * (Log!$B:$B="n/a") * (Log!$C:$C=$A30) * (Log!$D:$D=G$4)), "Unknown"), "")} | H30: {=IF($A30<>"", IFERROR(_xlfn._xlws.FILTER(Log!$G:$G, (Log!$A:$A="Daily") * (Log!$B:$B="n/a") * (Log!$C:$C=$A30) * (Log!$D:$D=H$4)), "Unknown"), "")} | I30: {=IF($A30<>"", IFERROR(_xlfn._xlws.FILTER(Log!$G:$G, (Log!$A:$A="Daily") * (Log!$B:$B="n/a") * (Log!$C:$C=$A30) * (Log!$D:$D=I$4)), "Unknown"), "")} | J30: {=IF($A30<>"", IFERROR(_xlfn._xlws.FILTER(Log!$G:$G, (Log!$A:$A="Daily") * (Log!$B:$B="n/a") * (Log!$C:$C=$A30) * (Log!$D:$D=J$4)), "Unknown"), "")} | ... T30: {=IF($A30<>"", IFERROR(_xlfn._xlws.FILTER(Log!$G:$G, (Log!$A:$A="Daily") * (Log!$B:$B="n/a") * (Log!$C:$C=$A30) * (Log!$D:$D=T$4)), "Unknown"), "")} | W30: =IF(ISBLANK($A30), "", IF(ISNUMBER(C30), C30/$B30, "Unknown")) | X30: =IF(ISBLANK($A30), "", IF(ISNUMBER(D30), D30/$B30, "Unknown")) | Y30: =IF(ISBLANK($A30), "", IF(ISNUMBER(E30), E30/$B30, "Unknown")) | Z30: =IF(ISBLANK($A30), "", IF(ISNUMBER(F30), F30/$B30, "Unknown")) | AA30: =IF(ISBLANK($A30), "", IF(ISNUMBER(G30), G30/$B30, "Unknown")) | AB30: =IF(ISBLANK($A30), "", IF(ISNUMBER(H30), H30/$B30, "Unknown")) | AC30: =IF(ISBLANK($A30), "", IF(ISNUMBER(I30), I30/$B30, "Unknown")) | AD30: =IF(ISBLANK($A30), "", IF(ISNUMBER(J30), J30/$B30, "Unknown")) | ... AN30: =IF(ISBLANK($A30), "", IF(ISNUMBER(T30), T30/$B30, "Unknown"))
B31: =IF($A31<>"", MEDIAN($C31:$T31), "") | C31: {=IF($A31<>"", IFERROR(_xlfn._xlws.FILTER(Log!$G:$G, (Log!$A:$A="Daily") * (Log!$B:$B="n/a") * (Log!$C:$C=$A31) * (Log!$D:$D=C$4)), "Unknown"), "")} | D31: {=IF($A31<>"", IFERROR(_xlfn._xlws.FILTER(Log!$G:$G, (Log!$A:$A="Daily") * (Log!$B:$B="n/a") * (Log!$C:$C=$A31) * (Log!$D:$D=D$4)), "Unknown"), "")} | E31: {=IF($A31<>"", IFERROR(_xlfn._xlws.FILTER(Log!$G:$G, (Log!$A:$A="Daily") * (Log!$B:$B="n/a") * (Log!$C:$C=$A31) * (Log!$D:$D=E$4)), "Unknown"), "")} | F31: {=IF($A31<>"", IFERROR(_xlfn._xlws.FILTER(Log!$G:$G, (Log!$A:$A="Daily") * (Log!$B:$B="n/a") * (Log!$C:$C=$A31) * (Log!$D:$D=F$4)), "Unknown"), "")} | G31: {=IF($A31<>"", IFERROR(_xlfn._xlws.FILTER(Log!$G:$G, (Log!$A:$A="Daily") * (Log!$B:$B="n/a") * (Log!$C:$C=$A31) * (Log!$D:$D=G$4)), "Unknown"), "")} | H31: {=IF($A31<>"", IFERROR(_xlfn._xlws.FILTER(Log!$G:$G, (Log!$A:$A="Daily") * (Log!$B:$B="n/a") * (Log!$C:$C=$A31) * (Log!$D:$D=H$4)), "Unknown"), "")} | I31: {=IF($A31<>"", IFERROR(_xlfn._xlws.FILTER(Log!$G:$G, (Log!$A:$A="Daily") * (Log!$B:$B="n/a") * (Log!$C:$C=$A31) * (Log!$D:$D=I$4)), "Unknown"), "")} | J31: {=IF($A31<>"", IFERROR(_xlfn._xlws.FILTER(Log!$G:$G, (Log!$A:$A="Daily") * (Log!$B:$B="n/a") * (Log!$C:$C=$A31) * (Log!$D:$D=J$4)), "Unknown"), "")} | ... T31: {=IF($A31<>"", IFERROR(_xlfn._xlws.FILTER(Log!$G:$G, (Log!$A:$A="Daily") * (Log!$B:$B="n/a") * (Log!$C:$C=$A31) * (Log!$D:$D=T$4)), "Unknown"), "")} | W31: =IF(ISBLANK($A31), "", IF(ISNUMBER(C31), C31/$B31, "Unknown")) | X31: =IF(ISBLANK($A31), "", IF(ISNUMBER(D31), D31/$B31, "Unknown")) | Y31: =IF(ISBLANK($A31), "", IF(ISNUMBER(E31), E31/$B31, "Unknown")) | Z31: =IF(ISBLANK($A31), "", IF(ISNUMBER(F31), F31/$B31, "Unknown")) | AA31: =IF(ISBLANK($A31), "", IF(ISNUMBER(G31), G31/$B31, "Unknown")) | AB31: =IF(ISBLANK($A31), "", IF(ISNUMBER(H31), H31/$B31, "Unknown")) | AC31: =IF(ISBLANK($A31), "", IF(ISNUMBER(I31), I31/$B31, "Unknown")) | AD31: =IF(ISBLANK($A31), "", IF(ISNUMBER(J31), J31/$B31, "Unknown")) | ... AN31: =IF(ISBLANK($A31), "", IF(ISNUMBER(T31), T31/$B31, "Unknown"))
B32: =IF($A32<>"", MEDIAN($C32:$T32), "") | C32: {=IF($A32<>"", IFERROR(_xlfn._xlws.FILTER(Log!$G:$G, (Log!$A:$A="Daily") * (Log!$B:$B="n/a") * (Log!$C:$C=$A32) * (Log!$D:$D=C$4)), "Unknown"), "")} | D32: {=IF($A32<>"", IFERROR(_xlfn._xlws.FILTER(Log!$G:$G, (Log!$A:$A="Daily") * (Log!$B:$B="n/a") * (Log!$C:$C=$A32) * (Log!$D:$D=D$4)), "Unknown"), "")} | E32: {=IF($A32<>"", IFERROR(_xlfn._xlws.FILTER(Log!$G:$G, (Log!$A:$A="Daily") * (Log!$B:$B="n/a") * (Log!$C:$C=$A32) * (Log!$D:$D=E$4)), "Unknown"), "")} | F32: {=IF($A32<>"", IFERROR(_xlfn._xlws.FILTER(Log!$G:$G, (Log!$A:$A="Daily") * (Log!$B:$B="n/a") * (Log!$C:$C=$A32) * (Log!$D:$D=F$4)), "Unknown"), "")} | G32: {=IF($A32<>"", IFERROR(_xlfn._xlws.FILTER(Log!$G:$G, (Log!$A:$A="Daily") * (Log!$B:$B="n/a") * (Log!$C:$C=$A32) * (Log!$D:$D=G$4)), "Unknown"), "")} | H32: {=IF($A32<>"", IFERROR(_xlfn._xlws.FILTER(Log!$G:$G, (Log!$A:$A="Daily") * (Log!$B:$B="n/a") * (Log!$C:$C=$A32) * (Log!$D:$D=H$4)), "Unknown"), "")} | I32: {=IF($A32<>"", IFERROR(_xlfn._xlws.FILTER(Log!$G:$G, (Log!$A:$A="Daily") * (Log!$B:$B="n/a") * (Log!$C:$C=$A32) * (Log!$D:$D=I$4)), "Unknown"), "")} | J32: {=IF($A32<>"", IFERROR(_xlfn._xlws.FILTER(Log!$G:$G, (Log!$A:$A="Daily") * (Log!$B:$B="n/a") * (Log!$C:$C=$A32) * (Log!$D:$D=J$4)), "Unknown"), "")} | ... T32: {=IF($A32<>"", IFERROR(_xlfn._xlws.FILTER(Log!$G:$G, (Log!$A:$A="Daily") * (Log!$B:$B="n/a") * (Log!$C:$C=$A32) * (Log!$D:$D=T$4)), "Unknown"), "")} | W32: =IF(ISBLANK($A32), "", IF(ISNUMBER(C32), C32/$B32, "Unknown")) | X32: =IF(ISBLANK($A32), "", IF(ISNUMBER(D32), D32/$B32, "Unknown")) | Y32: =IF(ISBLANK($A32), "", IF(ISNUMBER(E32), E32/$B32, "Unknown")) | Z32: =IF(ISBLANK($A32), "", IF(ISNUMBER(F32), F32/$B32, "Unknown")) | AA32: =IF(ISBLANK($A32), "", IF(ISNUMBER(G32), G32/$B32, "Unknown")) | AB32: =IF(ISBLANK($A32), "", IF(ISNUMBER(H32), H32/$B32, "Unknown")) | AC32: =IF(ISBLANK($A32), "", IF(ISNUMBER(I32), I32/$B32, "Unknown")) | AD32: =IF(ISBLANK($A32), "", IF(ISNUMBER(J32), J32/$B32, "Unknown")) | ... AN32: =IF(ISBLANK($A32), "", IF(ISNUMBER(T32), T32/$B32, "Unknown"))
B33: =IF($A33<>"", MEDIAN($C33:$T33), "") | C33: {=IF($A33<>"", IFERROR(_xlfn._xlws.FILTER(Log!$G:$G, (Log!$A:$A="Daily") * (Log!$B:$B="n/a") * (Log!$C:$C=$A33) * (Log!$D:$D=C$4)), "Unknown"), "")} | D33: {=IF($A33<>"", IFERROR(_xlfn._xlws.FILTER(Log!$G:$G, (Log!$A:$A="Daily") * (Log!$B:$B="n/a") * (Log!$C:$C=$A33) * (Log!$D:$D=D$4)), "Unknown"), "")} | E33: {=IF($A33<>"", IFERROR(_xlfn._xlws.FILTER(Log!$G:$G, (Log!$A:$A="Daily") * (Log!$B:$B="n/a") * (Log!$C:$C=$A33) * (Log!$D:$D=E$4)), "Unknown"), "")} | F33: {=IF($A33<>"", IFERROR(_xlfn._xlws.FILTER(Log!$G:$G, (Log!$A:$A="Daily") * (Log!$B:$B="n/a") * (Log!$C:$C=$A33) * (Log!$D:$D=F$4)), "Unknown"), "")} | G33: {=IF($A33<>"", IFERROR(_xlfn._xlws.FILTER(Log!$G:$G, (Log!$A:$A="Daily") * (Log!$B:$B="n/a") * (Log!$C:$C=$A33) * (Log!$D:$D=G$4)), "Unknown"), "")} | H33: {=IF($A33<>"", IFERROR(_xlfn._xlws.FILTER(Log!$G:$G, (Log!$A:$A="Daily") * (Log!$B:$B="n/a") * (Log!$C:$C=$A33) * (Log!$D:$D=H$4)), "Unknown"), "")} | I33: {=IF($A33<>"", IFERROR(_xlfn._xlws.FILTER(Log!$G:$G, (Log!$A:$A="Daily") * (Log!$B:$B="n/a") * (Log!$C:$C=$A33) * (Log!$D:$D=I$4)), "Unknown"), "")} | J33: {=IF($A33<>"", IFERROR(_xlfn._xlws.FILTER(Log!$G:$G, (Log!$A:$A="Daily") * (Log!$B:$B="n/a") * (Log!$C:$C=$A33) * (Log!$D:$D=J$4)), "Unknown"), "")} | ... T33: {=IF($A33<>"", IFERROR(_xlfn._xlws.FILTER(Log!$G:$G, (Log!$A:$A="Daily") * (Log!$B:$B="n/a") * (Log!$C:$C=$A33) * (Log!$D:$D=T$4)), "Unknown"), "")} | W33: =IF(ISBLANK($A33), "", IF(ISNUMBER(C33), C33/$B33, "Unknown")) | X33: =IF(ISBLANK($A33), "", IF(ISNUMBER(D33), D33/$B33, "Unknown")) | Y33: =IF(ISBLANK($A33), "", IF(ISNUMBER(E33), E33/$B33, "Unknown")) | Z33: =IF(ISBLANK($A33), "", IF(ISNUMBER(F33), F33/$B33, "Unknown")) | AA33: =IF(ISBLANK($A33), "", IF(ISNUMBER(G33), G33/$B33, "Unknown")) | AB33: =IF(ISBLANK($A33), "", IF(ISNUMBER(H33), H33/$B33, "Unknown")) | AC33: =IF(ISBLANK($A33), "", IF(ISNUMBER(I33), I33/$B33, "Unknown")) | AD33: =IF(ISBLANK($A33), "", IF(ISNUMBER(J33), J33/$B33, "Unknown")) | ... AN33: =IF(ISBLANK($A33), "", IF(ISNUMBER(T33), T33/$B33, "Unknown"))
B34: =IF($A34<>"", MEDIAN($C34:$T34), "") | C34: {=IF($A34<>"", IFERROR(_xlfn._xlws.FILTER(Log!$G:$G, (Log!$A:$A="Daily") * (Log!$B:$B="n/a") * (Log!$C:$C=$A34) * (Log!$D:$D=C$4)), "Unknown"), "")} | D34: {=IF($A34<>"", IFERROR(_xlfn._xlws.FILTER(Log!$G:$G, (Log!$A:$A="Daily") * (Log!$B:$B="n/a") * (Log!$C:$C=$A34) * (Log!$D:$D=D$4)), "Unknown"), "")} | E34: {=IF($A34<>"", IFERROR(_xlfn._xlws.FILTER(Log!$G:$G, (Log!$A:$A="Daily") * (Log!$B:$B="n/a") * (Log!$C:$C=$A34) * (Log!$D:$D=E$4)), "Unknown"), "")} | F34: {=IF($A34<>"", IFERROR(_xlfn._xlws.FILTER(Log!$G:$G, (Log!$A:$A="Daily") * (Log!$B:$B="n/a") * (Log!$C:$C=$A34) * (Log!$D:$D=F$4)), "Unknown"), "")} | G34: {=IF($A34<>"", IFERROR(_xlfn._xlws.FILTER(Log!$G:$G, (Log!$A:$A="Daily") * (Log!$B:$B="n/a") * (Log!$C:$C=$A34) * (Log!$D:$D=G$4)), "Unknown"), "")} | H34: {=IF($A34<>"", IFERROR(_xlfn._xlws.FILTER(Log!$G:$G, (Log!$A:$A="Daily") * (Log!$B:$B="n/a") * (Log!$C:$C=$A34) * (Log!$D:$D=H$4)), "Unknown"), "")} | I34: {=IF($A34<>"", IFERROR(_xlfn._xlws.FILTER(Log!$G:$G, (Log!$A:$A="Daily") * (Log!$B:$B="n/a") * (Log!$C:$C=$A34) * (Log!$D:$D=I$4)), "Unknown"), "")} | J34: {=IF($A34<>"", IFERROR(_xlfn._xlws.FILTER(Log!$G:$G, (Log!$A:$A="Daily") * (Log!$B:$B="n/a") * (Log!$C:$C=$A34) * (Log!$D:$D=J$4)), "Unknown"), "")} | ... T34: {=IF($A34<>"", IFERROR(_xlfn._xlws.FILTER(Log!$G:$G, (Log!$A:$A="Daily") * (Log!$B:$B="n/a") * (Log!$C:$C=$A34) * (Log!$D:$D=T$4)), "Unknown"), "")} | W34: =IF(ISBLANK($A34), "", IF(ISNUMBER(C34), C34/$B34, "Unknown")) | X34: =IF(ISBLANK($A34), "", IF(ISNUMBER(D34), D34/$B34, "Unknown")) | Y34: =IF(ISBLANK($A34), "", IF(ISNUMBER(E34), E34/$B34, "Unknown")) | Z34: =IF(ISBLANK($A34), "", IF(ISNUMBER(F34), F34/$B34, "Unknown")) | AA34: =IF(ISBLANK($A34), "", IF(ISNUMBER(G34), G34/$B34, "Unknown")) | AB34: =IF(ISBLANK($A34), "", IF(ISNUMBER(H34), H34/$B34, "Unknown")) | AC34: =IF(ISBLANK($A34), "", IF(ISNUMBER(I34), I34/$B34, "Unknown")) | AD34: =IF(ISBLANK($A34), "", IF(ISNUMBER(J34), J34/$B34, "Unknown")) | ... AN34: =IF(ISBLANK($A34), "", IF(ISNUMBER(T34), T34/$B34, "Unknown"))
B35: =IF($A35<>"", MEDIAN($C35:$T35), "") | C35: {=IF($A35<>"", IFERROR(_xlfn._xlws.FILTER(Log!$G:$G, (Log!$A:$A="Daily") * (Log!$B:$B="n/a") * (Log!$C:$C=$A35) * (Log!$D:$D=C$4)), "Unknown"), "")} | D35: {=IF($A35<>"", IFERROR(_xlfn._xlws.FILTER(Log!$G:$G, (Log!$A:$A="Daily") * (Log!$B:$B="n/a") * (Log!$C:$C=$A35) * (Log!$D:$D=D$4)), "Unknown"), "")} | E35: {=IF($A35<>"", IFERROR(_xlfn._xlws.FILTER(Log!$G:$G, (Log!$A:$A="Daily") * (Log!$B:$B="n/a") * (Log!$C:$C=$A35) * (Log!$D:$D=E$4)), "Unknown"), "")} | F35: {=IF($A35<>"", IFERROR(_xlfn._xlws.FILTER(Log!$G:$G, (Log!$A:$A="Daily") * (Log!$B:$B="n/a") * (Log!$C:$C=$A35) * (Log!$D:$D=F$4)), "Unknown"), "")} | G35: {=IF($A35<>"", IFERROR(_xlfn._xlws.FILTER(Log!$G:$G, (Log!$A:$A="Daily") * (Log!$B:$B="n/a") * (Log!$C:$C=$A35) * (Log!$D:$D=G$4)), "Unknown"), "")} | H35: {=IF($A35<>"", IFERROR(_xlfn._xlws.FILTER(Log!$G:$G, (Log!$A:$A="Daily") * (Log!$B:$B="n/a") * (Log!$C:$C=$A35) * (Log!$D:$D=H$4)), "Unknown"), "")} | I35: {=IF($A35<>"", IFERROR(_xlfn._xlws.FILTER(Log!$G:$G, (Log!$A:$A="Daily") * (Log!$B:$B="n/a") * (Log!$C:$C=$A35) * (Log!$D:$D=I$4)), "Unknown"), "")} | J35: {=IF($A35<>"", IFERROR(_xlfn._xlws.FILTER(Log!$G:$G, (Log!$A:$A="Daily") * (Log!$B:$B="n/a") * (Log!$C:$C=$A35) * (Log!$D:$D=J$4)), "Unknown"), "")} | ... T35: {=IF($A35<>"", IFERROR(_xlfn._xlws.FILTER(Log!$G:$G, (Log!$A:$A="Daily") * (Log!$B:$B="n/a") * (Log!$C:$C=$A35) * (Log!$D:$D=T$4)), "Unknown"), "")} | W35: =IF(ISBLANK($A35), "", IF(ISNUMBER(C35), C35/$B35, "Unknown")) | X35: =IF(ISBLANK($A35), "", IF(ISNUMBER(D35), D35/$B35, "Unknown")) | Y35: =IF(ISBLANK($A35), "", IF(ISNUMBER(E35), E35/$B35, "Unknown")) | Z35: =IF(ISBLANK($A35), "", IF(ISNUMBER(F35), F35/$B35, "Unknown")) | AA35: =IF(ISBLANK($A35), "", IF(ISNUMBER(G35), G35/$B35, "Unknown")) | AB35: =IF(ISBLANK($A35), "", IF(ISNUMBER(H35), H35/$B35, "Unknown")) | AC35: =IF(ISBLANK($A35), "", IF(ISNUMBER(I35), I35/$B35, "Unknown")) | AD35: =IF(ISBLANK($A35), "", IF(ISNUMBER(J35), J35/$B35, "Unknown")) | ... AN35: =IF(ISBLANK($A35), "", IF(ISNUMBER(T35), T35/$B35, "Unknown"))
B36: =IF($A36<>"", MEDIAN($C36:$T36), "") | C36: {=IF($A36<>"", IFERROR(_xlfn._xlws.FILTER(Log!$G:$G, (Log!$A:$A="Daily") * (Log!$B:$B="n/a") * (Log!$C:$C=$A36) * (Log!$D:$D=C$4)), "Unknown"), "")} | D36: {=IF($A36<>"", IFERROR(_xlfn._xlws.FILTER(Log!$G:$G, (Log!$A:$A="Daily") * (Log!$B:$B="n/a") * (Log!$C:$C=$A36) * (Log!$D:$D=D$4)), "Unknown"), "")} | E36: {=IF($A36<>"", IFERROR(_xlfn._xlws.FILTER(Log!$G:$G, (Log!$A:$A="Daily") * (Log!$B:$B="n/a") * (Log!$C:$C=$A36) * (Log!$D:$D=E$4)), "Unknown"), "")} | F36: {=IF($A36<>"", IFERROR(_xlfn._xlws.FILTER(Log!$G:$G, (Log!$A:$A="Daily") * (Log!$B:$B="n/a") * (Log!$C:$C=$A36) * (Log!$D:$D=F$4)), "Unknown"), "")} | G36: {=IF($A36<>"", IFERROR(_xlfn._xlws.FILTER(Log!$G:$G, (Log!$A:$A="Daily") * (Log!$B:$B="n/a") * (Log!$C:$C=$A36) * (Log!$D:$D=G$4)), "Unknown"), "")} | H36: {=IF($A36<>"", IFERROR(_xlfn._xlws.FILTER(Log!$G:$G, (Log!$A:$A="Daily") * (Log!$B:$B="n/a") * (Log!$C:$C=$A36) * (Log!$D:$D=H$4)), "Unknown"), "")} | I36: {=IF($A36<>"", IFERROR(_xlfn._xlws.FILTER(Log!$G:$G, (Log!$A:$A="Daily") * (Log!$B:$B="n/a") * (Log!$C:$C=$A36) * (Log!$D:$D=I$4)), "Unknown"), "")} | J36: {=IF($A36<>"", IFERROR(_xlfn._xlws.FILTER(Log!$G:$G, (Log!$A:$A="Daily") * (Log!$B:$B="n/a") * (Log!$C:$C=$A36) * (Log!$D:$D=J$4)), "Unknown"), "")} | ... T36: {=IF($A36<>"", IFERROR(_xlfn._xlws.FILTER(Log!$G:$G, (Log!$A:$A="Daily") * (Log!$B:$B="n/a") * (Log!$C:$C=$A36) * (Log!$D:$D=T$4)), "Unknown"), "")} | W36: =IF(ISBLANK($A36), "", IF(ISNUMBER(C36), C36/$B36, "Unknown")) | X36: =IF(ISBLANK($A36), "", IF(ISNUMBER(D36), D36/$B36, "Unknown")) | Y36: =IF(ISBLANK($A36), "", IF(ISNUMBER(E36), E36/$B36, "Unknown")) | Z36: =IF(ISBLANK($A36), "", IF(ISNUMBER(F36), F36/$B36, "Unknown")) | AA36: =IF(ISBLANK($A36), "", IF(ISNUMBER(G36), G36/$B36, "Unknown")) | AB36: =IF(ISBLANK($A36), "", IF(ISNUMBER(H36), H36/$B36, "Unknown")) | AC36: =IF(ISBLANK($A36), "", IF(ISNUMBER(I36), I36/$B36, "Unknown")) | AD36: =IF(ISBLANK($A36), "", IF(ISNUMBER(J36), J36/$B36, "Unknown")) | ... AN36: =IF(ISBLANK($A36), "", IF(ISNUMBER(T36), T36/$B36, "Unknown"))
B37: =IF($A37<>"", MEDIAN($C37:$T37), "") | C37: {=IF($A37<>"", IFERROR(_xlfn._xlws.FILTER(Log!$G:$G, (Log!$A:$A="Daily") * (Log!$B:$B="n/a") * (Log!$C:$C=$A37) * (Log!$D:$D=C$4)), "Unknown"), "")} | D37: {=IF($A37<>"", IFERROR(_xlfn._xlws.FILTER(Log!$G:$G, (Log!$A:$A="Daily") * (Log!$B:$B="n/a") * (Log!$C:$C=$A37) * (Log!$D:$D=D$4)), "Unknown"), "")} | E37: {=IF($A37<>"", IFERROR(_xlfn._xlws.FILTER(Log!$G:$G, (Log!$A:$A="Daily") * (Log!$B:$B="n/a") * (Log!$C:$C=$A37) * (Log!$D:$D=E$4)), "Unknown"), "")} | F37: {=IF($A37<>"", IFERROR(_xlfn._xlws.FILTER(Log!$G:$G, (Log!$A:$A="Daily") * (Log!$B:$B="n/a") * (Log!$C:$C=$A37) * (Log!$D:$D=F$4)), "Unknown"), "")} | G37: {=IF($A37<>"", IFERROR(_xlfn._xlws.FILTER(Log!$G:$G, (Log!$A:$A="Daily") * (Log!$B:$B="n/a") * (Log!$C:$C=$A37) * (Log!$D:$D=G$4)), "Unknown"), "")} | H37: {=IF($A37<>"", IFERROR(_xlfn._xlws.FILTER(Log!$G:$G, (Log!$A:$A="Daily") * (Log!$B:$B="n/a") * (Log!$C:$C=$A37) * (Log!$D:$D=H$4)), "Unknown"), "")} | I37: {=IF($A37<>"", IFERROR(_xlfn._xlws.FILTER(Log!$G:$G, (Log!$A:$A="Daily") * (Log!$B:$B="n/a") * (Log!$C:$C=$A37) * (Log!$D:$D=I$4)), "Unknown"), "")} | J37: {=IF($A37<>"", IFERROR(_xlfn._xlws.FILTER(Log!$G:$G, (Log!$A:$A="Daily") * (Log!$B:$B="n/a") * (Log!$C:$C=$A37) * (Log!$D:$D=J$4)), "Unknown"), "")} | ... T37: {=IF($A37<>"", IFERROR(_xlfn._xlws.FILTER(Log!$G:$G, (Log!$A:$A="Daily") * (Log!$B:$B="n/a") * (Log!$C:$C=$A37) * (Log!$D:$D=T$4)), "Unknown"), "")} | W37: =IF(ISBLANK($A37), "", IF(ISNUMBER(C37), C37/$B37, "Unknown")) | X37: =IF(ISBLANK($A37), "", IF(ISNUMBER(D37), D37/$B37, "Unknown")) | Y37: =IF(ISBLANK($A37), "", IF(ISNUMBER(E37), E37/$B37, "Unknown")) | Z37: =IF(ISBLANK($A37), "", IF(ISNUMBER(F37), F37/$B37, "Unknown")) | AA37: =IF(ISBLANK($A37), "", IF(ISNUMBER(G37), G37/$B37, "Unknown")) | AB37: =IF(ISBLANK($A37), "", IF(ISNUMBER(H37), H37/$B37, "Unknown")) | AC37: =IF(ISBLANK($A37), "", IF(ISNUMBER(I37), I37/$B37, "Unknown")) | AD37: =IF(ISBLANK($A37), "", IF(ISNUMBER(J37), J37/$B37, "Unknown")) | ... AN37: =IF(ISBLANK($A37), "", IF(ISNUMBER(T37), T37/$B37, "Unknown"))
B38: =IF($A38<>"", MEDIAN($C38:$T38), "") | C38: {=IF($A38<>"", IFERROR(_xlfn._xlws.FILTER(Log!$G:$G, (Log!$A:$A="Daily") * (Log!$B:$B="n/a") * (Log!$C:$C=$A38) * (Log!$D:$D=C$4)), "Unknown"), "")} | D38: {=IF($A38<>"", IFERROR(_xlfn._xlws.FILTER(Log!$G:$G, (Log!$A:$A="Daily") * (Log!$B:$B="n/a") * (Log!$C:$C=$A38) * (Log!$D:$D=D$4)), "Unknown"), "")} | E38: {=IF($A38<>"", IFERROR(_xlfn._xlws.FILTER(Log!$G:$G, (Log!$A:$A="Daily") * (Log!$B:$B="n/a") * (Log!$C:$C=$A38) * (Log!$D:$D=E$4)), "Unknown"), "")} | F38: {=IF($A38<>"", IFERROR(_xlfn._xlws.FILTER(Log!$G:$G, (Log!$A:$A="Daily") * (Log!$B:$B="n/a") * (Log!$C:$C=$A38) * (Log!$D:$D=F$4)), "Unknown"), "")} | G38: {=IF($A38<>"", IFERROR(_xlfn._xlws.FILTER(Log!$G:$G, (Log!$A:$A="Daily") * (Log!$B:$B="n/a") * (Log!$C:$C=$A38) * (Log!$D:$D=G$4)), "Unknown"), "")} | H38: {=IF($A38<>"", IFERROR(_xlfn._xlws.FILTER(Log!$G:$G, (Log!$A:$A="Daily") * (Log!$B:$B="n/a") * (Log!$C:$C=$A38) * (Log!$D:$D=H$4)), "Unknown"), "")} | I38: {=IF($A38<>"", IFERROR(_xlfn._xlws.FILTER(Log!$G:$G, (Log!$A:$A="Daily") * (Log!$B:$B="n/a") * (Log!$C:$C=$A38) * (Log!$D:$D=I$4)), "Unknown"), "")} | J38: {=IF($A38<>"", IFERROR(_xlfn._xlws.FILTER(Log!$G:$G, (Log!$A:$A="Daily") * (Log!$B:$B="n/a") * (Log!$C:$C=$A38) * (Log!$D:$D=J$4)), "Unknown"), "")} | ... T38: {=IF($A38<>"", IFERROR(_xlfn._xlws.FILTER(Log!$G:$G, (Log!$A:$A="Daily") * (Log!$B:$B="n/a") * (Log!$C:$C=$A38) * (Log!$D:$D=T$4)), "Unknown"), "")} | W38: =IF(ISBLANK($A38), "", IF(ISNUMBER(C38), C38/$B38, "Unknown")) | X38: =IF(ISBLANK($A38), "", IF(ISNUMBER(D38), D38/$B38, "Unknown")) | Y38: =IF(ISBLANK($A38), "", IF(ISNUMBER(E38), E38/$B38, "Unknown")) | Z38: =IF(ISBLANK($A38), "", IF(ISNUMBER(F38), F38/$B38, "Unknown")) | AA38: =IF(ISBLANK($A38), "", IF(ISNUMBER(G38), G38/$B38, "Unknown")) | AB38: =IF(ISBLANK($A38), "", IF(ISNUMBER(H38), H38/$B38, "Unknown")) | AC38: =IF(ISBLANK($A38), "", IF(ISNUMBER(I38), I38/$B38, "Unknown")) | AD38: =IF(ISBLANK($A38), "", IF(ISNUMBER(J38), J38/$B38, "Unknown")) | ... AN38: =IF(ISBLANK($A38), "", IF(ISNUMBER(T38), T38/$B38, "Unknown"))
B39: =IF($A39<>"", MEDIAN($C39:$T39), "") | C39: {=IF($A39<>"", IFERROR(_xlfn._xlws.FILTER(Log!$G:$G, (Log!$A:$A="Daily") * (Log!$B:$B="n/a") * (Log!$C:$C=$A39) * (Log!$D:$D=C$4)), "Unknown"), "")} | D39: {=IF($A39<>"", IFERROR(_xlfn._xlws.FILTER(Log!$G:$G, (Log!$A:$A="Daily") * (Log!$B:$B="n/a") * (Log!$C:$C=$A39) * (Log!$D:$D=D$4)), "Unknown"), "")} | E39: {=IF($A39<>"", IFERROR(_xlfn._xlws.FILTER(Log!$G:$G, (Log!$A:$A="Daily") * (Log!$B:$B="n/a") * (Log!$C:$C=$A39) * (Log!$D:$D=E$4)), "Unknown"), "")} | F39: {=IF($A39<>"", IFERROR(_xlfn._xlws.FILTER(Log!$G:$G, (Log!$A:$A="Daily") * (Log!$B:$B="n/a") * (Log!$C:$C=$A39) * (Log!$D:$D=F$4)), "Unknown"), "")} | G39: {=IF($A39<>"", IFERROR(_xlfn._xlws.FILTER(Log!$G:$G, (Log!$A:$A="Daily") * (Log!$B:$B="n/a") * (Log!$C:$C=$A39) * (Log!$D:$D=G$4)), "Unknown"), "")} | H39: {=IF($A39<>"", IFERROR(_xlfn._xlws.FILTER(Log!$G:$G, (Log!$A:$A="Daily") * (Log!$B:$B="n/a") * (Log!$C:$C=$A39) * (Log!$D:$D=H$4)), "Unknown"), "")} | I39: {=IF($A39<>"", IFERROR(_xlfn._xlws.FILTER(Log!$G:$G, (Log!$A:$A="Daily") * (Log!$B:$B="n/a") * (Log!$C:$C=$A39) * (Log!$D:$D=I$4)), "Unknown"), "")} | J39: {=IF($A39<>"", IFERROR(_xlfn._xlws.FILTER(Log!$G:$G, (Log!$A:$A="Daily") * (Log!$B:$B="n/a") * (Log!$C:$C=$A39) * (Log!$D:$D=J$4)), "Unknown"), "")} | ... T39: {=IF($A39<>"", IFERROR(_xlfn._xlws.FILTER(Log!$G:$G, (Log!$A:$A="Daily") * (Log!$B:$B="n/a") * (Log!$C:$C=$A39) * (Log!$D:$D=T$4)), "Unknown"), "")} | W39: =IF(ISBLANK($A39), "", IF(ISNUMBER(C39), C39/$B39, "Unknown")) | X39: =IF(ISBLANK($A39), "", IF(ISNUMBER(D39), D39/$B39, "Unknown")) | Y39: =IF(ISBLANK($A39), "", IF(ISNUMBER(E39), E39/$B39, "Unknown")) | Z39: =IF(ISBLANK($A39), "", IF(ISNUMBER(F39), F39/$B39, "Unknown")) | AA39: =IF(ISBLANK($A39), "", IF(ISNUMBER(G39), G39/$B39, "Unknown")) | AB39: =IF(ISBLANK($A39), "", IF(ISNUMBER(H39), H39/$B39, "Unknown")) | AC39: =IF(ISBLANK($A39), "", IF(ISNUMBER(I39), I39/$B39, "Unknown")) | AD39: =IF(ISBLANK($A39), "", IF(ISNUMBER(J39), J39/$B39, "Unknown")) | ... AN39: =IF(ISBLANK($A39), "", IF(ISNUMBER(T39), T39/$B39, "Unknown"))
C40: {=IF($A40<>"", IFERROR(_xlfn._xlws.FILTER(Log!$G:$G, (Log!$A:$A="Daily") * (Log!$B:$B="n/a") * (Log!$C:$C=$A40) * (Log!$D:$D=C$4)), "Unknown"), "")} | D40: {=IF($A40<>"", IFERROR(_xlfn._xlws.FILTER(Log!$G:$G, (Log!$A:$A="Daily") * (Log!$B:$B="n/a") * (Log!$C:$C=$A40) * (Log!$D:$D=D$4)), "Unknown"), "")} | E40: {=IF($A40<>"", IFERROR(_xlfn._xlws.FILTER(Log!$G:$G, (Log!$A:$A="Daily") * (Log!$B:$B="n/a") * (Log!$C:$C=$A40) * (Log!$D:$D=E$4)), "Unknown"), "")} | F40: {=IF($A40<>"", IFERROR(_xlfn._xlws.FILTER(Log!$G:$G, (Log!$A:$A="Daily") * (Log!$B:$B="n/a") * (Log!$C:$C=$A40) * (Log!$D:$D=F$4)), "Unknown"), "")} | G40: {=IF($A40<>"", IFERROR(_xlfn._xlws.FILTER(Log!$G:$G, (Log!$A:$A="Daily") * (Log!$B:$B="n/a") * (Log!$C:$C=$A40) * (Log!$D:$D=G$4)), "Unknown"), "")} | H40: {=IF($A40<>"", IFERROR(_xlfn._xlws.FILTER(Log!$G:$G, (Log!$A:$A="Daily") * (Log!$B:$B="n/a") * (Log!$C:$C=$A40) * (Log!$D:$D=H$4)), "Unknown"), "")} | I40: {=IF($A40<>"", IFERROR(_xlfn._xlws.FILTER(Log!$G:$G, (Log!$A:$A="Daily") * (Log!$B:$B="n/a") * (Log!$C:$C=$A40) * (Log!$D:$D=I$4)), "Unknown"), "")} | J40: {=IF($A40<>"", IFERROR(_xlfn._xlws.FILTER(Log!$G:$G, (Log!$A:$A="Daily") * (Log!$B:$B="n/a") * (Log!$C:$C=$A40) * (Log!$D:$D=J$4)), "Unknown"), "")} | ... T40: {=IF($A40<>"", IFERROR(_xlfn._xlws.FILTER(Log!$G:$G, (Log!$A:$A="Daily") * (Log!$B:$B="n/a") * (Log!$C:$C=$A40) * (Log!$D:$D=T$4)), "Unknown"), "")} | W40: =IF(ISBLANK($A40), "", IF(ISNUMBER(C40), C40/$B40, "Unknown")) | X40: =IF(ISBLANK($A40), "", IF(ISNUMBER(D40), D40/$B40, "Unknown")) | Y40: =IF(ISBLANK($A40), "", IF(ISNUMBER(E40), E40/$B40, "Unknown")) | Z40: =IF(ISBLANK($A40), "", IF(ISNUMBER(F40), F40/$B40, "Unknown")) | AA40: =IF(ISBLANK($A40), "", IF(ISNUMBER(G40), G40/$B40, "Unknown")) | AB40: =IF(ISBLANK($A40), "", IF(ISNUMBER(H40), H40/$B40, "Unknown")) | AC40: =IF(ISBLANK($A40), "", IF(ISNUMBER(I40), I40/$B40, "Unknown")) | AD40: =IF(ISBLANK($A40), "", IF(ISNUMBER(J40), J40/$B40, "Unknown")) | ... AN40: =IF(ISBLANK($A40), "", IF(ISNUMBER(T40), T40/$B40, "Unknown"))
C41: {=IF($A41<>"", IFERROR(_xlfn._xlws.FILTER(Log!$G:$G, (Log!$A:$A="Daily") * (Log!$B:$B="n/a") * (Log!$C:$C=$A41) * (Log!$D:$D=C$4)), "Unknown"), "")} | D41: {=IF($A41<>"", IFERROR(_xlfn._xlws.FILTER(Log!$G:$G, (Log!$A:$A="Daily") * (Log!$B:$B="n/a") * (Log!$C:$C=$A41) * (Log!$D:$D=D$4)), "Unknown"), "")} | E41: {=IF($A41<>"", IFERROR(_xlfn._xlws.FILTER(Log!$G:$G, (Log!$A:$A="Daily") * (Log!$B:$B="n/a") * (Log!$C:$C=$A41) * (Log!$D:$D=E$4)), "Unknown"), "")} | F41: {=IF($A41<>"", IFERROR(_xlfn._xlws.FILTER(Log!$G:$G, (Log!$A:$A="Daily") * (Log!$B:$B="n/a") * (Log!$C:$C=$A41) * (Log!$D:$D=F$4)), "Unknown"), "")} | G41: {=IF($A41<>"", IFERROR(_xlfn._xlws.FILTER(Log!$G:$G, (Log!$A:$A="Daily") * (Log!$B:$B="n/a") * (Log!$C:$C=$A41) * (Log!$D:$D=G$4)), "Unknown"), "")} | H41: {=IF($A41<>"", IFERROR(_xlfn._xlws.FILTER(Log!$G:$G, (Log!$A:$A="Daily") * (Log!$B:$B="n/a") * (Log!$C:$C=$A41) * (Log!$D:$D=H$4)), "Unknown"), "")} | I41: {=IF($A41<>"", IFERROR(_xlfn._xlws.FILTER(Log!$G:$G, (Log!$A:$A="Daily") * (Log!$B:$B="n/a") * (Log!$C:$C=$A41) * (Log!$D:$D=I$4)), "Unknown"), "")} | J41: {=IF($A41<>"", IFERROR(_xlfn._xlws.FILTER(Log!$G:$G, (Log!$A:$A="Daily") * (Log!$B:$B="n/a") * (Log!$C:$C=$A41) * (Log!$D:$D=J$4)), "Unknown"), "")} | ... T41: {=IF($A41<>"", IFERROR(_xlfn._xlws.FILTER(Log!$G:$G, (Log!$A:$A="Daily") * (Log!$B:$B="n/a") * (Log!$C:$C=$A41) * (Log!$D:$D=T$4)), "Unknown"), "")} | W41: =IF(ISBLANK($A41), "", IF(ISNUMBER(C41), C41/$B41, "Unknown")) | X41: =IF(ISBLANK($A41), "", IF(ISNUMBER(D41), D41/$B41, "Unknown")) | Y41: =IF(ISBLANK($A41), "", IF(ISNUMBER(E41), E41/$B41, "Unknown")) | Z41: =IF(ISBLANK($A41), "", IF(ISNUMBER(F41), F41/$B41, "Unknown")) | AA41: =IF(ISBLANK($A41), "", IF(ISNUMBER(G41), G41/$B41, "Unknown")) | AB41: =IF(ISBLANK($A41), "", IF(ISNUMBER(H41), H41/$B41, "Unknown")) | AC41: =IF(ISBLANK($A41), "", IF(ISNUMBER(I41), I41/$B41, "Unknown")) | AD41: =IF(ISBLANK($A41), "", IF(ISNUMBER(J41), J41/$B41, "Unknown")) | ... AN41: =IF(ISBLANK($A41), "", IF(ISNUMBER(T41), T41/$B41, "Unknown"))
C42: {=IF($A42<>"", IFERROR(_xlfn._xlws.FILTER(Log!$G:$G, (Log!$A:$A="Daily") * (Log!$B:$B="n/a") * (Log!$C:$C=$A42) * (Log!$D:$D=C$4)), "Unknown"), "")} | D42: {=IF($A42<>"", IFERROR(_xlfn._xlws.FILTER(Log!$G:$G, (Log!$A:$A="Daily") * (Log!$B:$B="n/a") * (Log!$C:$C=$A42) * (Log!$D:$D=D$4)), "Unknown"), "")} | E42: {=IF($A42<>"", IFERROR(_xlfn._xlws.FILTER(Log!$G:$G, (Log!$A:$A="Daily") * (Log!$B:$B="n/a") * (Log!$C:$C=$A42) * (Log!$D:$D=E$4)), "Unknown"), "")} | F42: {=IF($A42<>"", IFERROR(_xlfn._xlws.FILTER(Log!$G:$G, (Log!$A:$A="Daily") * (Log!$B:$B="n/a") * (Log!$C:$C=$A42) * (Log!$D:$D=F$4)), "Unknown"), "")} | G42: {=IF($A42<>"", IFERROR(_xlfn._xlws.FILTER(Log!$G:$G, (Log!$A:$A="Daily") * (Log!$B:$B="n/a") * (Log!$C:$C=$A42) * (Log!$D:$D=G$4)), "Unknown"), "")} | H42: {=IF($A42<>"", IFERROR(_xlfn._xlws.FILTER(Log!$G:$G, (Log!$A:$A="Daily") * (Log!$B:$B="n/a") * (Log!$C:$C=$A42) * (Log!$D:$D=H$4)), "Unknown"), "")} | I42: {=IF($A42<>"", IFERROR(_xlfn._xlws.FILTER(Log!$G:$G, (Log!$A:$A="Daily") * (Log!$B:$B="n/a") * (Log!$C:$C=$A42) * (Log!$D:$D=I$4)), "Unknown"), "")} | J42: {=IF($A42<>"", IFERROR(_xlfn._xlws.FILTER(Log!$G:$G, (Log!$A:$A="Daily") * (Log!$B:$B="n/a") * (Log!$C:$C=$A42) * (Log!$D:$D=J$4)), "Unknown"), "")} | ... T42: {=IF($A42<>"", IFERROR(_xlfn._xlws.FILTER(Log!$G:$G, (Log!$A:$A="Daily") * (Log!$B:$B="n/a") * (Log!$C:$C=$A42) * (Log!$D:$D=T$4)), "Unknown"), "")} | W42: =IF(ISBLANK($A42), "", IF(ISNUMBER(C42), C42/$B42, "Unknown")) | X42: =IF(ISBLANK($A42), "", IF(ISNUMBER(D42), D42/$B42, "Unknown")) | Y42: =IF(ISBLANK($A42), "", IF(ISNUMBER(E42), E42/$B42, "Unknown")) | Z42: =IF(ISBLANK($A42), "", IF(ISNUMBER(F42), F42/$B42, "Unknown")) | AA42: =IF(ISBLANK($A42), "", IF(ISNUMBER(G42), G42/$B42, "Unknown")) | AB42: =IF(ISBLANK($A42), "", IF(ISNUMBER(H42), H42/$B42, "Unknown")) | AC42: =IF(ISBLANK($A42), "", IF(ISNUMBER(I42), I42/$B42, "Unknown")) | AD42: =IF(ISBLANK($A42), "", IF(ISNUMBER(J42), J42/$B42, "Unknown")) | ... AN42: =IF(ISBLANK($A42), "", IF(ISNUMBER(T42), T42/$B42, "Unknown"))
C43: {=IF($A43<>"", IFERROR(_xlfn._xlws.FILTER(Log!$G:$G, (Log!$A:$A="Daily") * (Log!$B:$B="n/a") * (Log!$C:$C=$A43) * (Log!$D:$D=C$4)), "Unknown"), "")} | D43: {=IF($A43<>"", IFERROR(_xlfn._xlws.FILTER(Log!$G:$G, (Log!$A:$A="Daily") * (Log!$B:$B="n/a") * (Log!$C:$C=$A43) * (Log!$D:$D=D$4)), "Unknown"), "")} | E43: {=IF($A43<>"", IFERROR(_xlfn._xlws.FILTER(Log!$G:$G, (Log!$A:$A="Daily") * (Log!$B:$B="n/a") * (Log!$C:$C=$A43) * (Log!$D:$D=E$4)), "Unknown"), "")} | F43: {=IF($A43<>"", IFERROR(_xlfn._xlws.FILTER(Log!$G:$G, (Log!$A:$A="Daily") * (Log!$B:$B="n/a") * (Log!$C:$C=$A43) * (Log!$D:$D=F$4)), "Unknown"), "")} | G43: {=IF($A43<>"", IFERROR(_xlfn._xlws.FILTER(Log!$G:$G, (Log!$A:$A="Daily") * (Log!$B:$B="n/a") * (Log!$C:$C=$A43) * (Log!$D:$D=G$4)), "Unknown"), "")} | H43: {=IF($A43<>"", IFERROR(_xlfn._xlws.FILTER(Log!$G:$G, (Log!$A:$A="Daily") * (Log!$B:$B="n/a") * (Log!$C:$C=$A43) * (Log!$D:$D=H$4)), "Unknown"), "")} | I43: {=IF($A43<>"", IFERROR(_xlfn._xlws.FILTER(Log!$G:$G, (Log!$A:$A="Daily") * (Log!$B:$B="n/a") * (Log!$C:$C=$A43) * (Log!$D:$D=I$4)), "Unknown"), "")} | J43: {=IF($A43<>"", IFERROR(_xlfn._xlws.FILTER(Log!$G:$G, (Log!$A:$A="Daily") * (Log!$B:$B="n/a") * (Log!$C:$C=$A43) * (Log!$D:$D=J$4)), "Unknown"), "")} | ... T43: {=IF($A43<>"", IFERROR(_xlfn._xlws.FILTER(Log!$G:$G, (Log!$A:$A="Daily") * (Log!$B:$B="n/a") * (Log!$C:$C=$A43) * (Log!$D:$D=T$4)), "Unknown"), "")} | W43: =IF(ISBLANK($A43), "", IF(ISNUMBER(C43), C43/$B43, "Unknown")) | X43: =IF(ISBLANK($A43), "", IF(ISNUMBER(D43), D43/$B43, "Unknown")) | Y43: =IF(ISBLANK($A43), "", IF(ISNUMBER(E43), E43/$B43, "Unknown")) | Z43: =IF(ISBLANK($A43), "", IF(ISNUMBER(F43), F43/$B43, "Unknown")) | AA43: =IF(ISBLANK($A43), "", IF(ISNUMBER(G43), G43/$B43, "Unknown")) | AB43: =IF(ISBLANK($A43), "", IF(ISNUMBER(H43), H43/$B43, "Unknown")) | AC43: =IF(ISBLANK($A43), "", IF(ISNUMBER(I43), I43/$B43, "Unknown")) | AD43: =IF(ISBLANK($A43), "", IF(ISNUMBER(J43), J43/$B43, "Unknown")) | ... AN43: =IF(ISBLANK($A43), "", IF(ISNUMBER(T43), T43/$B43, "Unknown"))
C44: {=IF($A44<>"", IFERROR(_xlfn._xlws.FILTER(Log!$G:$G, (Log!$A:$A="Daily") * (Log!$B:$B="n/a") * (Log!$C:$C=$A44) * (Log!$D:$D=C$4)), "Unknown"), "")} | D44: {=IF($A44<>"", IFERROR(_xlfn._xlws.FILTER(Log!$G:$G, (Log!$A:$A="Daily") * (Log!$B:$B="n/a") * (Log!$C:$C=$A44) * (Log!$D:$D=D$4)), "Unknown"), "")} | E44: {=IF($A44<>"", IFERROR(_xlfn._xlws.FILTER(Log!$G:$G, (Log!$A:$A="Daily") * (Log!$B:$B="n/a") * (Log!$C:$C=$A44) * (Log!$D:$D=E$4)), "Unknown"), "")} | F44: {=IF($A44<>"", IFERROR(_xlfn._xlws.FILTER(Log!$G:$G, (Log!$A:$A="Daily") * (Log!$B:$B="n/a") * (Log!$C:$C=$A44) * (Log!$D:$D=F$4)), "Unknown"), "")} | G44: {=IF($A44<>"", IFERROR(_xlfn._xlws.FILTER(Log!$G:$G, (Log!$A:$A="Daily") * (Log!$B:$B="n/a") * (Log!$C:$C=$A44) * (Log!$D:$D=G$4)), "Unknown"), "")} | H44: {=IF($A44<>"", IFERROR(_xlfn._xlws.FILTER(Log!$G:$G, (Log!$A:$A="Daily") * (Log!$B:$B="n/a") * (Log!$C:$C=$A44) * (Log!$D:$D=H$4)), "Unknown"), "")} | I44: {=IF($A44<>"", IFERROR(_xlfn._xlws.FILTER(Log!$G:$G, (Log!$A:$A="Daily") * (Log!$B:$B="n/a") * (Log!$C:$C=$A44) * (Log!$D:$D=I$4)), "Unknown"), "")} | J44: {=IF($A44<>"", IFERROR(_xlfn._xlws.FILTER(Log!$G:$G, (Log!$A:$A="Daily") * (Log!$B:$B="n/a") * (Log!$C:$C=$A44) * (Log!$D:$D=J$4)), "Unknown"), "")} | ... T44: {=IF($A44<>"", IFERROR(_xlfn._xlws.FILTER(Log!$G:$G, (Log!$A:$A="Daily") * (Log!$B:$B="n/a") * (Log!$C:$C=$A44) * (Log!$D:$D=T$4)), "Unknown"), "")} | W44: =IF(ISBLANK($A44), "", IF(ISNUMBER(C44), C44/$B44, "Unknown")) | X44: =IF(ISBLANK($A44), "", IF(ISNUMBER(D44), D44/$B44, "Unknown")) | Y44: =IF(ISBLANK($A44), "", IF(ISNUMBER(E44), E44/$B44, "Unknown")) | Z44: =IF(ISBLANK($A44), "", IF(ISNUMBER(F44), F44/$B44, "Unknown")) | AA44: =IF(ISBLANK($A44), "", IF(ISNUMBER(G44), G44/$B44, "Unknown")) | AB44: =IF(ISBLANK($A44), "", IF(ISNUMBER(H44), H44/$B44, "Unknown")) | AC44: =IF(ISBLANK($A44), "", IF(ISNUMBER(I44), I44/$B44, "Unknown")) | AD44: =IF(ISBLANK($A44), "", IF(ISNUMBER(J44), J44/$B44, "Unknown")) | ... AN44: =IF(ISBLANK($A44), "", IF(ISNUMBER(T44), T44/$B44, "Unknown"))
C45: {=IF($A45<>"", IFERROR(_xlfn._xlws.FILTER(Log!$G:$G, (Log!$A:$A="Daily") * (Log!$B:$B="n/a") * (Log!$C:$C=$A45) * (Log!$D:$D=C$4)), "Unknown"), "")} | D45: {=IF($A45<>"", IFERROR(_xlfn._xlws.FILTER(Log!$G:$G, (Log!$A:$A="Daily") * (Log!$B:$B="n/a") * (Log!$C:$C=$A45) * (Log!$D:$D=D$4)), "Unknown"), "")} | E45: {=IF($A45<>"", IFERROR(_xlfn._xlws.FILTER(Log!$G:$G, (Log!$A:$A="Daily") * (Log!$B:$B="n/a") * (Log!$C:$C=$A45) * (Log!$D:$D=E$4)), "Unknown"), "")} | F45: {=IF($A45<>"", IFERROR(_xlfn._xlws.FILTER(Log!$G:$G, (Log!$A:$A="Daily") * (Log!$B:$B="n/a") * (Log!$C:$C=$A45) * (Log!$D:$D=F$4)), "Unknown"), "")} | G45: {=IF($A45<>"", IFERROR(_xlfn._xlws.FILTER(Log!$G:$G, (Log!$A:$A="Daily") * (Log!$B:$B="n/a") * (Log!$C:$C=$A45) * (Log!$D:$D=G$4)), "Unknown"), "")} | H45: {=IF($A45<>"", IFERROR(_xlfn._xlws.FILTER(Log!$G:$G, (Log!$A:$A="Daily") * (Log!$B:$B="n/a") * (Log!$C:$C=$A45) * (Log!$D:$D=H$4)), "Unknown"), "")} | I45: {=IF($A45<>"", IFERROR(_xlfn._xlws.FILTER(Log!$G:$G, (Log!$A:$A="Daily") * (Log!$B:$B="n/a") * (Log!$C:$C=$A45) * (Log!$D:$D=I$4)), "Unknown"), "")} | J45: {=IF($A45<>"", IFERROR(_xlfn._xlws.FILTER(Log!$G:$G, (Log!$A:$A="Daily") * (Log!$B:$B="n/a") * (Log!$C:$C=$A45) * (Log!$D:$D=J$4)), "Unknown"), "")} | ... T45: {=IF($A45<>"", IFERROR(_xlfn._xlws.FILTER(Log!$G:$G, (Log!$A:$A="Daily") * (Log!$B:$B="n/a") * (Log!$C:$C=$A45) * (Log!$D:$D=T$4)), "Unknown"), "")} | W45: =IF(ISBLANK($A45), "", IF(ISNUMBER(C45), C45/$B45, "Unknown")) | X45: =IF(ISBLANK($A45), "", IF(ISNUMBER(D45), D45/$B45, "Unknown")) | Y45: =IF(ISBLANK($A45), "", IF(ISNUMBER(E45), E45/$B45, "Unknown")) | Z45: =IF(ISBLANK($A45), "", IF(ISNUMBER(F45), F45/$B45, "Unknown")) | AA45: =IF(ISBLANK($A45), "", IF(ISNUMBER(G45), G45/$B45, "Unknown")) | AB45: =IF(ISBLANK($A45), "", IF(ISNUMBER(H45), H45/$B45, "Unknown")) | AC45: =IF(ISBLANK($A45), "", IF(ISNUMBER(I45), I45/$B45, "Unknown")) | AD45: =IF(ISBLANK($A45), "", IF(ISNUMBER(J45), J45/$B45, "Unknown")) | ... AN45: =IF(ISBLANK($A45), "", IF(ISNUMBER(T45), T45/$B45, "Unknown"))
C46: {=IF($A46<>"", IFERROR(_xlfn._xlws.FILTER(Log!$G:$G, (Log!$A:$A="Daily") * (Log!$B:$B="n/a") * (Log!$C:$C=$A46) * (Log!$D:$D=C$4)), "Unknown"), "")} | D46: {=IF($A46<>"", IFERROR(_xlfn._xlws.FILTER(Log!$G:$G, (Log!$A:$A="Daily") * (Log!$B:$B="n/a") * (Log!$C:$C=$A46) * (Log!$D:$D=D$4)), "Unknown"), "")} | E46: {=IF($A46<>"", IFERROR(_xlfn._xlws.FILTER(Log!$G:$G, (Log!$A:$A="Daily") * (Log!$B:$B="n/a") * (Log!$C:$C=$A46) * (Log!$D:$D=E$4)), "Unknown"), "")} | F46: {=IF($A46<>"", IFERROR(_xlfn._xlws.FILTER(Log!$G:$G, (Log!$A:$A="Daily") * (Log!$B:$B="n/a") * (Log!$C:$C=$A46) * (Log!$D:$D=F$4)), "Unknown"), "")} | G46: {=IF($A46<>"", IFERROR(_xlfn._xlws.FILTER(Log!$G:$G, (Log!$A:$A="Daily") * (Log!$B:$B="n/a") * (Log!$C:$C=$A46) * (Log!$D:$D=G$4)), "Unknown"), "")} | H46: {=IF($A46<>"", IFERROR(_xlfn._xlws.FILTER(Log!$G:$G, (Log!$A:$A="Daily") * (Log!$B:$B="n/a") * (Log!$C:$C=$A46) * (Log!$D:$D=H$4)), "Unknown"), "")} | I46: {=IF($A46<>"", IFERROR(_xlfn._xlws.FILTER(Log!$G:$G, (Log!$A:$A="Daily") * (Log!$B:$B="n/a") * (Log!$C:$C=$A46) * (Log!$D:$D=I$4)), "Unknown"), "")} | J46: {=IF($A46<>"", IFERROR(_xlfn._xlws.FILTER(Log!$G:$G, (Log!$A:$A="Daily") * (Log!$B:$B="n/a") * (Log!$C:$C=$A46) * (Log!$D:$D=J$4)), "Unknown"), "")} | ... T46: {=IF($A46<>"", IFERROR(_xlfn._xlws.FILTER(Log!$G:$G, (Log!$A:$A="Daily") * (Log!$B:$B="n/a") * (Log!$C:$C=$A46) * (Log!$D:$D=T$4)), "Unknown"), "")} | W46: =IF(ISBLANK($A46), "", IF(ISNUMBER(C46), C46/$B46, "Unknown")) | X46: =IF(ISBLANK($A46), "", IF(ISNUMBER(D46), D46/$B46, "Unknown")) | Y46: =IF(ISBLANK($A46), "", IF(ISNUMBER(E46), E46/$B46, "Unknown")) | Z46: =IF(ISBLANK($A46), "", IF(ISNUMBER(F46), F46/$B46, "Unknown")) | AA46: =IF(ISBLANK($A46), "", IF(ISNUMBER(G46), G46/$B46, "Unknown")) | AB46: =IF(ISBLANK($A46), "", IF(ISNUMBER(H46), H46/$B46, "Unknown")) | AC46: =IF(ISBLANK($A46), "", IF(ISNUMBER(I46), I46/$B46, "Unknown")) | AD46: =IF(ISBLANK($A46), "", IF(ISNUMBER(J46), J46/$B46, "Unknown")) | ... AN46: =IF(ISBLANK($A46), "", IF(ISNUMBER(T46), T46/$B46, "Unknown"))
C47: {=IF($A47<>"", IFERROR(_xlfn._xlws.FILTER(Log!$G:$G, (Log!$A:$A="Daily") * (Log!$B:$B="n/a") * (Log!$C:$C=$A47) * (Log!$D:$D=C$4)), "Unknown"), "")} | D47: {=IF($A47<>"", IFERROR(_xlfn._xlws.FILTER(Log!$G:$G, (Log!$A:$A="Daily") * (Log!$B:$B="n/a") * (Log!$C:$C=$A47) * (Log!$D:$D=D$4)), "Unknown"), "")} | E47: {=IF($A47<>"", IFERROR(_xlfn._xlws.FILTER(Log!$G:$G, (Log!$A:$A="Daily") * (Log!$B:$B="n/a") * (Log!$C:$C=$A47) * (Log!$D:$D=E$4)), "Unknown"), "")} | F47: {=IF($A47<>"", IFERROR(_xlfn._xlws.FILTER(Log!$G:$G, (Log!$A:$A="Daily") * (Log!$B:$B="n/a") * (Log!$C:$C=$A47) * (Log!$D:$D=F$4)), "Unknown"), "")} | G47: {=IF($A47<>"", IFERROR(_xlfn._xlws.FILTER(Log!$G:$G, (Log!$A:$A="Daily") * (Log!$B:$B="n/a") * (Log!$C:$C=$A47) * (Log!$D:$D=G$4)), "Unknown"), "")} | H47: {=IF($A47<>"", IFERROR(_xlfn._xlws.FILTER(Log!$G:$G, (Log!$A:$A="Daily") * (Log!$B:$B="n/a") * (Log!$C:$C=$A47) * (Log!$D:$D=H$4)), "Unknown"), "")} | I47: {=IF($A47<>"", IFERROR(_xlfn._xlws.FILTER(Log!$G:$G, (Log!$A:$A="Daily") * (Log!$B:$B="n/a") * (Log!$C:$C=$A47) * (Log!$D:$D=I$4)), "Unknown"), "")} | J47: {=IF($A47<>"", IFERROR(_xlfn._xlws.FILTER(Log!$G:$G, (Log!$A:$A="Daily") * (Log!$B:$B="n/a") * (Log!$C:$C=$A47) * (Log!$D:$D=J$4)), "Unknown"), "")} | ... T47: {=IF($A47<>"", IFERROR(_xlfn._xlws.FILTER(Log!$G:$G, (Log!$A:$A="Daily") * (Log!$B:$B="n/a") * (Log!$C:$C=$A47) * (Log!$D:$D=T$4)), "Unknown"), "")} | W47: =IF(ISBLANK($A47), "", IF(ISNUMBER(C47), C47/$B47, "Unknown")) | X47: =IF(ISBLANK($A47), "", IF(ISNUMBER(D47), D47/$B47, "Unknown")) | Y47: =IF(ISBLANK($A47), "", IF(ISNUMBER(E47), E47/$B47, "Unknown")) | Z47: =IF(ISBLANK($A47), "", IF(ISNUMBER(F47), F47/$B47, "Unknown")) | AA47: =IF(ISBLANK($A47), "", IF(ISNUMBER(G47), G47/$B47, "Unknown")) | AB47: =IF(ISBLANK($A47), "", IF(ISNUMBER(H47), H47/$B47, "Unknown")) | AC47: =IF(ISBLANK($A47), "", IF(ISNUMBER(I47), I47/$B47, "Unknown")) | AD47: =IF(ISBLANK($A47), "", IF(ISNUMBER(J47), J47/$B47, "Unknown")) | ... AN47: =IF(ISBLANK($A47), "", IF(ISNUMBER(T47), T47/$B47, "Unknown"))
C48: {=IF($A48<>"", IFERROR(_xlfn._xlws.FILTER(Log!$G:$G, (Log!$A:$A="Daily") * (Log!$B:$B="n/a") * (Log!$C:$C=$A48) * (Log!$D:$D=C$4)), "Unknown"), "")} | D48: {=IF($A48<>"", IFERROR(_xlfn._xlws.FILTER(Log!$G:$G, (Log!$A:$A="Daily") * (Log!$B:$B="n/a") * (Log!$C:$C=$A48) * (Log!$D:$D=D$4)), "Unknown"), "")} | E48: {=IF($A48<>"", IFERROR(_xlfn._xlws.FILTER(Log!$G:$G, (Log!$A:$A="Daily") * (Log!$B:$B="n/a") * (Log!$C:$C=$A48) * (Log!$D:$D=E$4)), "Unknown"), "")} | F48: {=IF($A48<>"", IFERROR(_xlfn._xlws.FILTER(Log!$G:$G, (Log!$A:$A="Daily") * (Log!$B:$B="n/a") * (Log!$C:$C=$A48) * (Log!$D:$D=F$4)), "Unknown"), "")} | G48: {=IF($A48<>"", IFERROR(_xlfn._xlws.FILTER(Log!$G:$G, (Log!$A:$A="Daily") * (Log!$B:$B="n/a") * (Log!$C:$C=$A48) * (Log!$D:$D=G$4)), "Unknown"), "")} | H48: {=IF($A48<>"", IFERROR(_xlfn._xlws.FILTER(Log!$G:$G, (Log!$A:$A="Daily") * (Log!$B:$B="n/a") * (Log!$C:$C=$A48) * (Log!$D:$D=H$4)), "Unknown"), "")} | I48: {=IF($A48<>"", IFERROR(_xlfn._xlws.FILTER(Log!$G:$G, (Log!$A:$A="Daily") * (Log!$B:$B="n/a") * (Log!$C:$C=$A48) * (Log!$D:$D=I$4)), "Unknown"), "")} | J48: {=IF($A48<>"", IFERROR(_xlfn._xlws.FILTER(Log!$G:$G, (Log!$A:$A="Daily") * (Log!$B:$B="n/a") * (Log!$C:$C=$A48) * (Log!$D:$D=J$4)), "Unknown"), "")} | ... T48: {=IF($A48<>"", IFERROR(_xlfn._xlws.FILTER(Log!$G:$G, (Log!$A:$A="Daily") * (Log!$B:$B="n/a") * (Log!$C:$C=$A48) * (Log!$D:$D=T$4)), "Unknown"), "")} | W48: =IF(ISBLANK($A48), "", IF(ISNUMBER(C48), C48/$B48, "Unknown")) | X48: =IF(ISBLANK($A48), "", IF(ISNUMBER(D48), D48/$B48, "Unknown")) | Y48: =IF(ISBLANK($A48), "", IF(ISNUMBER(E48), E48/$B48, "Unknown")) | Z48: =IF(ISBLANK($A48), "", IF(ISNUMBER(F48), F48/$B48, "Unknown")) | AA48: =IF(ISBLANK($A48), "", IF(ISNUMBER(G48), G48/$B48, "Unknown")) | AB48: =IF(ISBLANK($A48), "", IF(ISNUMBER(H48), H48/$B48, "Unknown")) | AC48: =IF(ISBLANK($A48), "", IF(ISNUMBER(I48), I48/$B48, "Unknown")) | AD48: =IF(ISBLANK($A48), "", IF(ISNUMBER(J48), J48/$B48, "Unknown")) | ... AN48: =IF(ISBLANK($A48), "", IF(ISNUMBER(T48), T48/$B48, "Unknown"))
C49: {=IF($A49<>"", IFERROR(_xlfn._xlws.FILTER(Log!$G:$G, (Log!$A:$A="Daily") * (Log!$B:$B="n/a") * (Log!$C:$C=$A49) * (Log!$D:$D=C$4)), "Unknown"), "")} | D49: {=IF($A49<>"", IFERROR(_xlfn._xlws.FILTER(Log!$G:$G, (Log!$A:$A="Daily") * (Log!$B:$B="n/a") * (Log!$C:$C=$A49) * (Log!$D:$D=D$4)), "Unknown"), "")} | E49: {=IF($A49<>"", IFERROR(_xlfn._xlws.FILTER(Log!$G:$G, (Log!$A:$A="Daily") * (Log!$B:$B="n/a") * (Log!$C:$C=$A49) * (Log!$D:$D=E$4)), "Unknown"), "")} | F49: {=IF($A49<>"", IFERROR(_xlfn._xlws.FILTER(Log!$G:$G, (Log!$A:$A="Daily") * (Log!$B:$B="n/a") * (Log!$C:$C=$A49) * (Log!$D:$D=F$4)), "Unknown"), "")} | G49: {=IF($A49<>"", IFERROR(_xlfn._xlws.FILTER(Log!$G:$G, (Log!$A:$A="Daily") * (Log!$B:$B="n/a") * (Log!$C:$C=$A49) * (Log!$D:$D=G$4)), "Unknown"), "")} | H49: {=IF($A49<>"", IFERROR(_xlfn._xlws.FILTER(Log!$G:$G, (Log!$A:$A="Daily") * (Log!$B:$B="n/a") * (Log!$C:$C=$A49) * (Log!$D:$D=H$4)), "Unknown"), "")} | I49: {=IF($A49<>"", IFERROR(_xlfn._xlws.FILTER(Log!$G:$G, (Log!$A:$A="Daily") * (Log!$B:$B="n/a") * (Log!$C:$C=$A49) * (Log!$D:$D=I$4)), "Unknown"), "")} | J49: {=IF($A49<>"", IFERROR(_xlfn._xlws.FILTER(Log!$G:$G, (Log!$A:$A="Daily") * (Log!$B:$B="n/a") * (Log!$C:$C=$A49) * (Log!$D:$D=J$4)), "Unknown"), "")} | ... T49: {=IF($A49<>"", IFERROR(_xlfn._xlws.FILTER(Log!$G:$G, (Log!$A:$A="Daily") * (Log!$B:$B="n/a") * (Log!$C:$C=$A49) * (Log!$D:$D=T$4)), "Unknown"), "")} | W49: =IF(ISBLANK($A49), "", IF(ISNUMBER(C49), C49/$B49, "Unknown")) | X49: =IF(ISBLANK($A49), "", IF(ISNUMBER(D49), D49/$B49, "Unknown")) | Y49: =IF(ISBLANK($A49), "", IF(ISNUMBER(E49), E49/$B49, "Unknown")) | Z49: =IF(ISBLANK($A49), "", IF(ISNUMBER(F49), F49/$B49, "Unknown")) | AA49: =IF(ISBLANK($A49), "", IF(ISNUMBER(G49), G49/$B49, "Unknown")) | AB49: =IF(ISBLANK($A49), "", IF(ISNUMBER(H49), H49/$B49, "Unknown")) | AC49: =IF(ISBLANK($A49), "", IF(ISNUMBER(I49), I49/$B49, "Unknown")) | AD49: =IF(ISBLANK($A49), "", IF(ISNUMBER(J49), J49/$B49, "Unknown")) | ... AN49: =IF(ISBLANK($A49), "", IF(ISNUMBER(T49), T49/$B49, "Unknown"))
C50: {=IF($A50<>"", IFERROR(_xlfn._xlws.FILTER(Log!$G:$G, (Log!$A:$A="Daily") * (Log!$C:$C=$A50) * (Log!$D:$D=C$4)), "Unknown"), "")} | D50: {=IF($A50<>"", IFERROR(_xlfn._xlws.FILTER(Log!$G:$G, (Log!$A:$A="Daily") * (Log!$C:$C=$A50) * (Log!$D:$D=D$4)), "Unknown"), "")} | E50: {=IF($A50<>"", IFERROR(_xlfn._xlws.FILTER(Log!$G:$G, (Log!$A:$A="Daily") * (Log!$C:$C=$A50) * (Log!$D:$D=E$4)), "Unknown"), "")} | F50: {=IF($A50<>"", IFERROR(_xlfn._xlws.FILTER(Log!$G:$G, (Log!$A:$A="Daily") * (Log!$C:$C=$A50) * (Log!$D:$D=F$4)), "Unknown"), "")} | G50: {=IF($A50<>"", IFERROR(_xlfn._xlws.FILTER(Log!$G:$G, (Log!$A:$A="Daily") * (Log!$C:$C=$A50) * (Log!$D:$D=G$4)), "Unknown"), "")} | H50: {=IF($A50<>"", IFERROR(_xlfn._xlws.FILTER(Log!$G:$G, (Log!$A:$A="Daily") * (Log!$C:$C=$A50) * (Log!$D:$D=H$4)), "Unknown"), "")} | I50: {=IF($A50<>"", IFERROR(_xlfn._xlws.FILTER(Log!$G:$G, (Log!$A:$A="Daily") * (Log!$C:$C=$A50) * (Log!$D:$D=I$4)), "Unknown"), "")} | J50: {=IF($A50<>"", IFERROR(_xlfn._xlws.FILTER(Log!$G:$G, (Log!$A:$A="Daily") * (Log!$C:$C=$A50) * (Log!$D:$D=J$4)), "Unknown"), "")} | ... T50: {=IF($A50<>"", IFERROR(_xlfn._xlws.FILTER(Log!$G:$G, (Log!$A:$A="Daily") * (Log!$C:$C=$A50) * (Log!$D:$D=T$4)), "Unknown"), "")} | W50: =IF(ISBLANK($A50), "", IF(ISNUMBER(C50), C50/$B50, "Unknown")) | X50: =IF(ISBLANK($A50), "", IF(ISNUMBER(D50), D50/$B50, "Unknown")) | Y50: =IF(ISBLANK($A50), "", IF(ISNUMBER(E50), E50/$B50, "Unknown")) | Z50: =IF(ISBLANK($A50), "", IF(ISNUMBER(F50), F50/$B50, "Unknown")) | AA50: =IF(ISBLANK($A50), "", IF(ISNUMBER(G50), G50/$B50, "Unknown")) | AB50: =IF(ISBLANK($A50), "", IF(ISNUMBER(H50), H50/$B50, "Unknown")) | AC50: =IF(ISBLANK($A50), "", IF(ISNUMBER(I50), I50/$B50, "Unknown")) | AD50: =IF(ISBLANK($A50), "", IF(ISNUMBER(J50), J50/$B50, "Unknown")) | ... AN50: =IF(ISBLANK($A50), "", IF(ISNUMBER(T50), T50/$B50, "Unknown"))
C51: {=IF($A51<>"", IFERROR(_xlfn._xlws.FILTER(Log!$G:$G, (Log!$A:$A="Daily") * (Log!$C:$C=$A51) * (Log!$D:$D=C$4)), "Unknown"), "")} | D51: {=IF($A51<>"", IFERROR(_xlfn._xlws.FILTER(Log!$G:$G, (Log!$A:$A="Daily") * (Log!$C:$C=$A51) * (Log!$D:$D=D$4)), "Unknown"), "")} | E51: {=IF($A51<>"", IFERROR(_xlfn._xlws.FILTER(Log!$G:$G, (Log!$A:$A="Daily") * (Log!$C:$C=$A51) * (Log!$D:$D=E$4)), "Unknown"), "")} | F51: {=IF($A51<>"", IFERROR(_xlfn._xlws.FILTER(Log!$G:$G, (Log!$A:$A="Daily") * (Log!$C:$C=$A51) * (Log!$D:$D=F$4)), "Unknown"), "")} | G51: {=IF($A51<>"", IFERROR(_xlfn._xlws.FILTER(Log!$G:$G, (Log!$A:$A="Daily") * (Log!$C:$C=$A51) * (Log!$D:$D=G$4)), "Unknown"), "")} | H51: {=IF($A51<>"", IFERROR(_xlfn._xlws.FILTER(Log!$G:$G, (Log!$A:$A="Daily") * (Log!$C:$C=$A51) * (Log!$D:$D=H$4)), "Unknown"), "")} | I51: {=IF($A51<>"", IFERROR(_xlfn._xlws.FILTER(Log!$G:$G, (Log!$A:$A="Daily") * (Log!$C:$C=$A51) * (Log!$D:$D=I$4)), "Unknown"), "")} | J51: {=IF($A51<>"", IFERROR(_xlfn._xlws.FILTER(Log!$G:$G, (Log!$A:$A="Daily") * (Log!$C:$C=$A51) * (Log!$D:$D=J$4)), "Unknown"), "")} | ... T51: {=IF($A51<>"", IFERROR(_xlfn._xlws.FILTER(Log!$G:$G, (Log!$A:$A="Daily") * (Log!$C:$C=$A51) * (Log!$D:$D=T$4)), "Unknown"), "")} | W51: =IF(ISBLANK($A51), "", IF(ISNUMBER(C51), C51/$B51, "Unknown")) | X51: =IF(ISBLANK($A51), "", IF(ISNUMBER(D51), D51/$B51, "Unknown")) | Y51: =IF(ISBLANK($A51), "", IF(ISNUMBER(E51), E51/$B51, "Unknown")) | Z51: =IF(ISBLANK($A51), "", IF(ISNUMBER(F51), F51/$B51, "Unknown")) | AA51: =IF(ISBLANK($A51), "", IF(ISNUMBER(G51), G51/$B51, "Unknown")) | AB51: =IF(ISBLANK($A51), "", IF(ISNUMBER(H51), H51/$B51, "Unknown")) | AC51: =IF(ISBLANK($A51), "", IF(ISNUMBER(I51), I51/$B51, "Unknown")) | AD51: =IF(ISBLANK($A51), "", IF(ISNUMBER(J51), J51/$B51, "Unknown")) | ... AN51: =IF(ISBLANK($A51), "", IF(ISNUMBER(T51), T51/$B51, "Unknown"))
C52: {=IF($A52<>"", IFERROR(_xlfn._xlws.FILTER(Log!$G:$G, (Log!$A:$A="Daily") * (Log!$C:$C=$A52) * (Log!$D:$D=C$4)), "Unknown"), "")} | D52: {=IF($A52<>"", IFERROR(_xlfn._xlws.FILTER(Log!$G:$G, (Log!$A:$A="Daily") * (Log!$C:$C=$A52) * (Log!$D:$D=D$4)), "Unknown"), "")} | E52: {=IF($A52<>"", IFERROR(_xlfn._xlws.FILTER(Log!$G:$G, (Log!$A:$A="Daily") * (Log!$C:$C=$A52) * (Log!$D:$D=E$4)), "Unknown"), "")} | F52: {=IF($A52<>"", IFERROR(_xlfn._xlws.FILTER(Log!$G:$G, (Log!$A:$A="Daily") * (Log!$C:$C=$A52) * (Log!$D:$D=F$4)), "Unknown"), "")} | G52: {=IF($A52<>"", IFERROR(_xlfn._xlws.FILTER(Log!$G:$G, (Log!$A:$A="Daily") * (Log!$C:$C=$A52) * (Log!$D:$D=G$4)), "Unknown"), "")} | H52: {=IF($A52<>"", IFERROR(_xlfn._xlws.FILTER(Log!$G:$G, (Log!$A:$A="Daily") * (Log!$C:$C=$A52) * (Log!$D:$D=H$4)), "Unknown"), "")} | I52: {=IF($A52<>"", IFERROR(_xlfn._xlws.FILTER(Log!$G:$G, (Log!$A:$A="Daily") * (Log!$C:$C=$A52) * (Log!$D:$D=I$4)), "Unknown"), "")} | J52: {=IF($A52<>"", IFERROR(_xlfn._xlws.FILTER(Log!$G:$G, (Log!$A:$A="Daily") * (Log!$C:$C=$A52) * (Log!$D:$D=J$4)), "Unknown"), "")} | ... T52: {=IF($A52<>"", IFERROR(_xlfn._xlws.FILTER(Log!$G:$G, (Log!$A:$A="Daily") * (Log!$C:$C=$A52) * (Log!$D:$D=T$4)), "Unknown"), "")} | W52: =IF(ISBLANK($A52), "", IF(ISNUMBER(C52), C52/$B52, "Unknown")) | X52: =IF(ISBLANK($A52), "", IF(ISNUMBER(D52), D52/$B52, "Unknown")) | Y52: =IF(ISBLANK($A52), "", IF(ISNUMBER(E52), E52/$B52, "Unknown")) | Z52: =IF(ISBLANK($A52), "", IF(ISNUMBER(F52), F52/$B52, "Unknown")) | AA52: =IF(ISBLANK($A52), "", IF(ISNUMBER(G52), G52/$B52, "Unknown")) | AB52: =IF(ISBLANK($A52), "", IF(ISNUMBER(H52), H52/$B52, "Unknown")) | AC52: =IF(ISBLANK($A52), "", IF(ISNUMBER(I52), I52/$B52, "Unknown")) | AD52: =IF(ISBLANK($A52), "", IF(ISNUMBER(J52), J52/$B52, "Unknown")) | ... AN52: =IF(ISBLANK($A52), "", IF(ISNUMBER(T52), T52/$B52, "Unknown"))
C53: {=IF($A53<>"", IFERROR(_xlfn._xlws.FILTER(Log!$G:$G, (Log!$A:$A="Daily") * (Log!$C:$C=$A53) * (Log!$D:$D=C$4)), "Unknown"), "")} | D53: {=IF($A53<>"", IFERROR(_xlfn._xlws.FILTER(Log!$G:$G, (Log!$A:$A="Daily") * (Log!$C:$C=$A53) * (Log!$D:$D=D$4)), "Unknown"), "")} | E53: {=IF($A53<>"", IFERROR(_xlfn._xlws.FILTER(Log!$G:$G, (Log!$A:$A="Daily") * (Log!$C:$C=$A53) * (Log!$D:$D=E$4)), "Unknown"), "")} | F53: {=IF($A53<>"", IFERROR(_xlfn._xlws.FILTER(Log!$G:$G, (Log!$A:$A="Daily") * (Log!$C:$C=$A53) * (Log!$D:$D=F$4)), "Unknown"), "")} | G53: {=IF($A53<>"", IFERROR(_xlfn._xlws.FILTER(Log!$G:$G, (Log!$A:$A="Daily") * (Log!$C:$C=$A53) * (Log!$D:$D=G$4)), "Unknown"), "")} | H53: {=IF($A53<>"", IFERROR(_xlfn._xlws.FILTER(Log!$G:$G, (Log!$A:$A="Daily") * (Log!$C:$C=$A53) * (Log!$D:$D=H$4)), "Unknown"), "")} | I53: {=IF($A53<>"", IFERROR(_xlfn._xlws.FILTER(Log!$G:$G, (Log!$A:$A="Daily") * (Log!$C:$C=$A53) * (Log!$D:$D=I$4)), "Unknown"), "")} | J53: {=IF($A53<>"", IFERROR(_xlfn._xlws.FILTER(Log!$G:$G, (Log!$A:$A="Daily") * (Log!$C:$C=$A53) * (Log!$D:$D=J$4)), "Unknown"), "")} | ... T53: {=IF($A53<>"", IFERROR(_xlfn._xlws.FILTER(Log!$G:$G, (Log!$A:$A="Daily") * (Log!$C:$C=$A53) * (Log!$D:$D=T$4)), "Unknown"), "")} | W53: =IF(ISBLANK($A53), "", IF(ISNUMBER(C53), C53/$B53, "Unknown")) | X53: =IF(ISBLANK($A53), "", IF(ISNUMBER(D53), D53/$B53, "Unknown")) | Y53: =IF(ISBLANK($A53), "", IF(ISNUMBER(E53), E53/$B53, "Unknown")) | Z53: =IF(ISBLANK($A53), "", IF(ISNUMBER(F53), F53/$B53, "Unknown")) | AA53: =IF(ISBLANK($A53), "", IF(ISNUMBER(G53), G53/$B53, "Unknown")) | AB53: =IF(ISBLANK($A53), "", IF(ISNUMBER(H53), H53/$B53, "Unknown")) | AC53: =IF(ISBLANK($A53), "", IF(ISNUMBER(I53), I53/$B53, "Unknown")) | AD53: =IF(ISBLANK($A53), "", IF(ISNUMBER(J53), J53/$B53, "Unknown")) | ... AN53: =IF(ISBLANK($A53), "", IF(ISNUMBER(T53), T53/$B53, "Unknown"))
C54: {=IF($A54<>"", IFERROR(_xlfn._xlws.FILTER(Log!$G:$G, (Log!$A:$A="Daily") * (Log!$C:$C=$A54) * (Log!$D:$D=C$4)), NA()), "")} | D54: {=IF($A54<>"", IFERROR(_xlfn._xlws.FILTER(Log!$G:$G, (Log!$A:$A="Daily") * (Log!$C:$C=$A54) * (Log!$D:$D=D$4)), NA()), "")} | E54: {=IF($A54<>"", IFERROR(_xlfn._xlws.FILTER(Log!$G:$G, (Log!$A:$A="Daily") * (Log!$C:$C=$A54) * (Log!$D:$D=E$4)), NA()), "")} | F54: {=IF($A54<>"", IFERROR(_xlfn._xlws.FILTER(Log!$G:$G, (Log!$A:$A="Daily") * (Log!$C:$C=$A54) * (Log!$D:$D=F$4)), NA()), "")} | G54: {=IF($A54<>"", IFERROR(_xlfn._xlws.FILTER(Log!$G:$G, (Log!$A:$A="Daily") * (Log!$C:$C=$A54) * (Log!$D:$D=G$4)), NA()), "")} | H54: {=IF($A54<>"", IFERROR(_xlfn._xlws.FILTER(Log!$G:$G, (Log!$A:$A="Daily") * (Log!$C:$C=$A54) * (Log!$D:$D=H$4)), NA()), "")} | I54: {=IF($A54<>"", IFERROR(_xlfn._xlws.FILTER(Log!$G:$G, (Log!$A:$A="Daily") * (Log!$C:$C=$A54) * (Log!$D:$D=I$4)), NA()), "")} | J54: {=IF($A54<>"", IFERROR(_xlfn._xlws.FILTER(Log!$G:$G, (Log!$A:$A="Daily") * (Log!$C:$C=$A54) * (Log!$D:$D=J$4)), NA()), "")} | ... T54: {=IF($A54<>"", IFERROR(_xlfn._xlws.FILTER(Log!$G:$G, (Log!$A:$A="Daily") * (Log!$C:$C=$A54) * (Log!$D:$D=T$4)), NA()), "")} | W54: =IF(ISBLANK($A54), "", IF(ISNUMBER(C54), C54/$B54, "Unknown")) | X54: =IF(ISBLANK($A54), "", IF(ISNUMBER(D54), D54/$B54, "Unknown")) | Y54: =IF(ISBLANK($A54), "", IF(ISNUMBER(E54), E54/$B54, "Unknown")) | Z54: =IF(ISBLANK($A54), "", IF(ISNUMBER(F54), F54/$B54, "Unknown")) | AA54: =IF(ISBLANK($A54), "", IF(ISNUMBER(G54), G54/$B54, "Unknown")) | AB54: =IF(ISBLANK($A54), "", IF(ISNUMBER(H54), H54/$B54, "Unknown")) | AC54: =IF(ISBLANK($A54), "", IF(ISNUMBER(I54), I54/$B54, "Unknown")) | AD54: =IF(ISBLANK($A54), "", IF(ISNUMBER(J54), J54/$B54, "Unknown")) | ... AN54: =IF(ISBLANK($A54), "", IF(ISNUMBER(T54), T54/$B54, "Unknown"))
C55: {=IF($A55<>"", IFERROR(_xlfn._xlws.FILTER(Log!$G:$G, (Log!$A:$A="Daily") * (Log!$C:$C=$A55) * (Log!$D:$D=C$4)), NA()), "")} | D55: {=IF($A55<>"", IFERROR(_xlfn._xlws.FILTER(Log!$G:$G, (Log!$A:$A="Daily") * (Log!$C:$C=$A55) * (Log!$D:$D=D$4)), NA()), "")} | E55: {=IF($A55<>"", IFERROR(_xlfn._xlws.FILTER(Log!$G:$G, (Log!$A:$A="Daily") * (Log!$C:$C=$A55) * (Log!$D:$D=E$4)), NA()), "")} | F55: {=IF($A55<>"", IFERROR(_xlfn._xlws.FILTER(Log!$G:$G, (Log!$A:$A="Daily") * (Log!$C:$C=$A55) * (Log!$D:$D=F$4)), NA()), "")} | G55: {=IF($A55<>"", IFERROR(_xlfn._xlws.FILTER(Log!$G:$G, (Log!$A:$A="Daily") * (Log!$C:$C=$A55) * (Log!$D:$D=G$4)), NA()), "")} | H55: {=IF($A55<>"", IFERROR(_xlfn._xlws.FILTER(Log!$G:$G, (Log!$A:$A="Daily") * (Log!$C:$C=$A55) * (Log!$D:$D=H$4)), NA()), "")} | I55: {=IF($A55<>"", IFERROR(_xlfn._xlws.FILTER(Log!$G:$G, (Log!$A:$A="Daily") * (Log!$C:$C=$A55) * (Log!$D:$D=I$4)), NA()), "")} | J55: {=IF($A55<>"", IFERROR(_xlfn._xlws.FILTER(Log!$G:$G, (Log!$A:$A="Daily") * (Log!$C:$C=$A55) * (Log!$D:$D=J$4)), NA()), "")} | ... T55: {=IF($A55<>"", IFERROR(_xlfn._xlws.FILTER(Log!$G:$G, (Log!$A:$A="Daily") * (Log!$C:$C=$A55) * (Log!$D:$D=T$4)), NA()), "")}
C56: {=IF($A56<>"", IFERROR(_xlfn._xlws.FILTER(Log!$G:$G, (Log!$A:$A="Daily") * (Log!$C:$C=$A56) * (Log!$D:$D=C$4)), NA()), "")} | D56: {=IF($A56<>"", IFERROR(_xlfn._xlws.FILTER(Log!$G:$G, (Log!$A:$A="Daily") * (Log!$C:$C=$A56) * (Log!$D:$D=D$4)), NA()), "")} | E56: {=IF($A56<>"", IFERROR(_xlfn._xlws.FILTER(Log!$G:$G, (Log!$A:$A="Daily") * (Log!$C:$C=$A56) * (Log!$D:$D=E$4)), NA()), "")} | F56: {=IF($A56<>"", IFERROR(_xlfn._xlws.FILTER(Log!$G:$G, (Log!$A:$A="Daily") * (Log!$C:$C=$A56) * (Log!$D:$D=F$4)), NA()), "")} | G56: {=IF($A56<>"", IFERROR(_xlfn._xlws.FILTER(Log!$G:$G, (Log!$A:$A="Daily") * (Log!$C:$C=$A56) * (Log!$D:$D=G$4)), NA()), "")} | H56: {=IF($A56<>"", IFERROR(_xlfn._xlws.FILTER(Log!$G:$G, (Log!$A:$A="Daily") * (Log!$C:$C=$A56) * (Log!$D:$D=H$4)), NA()), "")} | I56: {=IF($A56<>"", IFERROR(_xlfn._xlws.FILTER(Log!$G:$G, (Log!$A:$A="Daily") * (Log!$C:$C=$A56) * (Log!$D:$D=I$4)), NA()), "")} | J56: {=IF($A56<>"", IFERROR(_xlfn._xlws.FILTER(Log!$G:$G, (Log!$A:$A="Daily") * (Log!$C:$C=$A56) * (Log!$D:$D=J$4)), NA()), "")} | ... T56: {=IF($A56<>"", IFERROR(_xlfn._xlws.FILTER(Log!$G:$G, (Log!$A:$A="Daily") * (Log!$C:$C=$A56) * (Log!$D:$D=T$4)), NA()), "")}
C57: {=IF($A57<>"", IFERROR(_xlfn._xlws.FILTER(Log!$G:$G, (Log!$A:$A="Daily") * (Log!$C:$C=$A57) * (Log!$D:$D=C$4)), NA()), "")} | D57: {=IF($A57<>"", IFERROR(_xlfn._xlws.FILTER(Log!$G:$G, (Log!$A:$A="Daily") * (Log!$C:$C=$A57) * (Log!$D:$D=D$4)), NA()), "")} | E57: {=IF($A57<>"", IFERROR(_xlfn._xlws.FILTER(Log!$G:$G, (Log!$A:$A="Daily") * (Log!$C:$C=$A57) * (Log!$D:$D=E$4)), NA()), "")} | F57: {=IF($A57<>"", IFERROR(_xlfn._xlws.FILTER(Log!$G:$G, (Log!$A:$A="Daily") * (Log!$C:$C=$A57) * (Log!$D:$D=F$4)), NA()), "")} | G57: {=IF($A57<>"", IFERROR(_xlfn._xlws.FILTER(Log!$G:$G, (Log!$A:$A="Daily") * (Log!$C:$C=$A57) * (Log!$D:$D=G$4)), NA()), "")} | H57: {=IF($A57<>"", IFERROR(_xlfn._xlws.FILTER(Log!$G:$G, (Log!$A:$A="Daily") * (Log!$C:$C=$A57) * (Log!$D:$D=H$4)), NA()), "")} | I57: {=IF($A57<>"", IFERROR(_xlfn._xlws.FILTER(Log!$G:$G, (Log!$A:$A="Daily") * (Log!$C:$C=$A57) * (Log!$D:$D=I$4)), NA()), "")} | J57: {=IF($A57<>"", IFERROR(_xlfn._xlws.FILTER(Log!$G:$G, (Log!$A:$A="Daily") * (Log!$C:$C=$A57) * (Log!$D:$D=J$4)), NA()), "")} | ... T57: {=IF($A57<>"", IFERROR(_xlfn._xlws.FILTER(Log!$G:$G, (Log!$A:$A="Daily") * (Log!$C:$C=$A57) * (Log!$D:$D=T$4)), NA()), "")}
C58: {=IF($A58<>"", IFERROR(_xlfn._xlws.FILTER(Log!$G:$G, (Log!$A:$A="Daily") * (Log!$C:$C=$A58) * (Log!$D:$D=C$4)), NA()), "")} | D58: {=IF($A58<>"", IFERROR(_xlfn._xlws.FILTER(Log!$G:$G, (Log!$A:$A="Daily") * (Log!$C:$C=$A58) * (Log!$D:$D=D$4)), NA()), "")} | E58: {=IF($A58<>"", IFERROR(_xlfn._xlws.FILTER(Log!$G:$G, (Log!$A:$A="Daily") * (Log!$C:$C=$A58) * (Log!$D:$D=E$4)), NA()), "")} | F58: {=IF($A58<>"", IFERROR(_xlfn._xlws.FILTER(Log!$G:$G, (Log!$A:$A="Daily") * (Log!$C:$C=$A58) * (Log!$D:$D=F$4)), NA()), "")} | G58: {=IF($A58<>"", IFERROR(_xlfn._xlws.FILTER(Log!$G:$G, (Log!$A:$A="Daily") * (Log!$C:$C=$A58) * (Log!$D:$D=G$4)), NA()), "")} | H58: {=IF($A58<>"", IFERROR(_xlfn._xlws.FILTER(Log!$G:$G, (Log!$A:$A="Daily") * (Log!$C:$C=$A58) * (Log!$D:$D=H$4)), NA()), "")} | I58: {=IF($A58<>"", IFERROR(_xlfn._xlws.FILTER(Log!$G:$G, (Log!$A:$A="Daily") * (Log!$C:$C=$A58) * (Log!$D:$D=I$4)), NA()), "")} | J58: {=IF($A58<>"", IFERROR(_xlfn._xlws.FILTER(Log!$G:$G, (Log!$A:$A="Daily") * (Log!$C:$C=$A58) * (Log!$D:$D=J$4)), NA()), "")} | ... T58: {=IF($A58<>"", IFERROR(_xlfn._xlws.FILTER(Log!$G:$G, (Log!$A:$A="Daily") * (Log!$C:$C=$A58) * (Log!$D:$D=T$4)), NA()), "")}
C59: {=IF($A59<>"", IFERROR(_xlfn._xlws.FILTER(Log!$G:$G, (Log!$A:$A="Daily") * (Log!$C:$C=$A59) * (Log!$D:$D=C$4)), NA()), "")} | D59: {=IF($A59<>"", IFERROR(_xlfn._xlws.FILTER(Log!$G:$G, (Log!$A:$A="Daily") * (Log!$C:$C=$A59) * (Log!$D:$D=D$4)), NA()), "")} | E59: {=IF($A59<>"", IFERROR(_xlfn._xlws.FILTER(Log!$G:$G, (Log!$A:$A="Daily") * (Log!$C:$C=$A59) * (Log!$D:$D=E$4)), NA()), "")} | F59: {=IF($A59<>"", IFERROR(_xlfn._xlws.FILTER(Log!$G:$G, (Log!$A:$A="Daily") * (Log!$C:$C=$A59) * (Log!$D:$D=F$4)), NA()), "")} | G59: {=IF($A59<>"", IFERROR(_xlfn._xlws.FILTER(Log!$G:$G, (Log!$A:$A="Daily") * (Log!$C:$C=$A59) * (Log!$D:$D=G$4)), NA()), "")} | H59: {=IF($A59<>"", IFERROR(_xlfn._xlws.FILTER(Log!$G:$G, (Log!$A:$A="Daily") * (Log!$C:$C=$A59) * (Log!$D:$D=H$4)), NA()), "")} | I59: {=IF($A59<>"", IFERROR(_xlfn._xlws.FILTER(Log!$G:$G, (Log!$A:$A="Daily") * (Log!$C:$C=$A59) * (Log!$D:$D=I$4)), NA()), "")} | J59: {=IF($A59<>"", IFERROR(_xlfn._xlws.FILTER(Log!$G:$G, (Log!$A:$A="Daily") * (Log!$C:$C=$A59) * (Log!$D:$D=J$4)), NA()), "")} | ... T59: {=IF($A59<>"", IFERROR(_xlfn._xlws.FILTER(Log!$G:$G, (Log!$A:$A="Daily") * (Log!$C:$C=$A59) * (Log!$D:$D=T$4)), NA()), "")}

Sheet Daily WE
A1: DO NOT USE THIS SPREADSHEET, IT IS DEPRECATED AND KEPT ONLY AS REFERENCE FOR FINAL DATA REPRESENTATIONS
A2: Key 1 (Category) | B2: Key 2 (Precision) | C2: Date | D2: Starting Temperature | E2: Starting Time | F2: Wand Technique | G2: Auto-Stop Setting | H2: Mean Frame Count | I2: Frame Ratio (% of Auto-Stop) | J2: Highest Frame Count | K2: Lowest Frame Count | L2: Most Frames (Camera ID) | M2: Least Frames (Camera ID) | N2: Mean World Error | O2: Lowest World Error | P2: Highest World Error | Q2: Mean Image Error | R2: Lowest Image Error | S2: Highest Image Error | T2: All-Time Mean Values | V2: Notes on daily calibration attempt | X2: Dates auto-populate from data-lists tab (apply to all daily sheets). Data keys & config settings must be manually entered. Other data will automatically populate by formula and apply conditional formatting. | CP2: All-Time Mean Values
A3: =IF(C3<>"", "Daily", "") -> Daily | B3: n/a | C3: {=_xlfn.CHOOSECOLS(_xlfn.UNIQUE(_xlfn._xlws.FILTER(Log!$A:$C,Log!$A:$A="Daily")),3)} -> 46228 | D3: 23.5 | E3: 0.85833333 | F3: A | G3: 1000 | H3: =IF(COUNTBLANK($A3:$E3)>0, "", IFERROR(AVERAGEIFS(Log!$E:$E, Log!$A:$A, $A3, Log!$B:$B, $B3, Log!$C:$C, $C3),"")) -> 2045.4118 | I3: =IF(AND($H3<>"", $G3<>""), $H3/$G3, "") -> 2.0454118 | J3: {=_xlfn.MAXIFS(Log!$E:$E, Log!$A:$A, category, Log!$B:$B, key, Log!$C:$C, _xleta.DATE)} -> 0 | N3: =IF(COUNTBLANK($A3:$E3)>0, "", IFERROR(AVERAGEIFS(Log!$F:$F, Log!$A:$A, $A3, Log!$B:$B, $B3, Log!$C:$C, $C3),"")) -> 0.39118376 | O3: =IF(COUNTBLANK($A3:$E3)>0, "", IFERROR(_xlfn.MINIFS(Log!$F:$F, Log!$A:$A, $A3, Log!$B:$B, $B3, Log!$C:$C, $C3),"")) -> 0.130593 | P3: =IF(COUNTBLANK($A3:$E3)>0, "", IFERROR(_xlfn.MAXIFS(Log!$F:$F, Log!$A:$A, $A3, Log!$B:$B, $B3, Log!$C:$C, $C3),"")) -> 0.647959 | Q3: =IF(COUNTBLANK($A3:$E3)>0, "", IFERROR(AVERAGEIFS(Log!$G:$G, Log!$A:$A, $A3, Log!$B:$B, $B3, Log!$C:$C, $C3),"")) -> 0.0922785 | R3: =IF(COUNTBLANK($A3:$E3)>0, "", IFERROR(_xlfn.MINIFS(Log!$G:$G, Log!$A:$A, $A3, Log!$B:$B, $B3, Log!$C:$C, $C3),"")) -> 0.0424158 | S3: =IF(COUNTBLANK($A3:$E3)>0, "", IFERROR(_xlfn.MAXIFS(Log!$G:$G, Log!$A:$A, $A3, Log!$B:$B, $B3, Log!$C:$C, $C3),"")) -> 0.147318 | T3: =IF($N3<>"", 'Daily Camera Trends'!$M$5, "") -> 0.41503633 | U3: =IF(Q3<>"", 'Daily Camera Trends'!$N$5, "") -> 0.099319293 | V3: Camera 8 not enabled by mistake -- may wish to disregard results, no manual masking or marker removal attempted - attempting to establish baselines | CP3: =IF($N3<>"", 'Daily Camera Trends'!$M$5, "") -> 0.41503633 | CQ3: =IF($Q3<>"", 'Daily Camera Trends'!$N$5, "") -> 0.099319293 | CS3: FOR CHART
A4: =IF(C4<>"", "Daily", "") -> Daily | B4: n/a | C4: 46230 | D4: 23.5 | E4: 0.60138889 | F4: A | G4: 1000 | H4: =IF(COUNTBLANK($A4:$E4)>0, "", IFERROR(AVERAGEIFS(Log!$E:$E, Log!$A:$A, $A4, Log!$B:$B, $B4, Log!$C:$C, $C4),"")) -> 1582.8333 | I4: =IF(AND($H4<>"", $G4<>""), $H4/$G4, "") -> 1.5828333 | J4: =IF(COUNTBLANK($A4:$E4)>0, "", IFERROR(_xlfn.MAXIFS(Log!$E:$E, Log!$A:$A, $A4, Log!$B:$B, $B4, Log!$C:$C, $C4),"")) -> 2611 | K4: =IF(COUNTBLANK($A4:$E4)>0, "", IFERROR(_xlfn.MINIFS(Log!$E:$E, Log!$A:$A, $A4, Log!$B:$B, $B4, Log!$C:$C, $C4),"")) -> 1005 | L4: {=_xlfn.LET(_xlpm.row_no, ROW(C4), _xlpm.identity, INDEX($I:$I, _xlpm.row_no), _xlpm.eval_range, Log!$E:$E, _xlpm.category, INDEX($A:$A, _xlpm.row_no), _xlpm.category_range, Log!$A:$A, _xlpm.key, INDEX($B:$B, _xlpm.row_no), _xlpm.key_range, Log!$B:$B, _xlpm.date, INDEX($C:$C, _xlpm.row_no), _xlpm.date_range, Log!$C:$C, _xlpm.winner, _xlfn._xlws.FILTER( Log!$D:$D, (_xlpm.eval_range = _xlpm.identity) * (_xlpm.category_range=_xlpm.category) * (_xlpm.key_range=_xlpm.key) * (_xlpm.date_range=_xlpm.date) ), _xlfn.UNIQUE(LEFT(_xlpm.winner, 3)) )} -> #VALUE! | M4: {=_xlfn.LET(_xlpm.row_no, ROW(C4), _xlpm.identity, INDEX(#REF!, _xlpm.row_no), _xlpm.eval_range, Log!$E:$E, _xlpm.category, INDEX($A:$A, _xlpm.row_no), _xlpm.category_range, Log!$A:$A, _xlpm.key, INDEX($B:$B, _xlpm.row_no), _xlpm.key_range, Log!$B:$B, _xlpm.date, INDEX($C:$C, _xlpm.row_no), _xlpm.date_range, Log!$C:$C, _xlpm.winner, _xlfn._xlws.FILTER( Log!$D:$D, (_xlpm.eval_range = _xlpm.identity) * (_xlpm.category_range=_xlpm.category) * (_xlpm.key_range=_xlpm.key) * (_xlpm.date_range=_xlpm.date) ), _xlfn.UNIQUE(LEFT(_xlpm.winner, 3)) )} -> #REF! | N4: =IF(COUNTBLANK($A4:$E4)>0, "", IFERROR(AVERAGEIFS(Log!$F:$F, Log!$A:$A, $A4, Log!$B:$B, $B4, Log!$C:$C, $C4),"")) -> 0.38041772 | O4: =IF(COUNTBLANK($A4:$E4)>0, "", IFERROR(_xlfn.MINIFS(Log!$F:$F, Log!$A:$A, $A4, Log!$B:$B, $B4, Log!$C:$C, $C4),"")) -> 0.162101 | P4: =IF(COUNTBLANK($A4:$E4)>0, "", IFERROR(_xlfn.MAXIFS(Log!$F:$F, Log!$A:$A, $A4, Log!$B:$B, $B4, Log!$C:$C, $C4),"")) -> 0.610344 | Q4: =IF(COUNTBLANK($A4:$E4)>0, "", IFERROR(AVERAGEIFS(Log!$G:$G, Log!$A:$A, $A4, Log!$B:$B, $B4, Log!$C:$C, $C4),"")) -> 0.091966633 | R4: =IF(COUNTBLANK($A4:$E4)>0, "", IFERROR(_xlfn.MINIFS(Log!$G:$G, Log!$A:$A, $A4, Log!$B:$B, $B4, Log!$C:$C, $C4),"")) -> 0.0446854 | S4: =IF(COUNTBLANK($A4:$E4)>0, "", IFERROR(_xlfn.MAXIFS(Log!$G:$G, Log!$A:$A, $A4, Log!$B:$B, $B4, Log!$C:$C, $C4),"")) -> 0.143442 | T4: =IF($N4<>"", 'Daily Camera Trends'!$M$5, "") -> 0.41503633 | U4: =IF(Q4<>"", 'Daily Camera Trends'!$N$5, "") -> 0.099319293 | V4: Did not create a box with markers, scattered randomly, adjusted auto detect tolerance for set volume down to 2mm | CP4: =IF($N4<>"", 'Daily Camera Trends'!$M$5, "") -> 0.41503633 | CQ4: =IF($Q4<>"", 'Daily Camera Trends'!$N$5, "") -> 0.099319293 | CS4: DO NOT TOUCH
A5: =IF(C5<>"", "Daily", "") -> Daily | B5: n/a | C5: 46231 | D5: 24.5 | E5: 0.50694444 | F5: B | G5: 1000 | H5: =IF(COUNTBLANK($A5:$E5)>0, "", IFERROR(AVERAGEIFS(Log!$E:$E, Log!$A:$A, $A5, Log!$B:$B, $B5, Log!$C:$C, $C5),"")) -> 1833.0556 | I5: =IF(AND($H5<>"", $G5<>""), $H5/$G5, "") -> 1.8330556 | J5: =IF(COUNTBLANK($A5:$E5)>0, "", IFERROR(_xlfn.MAXIFS(Log!$E:$E, Log!$A:$A, $A5, Log!$B:$B, $B5, Log!$C:$C, $C5),"")) -> 2717 | K5: =IF(COUNTBLANK($A5:$E5)>0, "", IFERROR(_xlfn.MINIFS(Log!$E:$E, Log!$A:$A, $A5, Log!$B:$B, $B5, Log!$C:$C, $C5),"")) -> 1004 | L5: {=_xlfn.LET(_xlpm.row_no, ROW(C5), _xlpm.identity, INDEX($I:$I, _xlpm.row_no), _xlpm.eval_range, Log!$E:$E, _xlpm.category, INDEX($A:$A, _xlpm.row_no), _xlpm.category_range, Log!$A:$A, _xlpm.key, INDEX($B:$B, _xlpm.row_no), _xlpm.key_range, Log!$B:$B, _xlpm.date, INDEX($C:$C, _xlpm.row_no), _xlpm.date_range, Log!$C:$C, _xlpm.winner, _xlfn._xlws.FILTER( Log!$D:$D, (_xlpm.eval_range = _xlpm.identity) * (_xlpm.category_range=_xlpm.category) * (_xlpm.key_range=_xlpm.key) * (_xlpm.date_range=_xlpm.date) ), _xlfn.UNIQUE(LEFT(_xlpm.winner, 3)) )} -> #VALUE! | M5: {=_xlfn.LET(_xlpm.row_no, ROW(C5), _xlpm.identity, INDEX(#REF!, _xlpm.row_no), _xlpm.eval_range, Log!$E:$E, _xlpm.category, INDEX($A:$A, _xlpm.row_no), _xlpm.category_range, Log!$A:$A, _xlpm.key, INDEX($B:$B, _xlpm.row_no), _xlpm.key_range, Log!$B:$B, _xlpm.date, INDEX($C:$C, _xlpm.row_no), _xlpm.date_range, Log!$C:$C, _xlpm.winner, _xlfn._xlws.FILTER( Log!$D:$D, (_xlpm.eval_range = _xlpm.identity) * (_xlpm.category_range=_xlpm.category) * (_xlpm.key_range=_xlpm.key) * (_xlpm.date_range=_xlpm.date) ), _xlfn.UNIQUE(LEFT(_xlpm.winner, 3)) )} -> #REF! | N5: =IF(COUNTBLANK($A5:$E5)>0, "", IFERROR(AVERAGEIFS(Log!$F:$F, Log!$A:$A, $A5, Log!$B:$B, $B5, Log!$C:$C, $C5),"")) -> 0.35087828 | O5: =IF(COUNTBLANK($A5:$E5)>0, "", IFERROR(_xlfn.MINIFS(Log!$F:$F, Log!$A:$A, $A5, Log!$B:$B, $B5, Log!$C:$C, $C5),"")) -> 0.157855 | P5: =IF(COUNTBLANK($A5:$E5)>0, "", IFERROR(_xlfn.MAXIFS(Log!$F:$F, Log!$A:$A, $A5, Log!$B:$B, $B5, Log!$C:$C, $C5),"")) -> 0.556807 | Q5: =IF(COUNTBLANK($A5:$E5)>0, "", IFERROR(AVERAGEIFS(Log!$G:$G, Log!$A:$A, $A5, Log!$B:$B, $B5, Log!$C:$C, $C5),"")) -> 0.084730411 | R5: =IF(COUNTBLANK($A5:$E5)>0, "", IFERROR(_xlfn.MINIFS(Log!$G:$G, Log!$A:$A, $A5, Log!$B:$B, $B5, Log!$C:$C, $C5),"")) -> 0.0478596 | S5: =IF(COUNTBLANK($A5:$E5)>0, "", IFERROR(_xlfn.MAXIFS(Log!$G:$G, Log!$A:$A, $A5, Log!$B:$B, $B5, Log!$C:$C, $C5),"")) -> 0.146714 | T5: =IF($N5<>"", 'Daily Camera Trends'!$M$5, "") -> 0.41503633 | U5: =IF(Q5<>"", 'Daily Camera Trends'!$N$5, "") -> 0.099319293 | V5: Scattered markers randomly in the volume, completely reset calibration and masking beforehand, manually masked reflective pipe in camera 5. | CP5: =IF($N5<>"", 'Daily Camera Trends'!$M$5, "") -> 0.41503633 | CQ5: =IF($Q5<>"", 'Daily Camera Trends'!$N$5, "") -> 0.099319293
A6: =IF(C6<>"", "Daily", "") -> Daily | B6: n/a | C6: 46232 | D6: 25.5 | E6: 0.82291667 | F6: A | G6: 1000 | H6: =IF(COUNTBLANK($A6:$E6)>0, "", IFERROR(AVERAGEIFS(Log!$E:$E, Log!$A:$A, $A6, Log!$B:$B, $B6, Log!$C:$C, $C6),"")) -> 2014.2222 | I6: =IF(AND($H6<>"", $G6<>""), $H6/$G6, "") -> 2.0142222 | J6: =IF(COUNTBLANK($A6:$E6)>0, "", IFERROR(_xlfn.MAXIFS(Log!$E:$E, Log!$A:$A, $A6, Log!$B:$B, $B6, Log!$C:$C, $C6),"")) -> 3094 | K6: =IF(COUNTBLANK($A6:$E6)>0, "", IFERROR(_xlfn.MINIFS(Log!$E:$E, Log!$A:$A, $A6, Log!$B:$B, $B6, Log!$C:$C, $C6),"")) -> 1004 | L6: {=_xlfn.LET(_xlpm.row_no, ROW(C6), _xlpm.identity, INDEX($I:$I, _xlpm.row_no), _xlpm.eval_range, Log!$E:$E, _xlpm.category, INDEX($A:$A, _xlpm.row_no), _xlpm.category_range, Log!$A:$A, _xlpm.key, INDEX($B:$B, _xlpm.row_no), _xlpm.key_range, Log!$B:$B, _xlpm.date, INDEX($C:$C, _xlpm.row_no), _xlpm.date_range, Log!$C:$C, _xlpm.winner, _xlfn._xlws.FILTER( Log!$D:$D, (_xlpm.eval_range = _xlpm.identity) * (_xlpm.category_range=_xlpm.category) * (_xlpm.key_range=_xlpm.key) * (_xlpm.date_range=_xlpm.date) ), _xlfn.UNIQUE(LEFT(_xlpm.winner, 3)) )} -> #VALUE! | M6: {=_xlfn.LET(_xlpm.row_no, ROW(C6), _xlpm.identity, INDEX(#REF!, _xlpm.row_no), _xlpm.eval_range, Log!$E:$E, _xlpm.category, INDEX($A:$A, _xlpm.row_no), _xlpm.category_range, Log!$A:$A, _xlpm.key, INDEX($B:$B, _xlpm.row_no), _xlpm.key_range, Log!$B:$B, _xlpm.date, INDEX($C:$C, _xlpm.row_no), _xlpm.date_range, Log!$C:$C, _xlpm.winner, _xlfn._xlws.FILTER( Log!$D:$D, (_xlpm.eval_range = _xlpm.identity) * (_xlpm.category_range=_xlpm.category) * (_xlpm.key_range=_xlpm.key) * (_xlpm.date_range=_xlpm.date) ), _xlfn.UNIQUE(LEFT(_xlpm.winner, 3)) )} -> #REF! | N6: =IF(COUNTBLANK($A6:$E6)>0, "", IFERROR(AVERAGEIFS(Log!$F:$F, Log!$A:$A, $A6, Log!$B:$B, $B6, Log!$C:$C, $C6),"")) -> 0.36980917 | O6: =IF(COUNTBLANK($A6:$E6)>0, "", IFERROR(_xlfn.MINIFS(Log!$F:$F, Log!$A:$A, $A6, Log!$B:$B, $B6, Log!$C:$C, $C6),"")) -> 0.184608 | P6: =IF(COUNTBLANK($A6:$E6)>0, "", IFERROR(_xlfn.MAXIFS(Log!$F:$F, Log!$A:$A, $A6, Log!$B:$B, $B6, Log!$C:$C, $C6),"")) -> 0.569174 | Q6: =IF(COUNTBLANK($A6:$E6)>0, "", IFERROR(AVERAGEIFS(Log!$G:$G, Log!$A:$A, $A6, Log!$B:$B, $B6, Log!$C:$C, $C6),"")) -> 0.088881683 | R6: =IF(COUNTBLANK($A6:$E6)>0, "", IFERROR(_xlfn.MINIFS(Log!$G:$G, Log!$A:$A, $A6, Log!$B:$B, $B6, Log!$C:$C, $C6),"")) -> 0.0593812 | S6: =IF(COUNTBLANK($A6:$E6)>0, "", IFERROR(_xlfn.MAXIFS(Log!$G:$G, Log!$A:$A, $A6, Log!$B:$B, $B6, Log!$C:$C, $C6),"")) -> 0.136459 | T6: =IF($N6<>"", 'Daily Camera Trends'!$M$5, "") -> 0.41503633 | U6: =IF(Q6<>"", 'Daily Camera Trends'!$N$5, "") -> 0.099319293 | V6: Mostly focused on fixing the calibration data pollution bug from sample data (camera IDs reorganised) but sweeping movements around the main volume, with markers scattered in clusters no box outline | CP6: =IF($N6<>"", 'Daily Camera Trends'!$M$5, "") -> 0.41503633 | CQ6: =IF($Q6<>"", 'Daily Camera Trends'!$N$5, "") -> 0.099319293
A7: =IF(C7<>"", "Daily", "") -> Daily | B7: n/a | C7: 46233 | D7: 24.5 | E7: 0.53333333 | F7: A | G7: 1000 | H7: =IF(COUNTBLANK($A7:$E7)>0, "", IFERROR(AVERAGEIFS(Log!$E:$E, Log!$A:$A, $A7, Log!$B:$B, $B7, Log!$C:$C, $C7),"")) -> 1931.5556 | I7: =IF(AND($H7<>"", $G7<>""), $H7/$G7, "") -> 1.9315556 | J7: =IF(COUNTBLANK($A7:$E7)>0, "", IFERROR(_xlfn.MAXIFS(Log!$E:$E, Log!$A:$A, $A7, Log!$B:$B, $B7, Log!$C:$C, $C7),"")) -> 2638 | K7: =IF(COUNTBLANK($A7:$E7)>0, "", IFERROR(_xlfn.MINIFS(Log!$E:$E, Log!$A:$A, $A7, Log!$B:$B, $B7, Log!$C:$C, $C7),"")) -> 1004 | L7: {=_xlfn.LET(_xlpm.row_no, ROW(C7), _xlpm.identity, INDEX($I:$I, _xlpm.row_no), _xlpm.eval_range, Log!$E:$E, _xlpm.category, INDEX($A:$A, _xlpm.row_no), _xlpm.category_range, Log!$A:$A, _xlpm.key, INDEX($B:$B, _xlpm.row_no), _xlpm.key_range, Log!$B:$B, _xlpm.date, INDEX($C:$C, _xlpm.row_no), _xlpm.date_range, Log!$C:$C, _xlpm.winner, _xlfn._xlws.FILTER( Log!$D:$D, (_xlpm.eval_range = _xlpm.identity) * (_xlpm.category_range=_xlpm.category) * (_xlpm.key_range=_xlpm.key) * (_xlpm.date_range=_xlpm.date) ), _xlfn.UNIQUE(LEFT(_xlpm.winner, 3)) )} -> #VALUE! | M7: {=_xlfn.LET(_xlpm.row_no, ROW(C7), _xlpm.identity, INDEX(#REF!, _xlpm.row_no), _xlpm.eval_range, Log!$E:$E, _xlpm.category, INDEX($A:$A, _xlpm.row_no), _xlpm.category_range, Log!$A:$A, _xlpm.key, INDEX($B:$B, _xlpm.row_no), _xlpm.key_range, Log!$B:$B, _xlpm.date, INDEX($C:$C, _xlpm.row_no), _xlpm.date_range, Log!$C:$C, _xlpm.winner, _xlfn._xlws.FILTER( Log!$D:$D, (_xlpm.eval_range = _xlpm.identity) * (_xlpm.category_range=_xlpm.category) * (_xlpm.key_range=_xlpm.key) * (_xlpm.date_range=_xlpm.date) ), _xlfn.UNIQUE(LEFT(_xlpm.winner, 3)) )} -> #REF! | N7: =IF(COUNTBLANK($A7:$E7)>0, "", IFERROR(AVERAGEIFS(Log!$F:$F, Log!$A:$A, $A7, Log!$B:$B, $B7, Log!$C:$C, $C7),"")) -> 0.32767978 | O7: =IF(COUNTBLANK($A7:$E7)>0, "", IFERROR(_xlfn.MINIFS(Log!$F:$F, Log!$A:$A, $A7, Log!$B:$B, $B7, Log!$C:$C, $C7),"")) -> 0.211716 | P7: =IF(COUNTBLANK($A7:$E7)>0, "", IFERROR(_xlfn.MAXIFS(Log!$F:$F, Log!$A:$A, $A7, Log!$B:$B, $B7, Log!$C:$C, $C7),"")) -> 0.454062 | Q7: =IF(COUNTBLANK($A7:$E7)>0, "", IFERROR(AVERAGEIFS(Log!$G:$G, Log!$A:$A, $A7, Log!$B:$B, $B7, Log!$C:$C, $C7),"")) -> 0.079198328 | R7: =IF(COUNTBLANK($A7:$E7)>0, "", IFERROR(_xlfn.MINIFS(Log!$G:$G, Log!$A:$A, $A7, Log!$B:$B, $B7, Log!$C:$C, $C7),"")) -> 0.0509483 | S7: =IF(COUNTBLANK($A7:$E7)>0, "", IFERROR(_xlfn.MAXIFS(Log!$G:$G, Log!$A:$A, $A7, Log!$B:$B, $B7, Log!$C:$C, $C7),"")) -> 0.122413 | T7: =IF($N7<>"", 'Daily Camera Trends'!$M$5, "") -> 0.41503633 | U7: =IF(Q7<>"", 'Daily Camera Trends'!$N$5, "") -> 0.099319293 | V7: After calibration modified level of the L-Frame as floor wasn't level, so this may affect volume capture in future | CP7: =IF($N7<>"", 'Daily Camera Trends'!$M$5, "") -> 0.41503633 | CQ7: =IF($Q7<>"", 'Daily Camera Trends'!$N$5, "") -> 0.099319293
A8: =IF(C8<>"", "Daily", "") -> Daily | B8: n/a | C8: 46234 | D8: 24.5 | E8: 0.58333333 | F8: C | G8: 1500 | H8: =IF(COUNTBLANK($A8:$E8)>0, "", IFERROR(AVERAGEIFS(Log!$E:$E, Log!$A:$A, $A8, Log!$B:$B, $B8, Log!$C:$C, $C8),"")) -> 2650.3889 | I8: =IF(AND($H8<>"", $G8<>""), $H8/$G8, "") -> 1.7669259 | J8: =IF(COUNTBLANK($A8:$E8)>0, "", IFERROR(_xlfn.MAXIFS(Log!$E:$E, Log!$A:$A, $A8, Log!$B:$B, $B8, Log!$C:$C, $C8),"")) -> 4033 | K8: =IF(COUNTBLANK($A8:$E8)>0, "", IFERROR(_xlfn.MINIFS(Log!$E:$E, Log!$A:$A, $A8, Log!$B:$B, $B8, Log!$C:$C, $C8),"")) -> 1502 | L8: {=_xlfn.LET(_xlpm.row_no, ROW(C8), _xlpm.identity, INDEX($I:$I, _xlpm.row_no), _xlpm.eval_range, Log!$E:$E, _xlpm.category, INDEX($A:$A, _xlpm.row_no), _xlpm.category_range, Log!$A:$A, _xlpm.key, INDEX($B:$B, _xlpm.row_no), _xlpm.key_range, Log!$B:$B, _xlpm.date, INDEX($C:$C, _xlpm.row_no), _xlpm.date_range, Log!$C:$C, _xlpm.winner, _xlfn._xlws.FILTER( Log!$D:$D, (_xlpm.eval_range = _xlpm.identity) * (_xlpm.category_range=_xlpm.category) * (_xlpm.key_range=_xlpm.key) * (_xlpm.date_range=_xlpm.date) ), _xlfn.UNIQUE(LEFT(_xlpm.winner, 3)) )} -> #VALUE! | M8: {=_xlfn.LET(_xlpm.row_no, ROW(C8), _xlpm.identity, INDEX(#REF!, _xlpm.row_no), _xlpm.eval_range, Log!$E:$E, _xlpm.category, INDEX($A:$A, _xlpm.row_no), _xlpm.category_range, Log!$A:$A, _xlpm.key, INDEX($B:$B, _xlpm.row_no), _xlpm.key_range, Log!$B:$B, _xlpm.date, INDEX($C:$C, _xlpm.row_no), _xlpm.date_range, Log!$C:$C, _xlpm.winner, _xlfn._xlws.FILTER( Log!$D:$D, (_xlpm.eval_range = _xlpm.identity) * (_xlpm.category_range=_xlpm.category) * (_xlpm.key_range=_xlpm.key) * (_xlpm.date_range=_xlpm.date) ), _xlfn.UNIQUE(LEFT(_xlpm.winner, 3)) )} -> #REF! | N8: =IF(COUNTBLANK($A8:$E8)>0, "", IFERROR(AVERAGEIFS(Log!$F:$F, Log!$A:$A, $A8, Log!$B:$B, $B8, Log!$C:$C, $C8),"")) -> 0.391708 | O8: =IF(COUNTBLANK($A8:$E8)>0, "", IFERROR(_xlfn.MINIFS(Log!$F:$F, Log!$A:$A, $A8, Log!$B:$B, $B8, Log!$C:$C, $C8),"")) -> 0.163774 | P8: =IF(COUNTBLANK($A8:$E8)>0, "", IFERROR(_xlfn.MAXIFS(Log!$F:$F, Log!$A:$A, $A8, Log!$B:$B, $B8, Log!$C:$C, $C8),"")) -> 0.616092 | Q8: =IF(COUNTBLANK($A8:$E8)>0, "", IFERROR(AVERAGEIFS(Log!$G:$G, Log!$A:$A, $A8, Log!$B:$B, $B8, Log!$C:$C, $C8),"")) -> 0.09618615 | R8: =IF(COUNTBLANK($A8:$E8)>0, "", IFERROR(_xlfn.MINIFS(Log!$G:$G, Log!$A:$A, $A8, Log!$B:$B, $B8, Log!$C:$C, $C8),"")) -> 0.0520276 | S8: =IF(COUNTBLANK($A8:$E8)>0, "", IFERROR(_xlfn.MAXIFS(Log!$G:$G, Log!$A:$A, $A8, Log!$B:$B, $B8, Log!$C:$C, $C8),"")) -> 0.202345 | T8: =IF($N8<>"", 'Daily Camera Trends'!$M$5, "") -> 0.41503633 | U8: =IF(Q8<>"", 'Daily Camera Trends'!$N$5, "") -> 0.099319293 | V8: Missing XCP File! Following 2 wand count errors increased auto stop min frames to 1500 and spread time more equally in volume. Worsening world and image errors! To repeat on 1-2 tests to confirm | CP8: =IF($N8<>"", 'Daily Camera Trends'!$M$5, "") -> 0.41503633 | CQ8: =IF($Q8<>"", 'Daily Camera Trends'!$N$5, "") -> 0.099319293
A9: =IF(C9<>"", "Daily", "") -> Daily | B9: n/a | C9: 46235 | D9: 24 | E9: 0.74097222 | F9: C | G9: 1500 | H9: =IF(COUNTBLANK($A9:$E9)>0, "", IFERROR(AVERAGEIFS(Log!$E:$E, Log!$A:$A, $A9, Log!$B:$B, $B9, Log!$C:$C, $C9),"")) -> 2360.4444 | I9: =IF(AND($H9<>"", $G9<>""), $H9/$G9, "") -> 1.5736296 | J9: =IF(COUNTBLANK($A9:$E9)>0, "", IFERROR(_xlfn.MAXIFS(Log!$E:$E, Log!$A:$A, $A9, Log!$B:$B, $B9, Log!$C:$C, $C9),"")) -> 3742 | K9: =IF(COUNTBLANK($A9:$E9)>0, "", IFERROR(_xlfn.MINIFS(Log!$E:$E, Log!$A:$A, $A9, Log!$B:$B, $B9, Log!$C:$C, $C9),"")) -> 1503 | L9: {=_xlfn.LET(_xlpm.row_no, ROW(C9), _xlpm.identity, INDEX($I:$I, _xlpm.row_no), _xlpm.eval_range, Log!$E:$E, _xlpm.category, INDEX($A:$A, _xlpm.row_no), _xlpm.category_range, Log!$A:$A, _xlpm.key, INDEX($B:$B, _xlpm.row_no), _xlpm.key_range, Log!$B:$B, _xlpm.date, INDEX($C:$C, _xlpm.row_no), _xlpm.date_range, Log!$C:$C, _xlpm.winner, _xlfn._xlws.FILTER( Log!$D:$D, (_xlpm.eval_range = _xlpm.identity) * (_xlpm.category_range=_xlpm.category) * (_xlpm.key_range=_xlpm.key) * (_xlpm.date_range=_xlpm.date) ), _xlfn.UNIQUE(LEFT(_xlpm.winner, 3)) )} -> #VALUE! | M9: {=_xlfn.LET(_xlpm.row_no, ROW(C9), _xlpm.identity, INDEX(#REF!, _xlpm.row_no), _xlpm.eval_range, Log!$E:$E, _xlpm.category, INDEX($A:$A, _xlpm.row_no), _xlpm.category_range, Log!$A:$A, _xlpm.key, INDEX($B:$B, _xlpm.row_no), _xlpm.key_range, Log!$B:$B, _xlpm.date, INDEX($C:$C, _xlpm.row_no), _xlpm.date_range, Log!$C:$C, _xlpm.winner, _xlfn._xlws.FILTER( Log!$D:$D, (_xlpm.eval_range = _xlpm.identity) * (_xlpm.category_range=_xlpm.category) * (_xlpm.key_range=_xlpm.key) * (_xlpm.date_range=_xlpm.date) ), _xlfn.UNIQUE(LEFT(_xlpm.winner, 3)) )} -> #REF! | N9: =IF(COUNTBLANK($A9:$E9)>0, "", IFERROR(AVERAGEIFS(Log!$F:$F, Log!$A:$A, $A9, Log!$B:$B, $B9, Log!$C:$C, $C9),"")) -> 0.55296411 | O9: =IF(COUNTBLANK($A9:$E9)>0, "", IFERROR(_xlfn.MINIFS(Log!$F:$F, Log!$A:$A, $A9, Log!$B:$B, $B9, Log!$C:$C, $C9),"")) -> 0.204627 | P9: =IF(COUNTBLANK($A9:$E9)>0, "", IFERROR(_xlfn.MAXIFS(Log!$F:$F, Log!$A:$A, $A9, Log!$B:$B, $B9, Log!$C:$C, $C9),"")) -> 1.47159 | Q9: =IF(COUNTBLANK($A9:$E9)>0, "", IFERROR(AVERAGEIFS(Log!$G:$G, Log!$A:$A, $A9, Log!$B:$B, $B9, Log!$C:$C, $C9),"")) -> 0.12669717 | R9: =IF(COUNTBLANK($A9:$E9)>0, "", IFERROR(_xlfn.MINIFS(Log!$G:$G, Log!$A:$A, $A9, Log!$B:$B, $B9, Log!$C:$C, $C9),"")) -> 0.0548533 | S9: =IF(COUNTBLANK($A9:$E9)>0, "", IFERROR(_xlfn.MAXIFS(Log!$G:$G, Log!$A:$A, $A9, Log!$B:$B, $B9, Log!$C:$C, $C9),"")) -> 0.310464 | T9: =IF($N9<>"", 'Daily Camera Trends'!$M$5, "") -> 0.41503633 | U9: =IF(Q9<>"", 'Daily Camera Trends'!$N$5, "") -> 0.099319293 | V9: Minor wand wave not according to technique (folding wave) but otherwise going left/right and keeping away from body. Some camera error outliers and ghost markers during floor plane calibration. | CP9: =IF($N9<>"", 'Daily Camera Trends'!$M$5, "") -> 0.41503633 | CQ9: =IF($Q9<>"", 'Daily Camera Trends'!$N$5, "") -> 0.099319293
A10: =IF(C10<>"", "Daily", "") -> Daily | B10: n/a | C10: 46237 | D10: 24 | E10: 0.46597222 | F10: A | G10: 1000 | H10: =IF(COUNTBLANK($A10:$E10)>0, "", IFERROR(AVERAGEIFS(Log!$E:$E, Log!$A:$A, $A10, Log!$B:$B, $B10, Log!$C:$C, $C10),"")) -> 2116.6111 | I10: =IF(AND($H10<>"", $G10<>""), $H10/$G10, "") -> 2.1166111 | J10: =IF(COUNTBLANK($A10:$E10)>0, "", IFERROR(_xlfn.MAXIFS(Log!$E:$E, Log!$A:$A, $A10, Log!$B:$B, $B10, Log!$C:$C, $C10),"")) -> 3654 | K10: =IF(COUNTBLANK($A10:$E10)>0, "", IFERROR(_xlfn.MINIFS(Log!$E:$E, Log!$A:$A, $A10, Log!$B:$B, $B10, Log!$C:$C, $C10),"")) -> 1004 | L10: {=_xlfn.LET(_xlpm.row_no, ROW(C10), _xlpm.identity, INDEX($I:$I, _xlpm.row_no), _xlpm.eval_range, Log!$E:$E, _xlpm.category, INDEX($A:$A, _xlpm.row_no), _xlpm.category_range, Log!$A:$A, _xlpm.key, INDEX($B:$B, _xlpm.row_no), _xlpm.key_range, Log!$B:$B, _xlpm.date, INDEX($C:$C, _xlpm.row_no), _xlpm.date_range, Log!$C:$C, _xlpm.winner, _xlfn._xlws.FILTER( Log!$D:$D, (_xlpm.eval_range = _xlpm.identity) * (_xlpm.category_range=_xlpm.category) * (_xlpm.key_range=_xlpm.key) * (_xlpm.date_range=_xlpm.date) ), _xlfn.UNIQUE(LEFT(_xlpm.winner, 3)) )} -> #VALUE! | M10: {=_xlfn.LET(_xlpm.row_no, ROW(C10), _xlpm.identity, INDEX(#REF!, _xlpm.row_no), _xlpm.eval_range, Log!$E:$E, _xlpm.category, INDEX($A:$A, _xlpm.row_no), _xlpm.category_range, Log!$A:$A, _xlpm.key, INDEX($B:$B, _xlpm.row_no), _xlpm.key_range, Log!$B:$B, _xlpm.date, INDEX($C:$C, _xlpm.row_no), _xlpm.date_range, Log!$C:$C, _xlpm.winner, _xlfn._xlws.FILTER( Log!$D:$D, (_xlpm.eval_range = _xlpm.identity) * (_xlpm.category_range=_xlpm.category) * (_xlpm.key_range=_xlpm.key) * (_xlpm.date_range=_xlpm.date) ), _xlfn.UNIQUE(LEFT(_xlpm.winner, 3)) )} -> #REF! | N10: =IF(COUNTBLANK($A10:$E10)>0, "", IFERROR(AVERAGEIFS(Log!$F:$F, Log!$A:$A, $A10, Log!$B:$B, $B10, Log!$C:$C, $C10),"")) -> 0.37600283 | O10: =IF(COUNTBLANK($A10:$E10)>0, "", IFERROR(_xlfn.MINIFS(Log!$F:$F, Log!$A:$A, $A10, Log!$B:$B, $B10, Log!$C:$C, $C10),"")) -> 0.179206 | P10: =IF(COUNTBLANK($A10:$E10)>0, "", IFERROR(_xlfn.MAXIFS(Log!$F:$F, Log!$A:$A, $A10, Log!$B:$B, $B10, Log!$C:$C, $C10),"")) -> 0.79733 | Q10: =IF(COUNTBLANK($A10:$E10)>0, "", IFERROR(AVERAGEIFS(Log!$G:$G, Log!$A:$A, $A10, Log!$B:$B, $B10, Log!$C:$C, $C10),"")) -> 0.0903465 | R10: =IF(COUNTBLANK($A10:$E10)>0, "", IFERROR(_xlfn.MINIFS(Log!$G:$G, Log!$A:$A, $A10, Log!$B:$B, $B10, Log!$C:$C, $C10),"")) -> 0.0426844 | S10: =IF(COUNTBLANK($A10:$E10)>0, "", IFERROR(_xlfn.MAXIFS(Log!$G:$G, Log!$A:$A, $A10, Log!$B:$B, $B10, Log!$C:$C, $C10),"")) -> 0.15169 | T10: =IF($N10<>"", 'Daily Camera Trends'!$M$5, "") -> 0.41503633 | U10: =IF(Q10<>"", 'Daily Camera Trends'!$N$5, "") -> 0.099319293 | V10: Reverted wand wave technique after 2 calibration errors Opting to put clusters of 3 in volume corners and spacing out pairs elsewhere in centre of volume floor plane | CP10: =IF($N10<>"", 'Daily Camera Trends'!$M$5, "") -> 0.41503633 | CQ10: =IF($Q10<>"", 'Daily Camera Trends'!$N$5, "") -> 0.099319293
A11: =IF(C11<>"", "Daily", "") -> Daily | B11: n/a | C11: 46238 | D11: 24.5 | E11: 0.52083333 | F11: A | G11: 1000 | H11: =IF(COUNTBLANK($A11:$E11)>0, "", IFERROR(AVERAGEIFS(Log!$E:$E, Log!$A:$A, $A11, Log!$B:$B, $B11, Log!$C:$C, $C11),"")) -> 2144.6111 | I11: =IF(AND($H11<>"", $G11<>""), $H11/$G11, "") -> 2.1446111 | J11: =IF(COUNTBLANK($A11:$E11)>0, "", IFERROR(_xlfn.MAXIFS(Log!$E:$E, Log!$A:$A, $A11, Log!$B:$B, $B11, Log!$C:$C, $C11),"")) -> 3274 | K11: =IF(COUNTBLANK($A11:$E11)>0, "", IFERROR(_xlfn.MINIFS(Log!$E:$E, Log!$A:$A, $A11, Log!$B:$B, $B11, Log!$C:$C, $C11),"")) -> 1006 | L11: {=_xlfn.LET(_xlpm.row_no, ROW(C11), _xlpm.identity, INDEX($I:$I, _xlpm.row_no), _xlpm.eval_range, Log!$E:$E, _xlpm.category, INDEX($A:$A, _xlpm.row_no), _xlpm.category_range, Log!$A:$A, _xlpm.key, INDEX($B:$B, _xlpm.row_no), _xlpm.key_range, Log!$B:$B, _xlpm.date, INDEX($C:$C, _xlpm.row_no), _xlpm.date_range, Log!$C:$C, _xlpm.winner, _xlfn._xlws.FILTER( Log!$D:$D, (_xlpm.eval_range = _xlpm.identity) * (_xlpm.category_range=_xlpm.category) * (_xlpm.key_range=_xlpm.key) * (_xlpm.date_range=_xlpm.date) ), _xlfn.UNIQUE(LEFT(_xlpm.winner, 3)) )} -> #VALUE! | M11: {=_xlfn.LET(_xlpm.row_no, ROW(C11), _xlpm.identity, INDEX(#REF!, _xlpm.row_no), _xlpm.eval_range, Log!$E:$E, _xlpm.category, INDEX($A:$A, _xlpm.row_no), _xlpm.category_range, Log!$A:$A, _xlpm.key, INDEX($B:$B, _xlpm.row_no), _xlpm.key_range, Log!$B:$B, _xlpm.date, INDEX($C:$C, _xlpm.row_no), _xlpm.date_range, Log!$C:$C, _xlpm.winner, _xlfn._xlws.FILTER( Log!$D:$D, (_xlpm.eval_range = _xlpm.identity) * (_xlpm.category_range=_xlpm.category) * (_xlpm.key_range=_xlpm.key) * (_xlpm.date_range=_xlpm.date) ), _xlfn.UNIQUE(LEFT(_xlpm.winner, 3)) )} -> #REF! | N11: =IF(COUNTBLANK($A11:$E11)>0, "", IFERROR(AVERAGEIFS(Log!$F:$F, Log!$A:$A, $A11, Log!$B:$B, $B11, Log!$C:$C, $C11),"")) -> 0.40401528 | O11: =IF(COUNTBLANK($A11:$E11)>0, "", IFERROR(_xlfn.MINIFS(Log!$F:$F, Log!$A:$A, $A11, Log!$B:$B, $B11, Log!$C:$C, $C11),"")) -> 0.174374 | P11: =IF(COUNTBLANK($A11:$E11)>0, "", IFERROR(_xlfn.MAXIFS(Log!$F:$F, Log!$A:$A, $A11, Log!$B:$B, $B11, Log!$C:$C, $C11),"")) -> 0.59376 | Q11: =IF(COUNTBLANK($A11:$E11)>0, "", IFERROR(AVERAGEIFS(Log!$G:$G, Log!$A:$A, $A11, Log!$B:$B, $B11, Log!$C:$C, $C11),"")) -> 0.096629456 | R11: =IF(COUNTBLANK($A11:$E11)>0, "", IFERROR(_xlfn.MINIFS(Log!$G:$G, Log!$A:$A, $A11, Log!$B:$B, $B11, Log!$C:$C, $C11),"")) -> 0.0560448 | S11: =IF(COUNTBLANK($A11:$E11)>0, "", IFERROR(_xlfn.MAXIFS(Log!$G:$G, Log!$A:$A, $A11, Log!$B:$B, $B11, Log!$C:$C, $C11),"")) -> 0.126402 | T11: =IF($N11<>"", 'Daily Camera Trends'!$M$5, "") -> 0.41503633 | U11: =IF(Q11<>"", 'Daily Camera Trends'!$N$5, "") -> 0.099319293 | V11: No box; markers were in a rough isoclees triangle shape outline, of 4x clusters of 3 markers, no issue | CP11: =IF($N11<>"", 'Daily Camera Trends'!$M$5, "") -> 0.41503633 | CQ11: =IF($Q11<>"", 'Daily Camera Trends'!$N$5, "") -> 0.099319293
A12: =IF(C12<>"", "Daily", "") -> Daily | B12: n/a | C12: 46239 | D12: 25 | E12: 0.59305556 | F12: A | G12: 1000 | H12: =IF(COUNTBLANK($A12:$E12)>0, "", IFERROR(AVERAGEIFS(Log!$E:$E, Log!$A:$A, $A12, Log!$B:$B, $B12, Log!$C:$C, $C12),"")) -> 1975.4444 | I12: =IF(AND($H12<>"", $G12<>""), $H12/$G12, "") -> 1.9754444 | J12: =IF(COUNTBLANK($A12:$E12)>0, "", IFERROR(_xlfn.MAXIFS(Log!$E:$E, Log!$A:$A, $A12, Log!$B:$B, $B12, Log!$C:$C, $C12),"")) -> 3247 | K12: =IF(COUNTBLANK($A12:$E12)>0, "", IFERROR(_xlfn.MINIFS(Log!$E:$E, Log!$A:$A, $A12, Log!$B:$B, $B12, Log!$C:$C, $C12),"")) -> 1003 | L12: {=_xlfn.LET(_xlpm.row_no, ROW(C12), _xlpm.identity, INDEX($I:$I, _xlpm.row_no), _xlpm.eval_range, Log!$E:$E, _xlpm.category, INDEX($A:$A, _xlpm.row_no), _xlpm.category_range, Log!$A:$A, _xlpm.key, INDEX($B:$B, _xlpm.row_no), _xlpm.key_range, Log!$B:$B, _xlpm.date, INDEX($C:$C, _xlpm.row_no), _xlpm.date_range, Log!$C:$C, _xlpm.winner, _xlfn._xlws.FILTER( Log!$D:$D, (_xlpm.eval_range = _xlpm.identity) * (_xlpm.category_range=_xlpm.category) * (_xlpm.key_range=_xlpm.key) * (_xlpm.date_range=_xlpm.date) ), _xlfn.UNIQUE(LEFT(_xlpm.winner, 3)) )} -> #VALUE! | M12: {=_xlfn.LET(_xlpm.row_no, ROW(C12), _xlpm.identity, INDEX(#REF!, _xlpm.row_no), _xlpm.eval_range, Log!$E:$E, _xlpm.category, INDEX($A:$A, _xlpm.row_no), _xlpm.category_range, Log!$A:$A, _xlpm.key, INDEX($B:$B, _xlpm.row_no), _xlpm.key_range, Log!$B:$B, _xlpm.date, INDEX($C:$C, _xlpm.row_no), _xlpm.date_range, Log!$C:$C, _xlpm.winner, _xlfn._xlws.FILTER( Log!$D:$D, (_xlpm.eval_range = _xlpm.identity) * (_xlpm.category_range=_xlpm.category) * (_xlpm.key_range=_xlpm.key) * (_xlpm.date_range=_xlpm.date) ), _xlfn.UNIQUE(LEFT(_xlpm.winner, 3)) )} -> #REF! | N12: =IF(COUNTBLANK($A12:$E12)>0, "", IFERROR(AVERAGEIFS(Log!$F:$F, Log!$A:$A, $A12, Log!$B:$B, $B12, Log!$C:$C, $C12),"")) -> 0.37193639 | O12: =IF(COUNTBLANK($A12:$E12)>0, "", IFERROR(_xlfn.MINIFS(Log!$F:$F, Log!$A:$A, $A12, Log!$B:$B, $B12, Log!$C:$C, $C12),"")) -> 0.16953 | P12: =IF(COUNTBLANK($A12:$E12)>0, "", IFERROR(_xlfn.MAXIFS(Log!$F:$F, Log!$A:$A, $A12, Log!$B:$B, $B12, Log!$C:$C, $C12),"")) -> 0.587606 | Q12: =IF(COUNTBLANK($A12:$E12)>0, "", IFERROR(AVERAGEIFS(Log!$G:$G, Log!$A:$A, $A12, Log!$B:$B, $B12, Log!$C:$C, $C12),"")) -> 0.088825328 | R12: =IF(COUNTBLANK($A12:$E12)>0, "", IFERROR(_xlfn.MINIFS(Log!$G:$G, Log!$A:$A, $A12, Log!$B:$B, $B12, Log!$C:$C, $C12),"")) -> 0.0521894 | S12: =IF(COUNTBLANK($A12:$E12)>0, "", IFERROR(_xlfn.MAXIFS(Log!$G:$G, Log!$A:$A, $A12, Log!$B:$B, $B12, Log!$C:$C, $C12),"")) -> 0.116208 | T12: =IF($N12<>"", 'Daily Camera Trends'!$M$5, "") -> 0.41503633 | U12: =IF(Q12<>"", 'Daily Camera Trends'!$N$5, "") -> 0.099319293 | V12: 9 Markers, in 3 clusters of 3 -- two clusters spaced from origin, one in a far corner. This caused floor plane error for furthest markers so added a 4th cluster in opposite far corner, which fixed it. Documented in note '2026-08-05 Marker Cluster Layout (v1)' | CP12: =IF($N12<>"", 'Daily Camera Trends'!$M$5, "") -> 0.41503633 | CQ12: =IF($Q12<>"", 'Daily Camera Trends'!$N$5, "") -> 0.099319293
A13: =IF(C13<>"", "Daily", "") -> Daily | B13: n/a | C13: 46240 | D13: 25 | E13: 0.47569444 | F13: A | G13: 1000 | H13: =IF(COUNTBLANK($A13:$E13)>0, "", IFERROR(AVERAGEIFS(Log!$E:$E, Log!$A:$A, $A13, Log!$B:$B, $B13, Log!$C:$C, $C13),"")) -> 2069.9444 | I13: =IF(AND($H13<>"", $G13<>""), $H13/$G13, "") -> 2.0699444 | J13: =IF(COUNTBLANK($A13:$E13)>0, "", IFERROR(_xlfn.MAXIFS(Log!$E:$E, Log!$A:$A, $A13, Log!$B:$B, $B13, Log!$C:$C, $C13),"")) -> 3135 | K13: =IF(COUNTBLANK($A13:$E13)>0, "", IFERROR(_xlfn.MINIFS(Log!$E:$E, Log!$A:$A, $A13, Log!$B:$B, $B13, Log!$C:$C, $C13),"")) -> 1002 | L13: {=_xlfn.LET(_xlpm.row_no, ROW(C13), _xlpm.identity, INDEX($I:$I, _xlpm.row_no), _xlpm.eval_range, Log!$E:$E, _xlpm.category, INDEX($A:$A, _xlpm.row_no), _xlpm.category_range, Log!$A:$A, _xlpm.key, INDEX($B:$B, _xlpm.row_no), _xlpm.key_range, Log!$B:$B, _xlpm.date, INDEX($C:$C, _xlpm.row_no), _xlpm.date_range, Log!$C:$C, _xlpm.winner, _xlfn._xlws.FILTER( Log!$D:$D, (_xlpm.eval_range = _xlpm.identity) * (_xlpm.category_range=_xlpm.category) * (_xlpm.key_range=_xlpm.key) * (_xlpm.date_range=_xlpm.date) ), _xlfn.UNIQUE(LEFT(_xlpm.winner, 3)) )} -> #VALUE! | M13: {=_xlfn.LET(_xlpm.row_no, ROW(C13), _xlpm.identity, INDEX(#REF!, _xlpm.row_no), _xlpm.eval_range, Log!$E:$E, _xlpm.category, INDEX($A:$A, _xlpm.row_no), _xlpm.category_range, Log!$A:$A, _xlpm.key, INDEX($B:$B, _xlpm.row_no), _xlpm.key_range, Log!$B:$B, _xlpm.date, INDEX($C:$C, _xlpm.row_no), _xlpm.date_range, Log!$C:$C, _xlpm.winner, _xlfn._xlws.FILTER( Log!$D:$D, (_xlpm.eval_range = _xlpm.identity) * (_xlpm.category_range=_xlpm.category) * (_xlpm.key_range=_xlpm.key) * (_xlpm.date_range=_xlpm.date) ), _xlfn.UNIQUE(LEFT(_xlpm.winner, 3)) )} -> #REF! | N13: =IF(COUNTBLANK($A13:$E13)>0, "", IFERROR(AVERAGEIFS(Log!$F:$F, Log!$A:$A, $A13, Log!$B:$B, $B13, Log!$C:$C, $C13),"")) -> 0.37121239 | O13: =IF(COUNTBLANK($A13:$E13)>0, "", IFERROR(_xlfn.MINIFS(Log!$F:$F, Log!$A:$A, $A13, Log!$B:$B, $B13, Log!$C:$C, $C13),"")) -> 0.202636 | P13: =IF(COUNTBLANK($A13:$E13)>0, "", IFERROR(_xlfn.MAXIFS(Log!$F:$F, Log!$A:$A, $A13, Log!$B:$B, $B13, Log!$C:$C, $C13),"")) -> 0.527846 | Q13: =IF(COUNTBLANK($A13:$E13)>0, "", IFERROR(AVERAGEIFS(Log!$G:$G, Log!$A:$A, $A13, Log!$B:$B, $B13, Log!$C:$C, $C13),"")) -> 0.088747717 | R13: =IF(COUNTBLANK($A13:$E13)>0, "", IFERROR(_xlfn.MINIFS(Log!$G:$G, Log!$A:$A, $A13, Log!$B:$B, $B13, Log!$C:$C, $C13),"")) -> 0.048736 | S13: =IF(COUNTBLANK($A13:$E13)>0, "", IFERROR(_xlfn.MAXIFS(Log!$G:$G, Log!$A:$A, $A13, Log!$B:$B, $B13, Log!$C:$C, $C13),"")) -> 0.10941 | T13: =IF($N13<>"", 'Daily Camera Trends'!$M$5, "") -> 0.41503633 | U13: =IF(Q13<>"", 'Daily Camera Trends'!$N$5, "") -> 0.099319293 | V13: 3 clusters of markers in each corner (4 sets) | CP13: =IF($N13<>"", 'Daily Camera Trends'!$M$5, "") -> 0.41503633 | CQ13: =IF($Q13<>"", 'Daily Camera Trends'!$N$5, "") -> 0.099319293
A14: =IF(C14<>"", "Daily", "") -> Daily | B14: n/a | C14: 46242 | D14: 24.5 | E14: 0.62361111 | F14: A | G14: 1000 | H14: =IF(COUNTBLANK($A14:$E14)>0, "", IFERROR(AVERAGEIFS(Log!$E:$E, Log!$A:$A, $A14, Log!$B:$B, $B14, Log!$C:$C, $C14),"")) -> 1881.4444 | I14: =IF(AND($H14<>"", $G14<>""), $H14/$G14, "") -> 1.8814444 | J14: =IF(COUNTBLANK($A14:$E14)>0, "", IFERROR(_xlfn.MAXIFS(Log!$E:$E, Log!$A:$A, $A14, Log!$B:$B, $B14, Log!$C:$C, $C14),"")) -> 2984 | K14: =IF(COUNTBLANK($A14:$E14)>0, "", IFERROR(_xlfn.MINIFS(Log!$E:$E, Log!$A:$A, $A14, Log!$B:$B, $B14, Log!$C:$C, $C14),"")) -> 1003 | L14: {=_xlfn.LET(_xlpm.row_no, ROW(C14), _xlpm.identity, INDEX($I:$I, _xlpm.row_no), _xlpm.eval_range, Log!$E:$E, _xlpm.category, INDEX($A:$A, _xlpm.row_no), _xlpm.category_range, Log!$A:$A, _xlpm.key, INDEX($B:$B, _xlpm.row_no), _xlpm.key_range, Log!$B:$B, _xlpm.date, INDEX($C:$C, _xlpm.row_no), _xlpm.date_range, Log!$C:$C, _xlpm.winner, _xlfn._xlws.FILTER( Log!$D:$D, (_xlpm.eval_range = _xlpm.identity) * (_xlpm.category_range=_xlpm.category) * (_xlpm.key_range=_xlpm.key) * (_xlpm.date_range=_xlpm.date) ), _xlfn.UNIQUE(LEFT(_xlpm.winner, 3)) )} -> #VALUE! | M14: {=_xlfn.LET(_xlpm.row_no, ROW(C14), _xlpm.identity, INDEX(#REF!, _xlpm.row_no), _xlpm.eval_range, Log!$E:$E, _xlpm.category, INDEX($A:$A, _xlpm.row_no), _xlpm.category_range, Log!$A:$A, _xlpm.key, INDEX($B:$B, _xlpm.row_no), _xlpm.key_range, Log!$B:$B, _xlpm.date, INDEX($C:$C, _xlpm.row_no), _xlpm.date_range, Log!$C:$C, _xlpm.winner, _xlfn._xlws.FILTER( Log!$D:$D, (_xlpm.eval_range = _xlpm.identity) * (_xlpm.category_range=_xlpm.category) * (_xlpm.key_range=_xlpm.key) * (_xlpm.date_range=_xlpm.date) ), _xlfn.UNIQUE(LEFT(_xlpm.winner, 3)) )} -> #REF! | N14: =IF(COUNTBLANK($A14:$E14)>0, "", IFERROR(AVERAGEIFS(Log!$F:$F, Log!$A:$A, $A14, Log!$B:$B, $B14, Log!$C:$C, $C14),"")) -> 0.38615661 | O14: =IF(COUNTBLANK($A14:$E14)>0, "", IFERROR(_xlfn.MINIFS(Log!$F:$F, Log!$A:$A, $A14, Log!$B:$B, $B14, Log!$C:$C, $C14),"")) -> 0.170777 | P14: =IF(COUNTBLANK($A14:$E14)>0, "", IFERROR(_xlfn.MAXIFS(Log!$F:$F, Log!$A:$A, $A14, Log!$B:$B, $B14, Log!$C:$C, $C14),"")) -> 0.540248 | Q14: =IF(COUNTBLANK($A14:$E14)>0, "", IFERROR(AVERAGEIFS(Log!$G:$G, Log!$A:$A, $A14, Log!$B:$B, $B14, Log!$C:$C, $C14),"")) -> 0.092878878 | R14: =IF(COUNTBLANK($A14:$E14)>0, "", IFERROR(_xlfn.MINIFS(Log!$G:$G, Log!$A:$A, $A14, Log!$B:$B, $B14, Log!$C:$C, $C14),"")) -> 0.0431602 | S14: =IF(COUNTBLANK($A14:$E14)>0, "", IFERROR(_xlfn.MAXIFS(Log!$G:$G, Log!$A:$A, $A14, Log!$B:$B, $B14, Log!$C:$C, $C14),"")) -> 0.138698 | T14: =IF($N14<>"", 'Daily Camera Trends'!$M$5, "") -> 0.41503633 | U14: =IF(Q14<>"", 'Daily Camera Trends'!$N$5, "") -> 0.099319293 | V14: Using as experiment base-set (duplicated for auto-stop-base) as immediately before so maintaining '3 clusters of markers in each corner (4 sets)' and wave technique A as controls | CP14: =IF($N14<>"", 'Daily Camera Trends'!$M$5, "") -> 0.41503633 | CQ14: =IF($Q14<>"", 'Daily Camera Trends'!$N$5, "") -> 0.099319293
A15: =IF(C15<>"", "Daily", "") -> Daily | B15: n/a | C15: 46244 | D15: 24 | E15: 0.52777778 | F15: D | G15: 1000 | H15: =IF(COUNTBLANK($A15:$E15)>0, "", IFERROR(AVERAGEIFS(Log!$E:$E, Log!$A:$A, $A15, Log!$B:$B, $B15, Log!$C:$C, $C15),"")) -> 1693.3889 | I15: =IF(AND($H15<>"", $G15<>""), $H15/$G15, "") -> 1.6933889 | J15: =IF(COUNTBLANK($A15:$E15)>0, "", IFERROR(_xlfn.MAXIFS(Log!$E:$E, Log!$A:$A, $A15, Log!$B:$B, $B15, Log!$C:$C, $C15),"")) -> 2879 | K15: =IF(COUNTBLANK($A15:$E15)>0, "", IFERROR(_xlfn.MINIFS(Log!$E:$E, Log!$A:$A, $A15, Log!$B:$B, $B15, Log!$C:$C, $C15),"")) -> 1005 | L15: {=_xlfn.LET(_xlpm.row_no, ROW(C15), _xlpm.identity, INDEX($I:$I, _xlpm.row_no), _xlpm.eval_range, Log!$E:$E, _xlpm.category, INDEX($A:$A, _xlpm.row_no), _xlpm.category_range, Log!$A:$A, _xlpm.key, INDEX($B:$B, _xlpm.row_no), _xlpm.key_range, Log!$B:$B, _xlpm.date, INDEX($C:$C, _xlpm.row_no), _xlpm.date_range, Log!$C:$C, _xlpm.winner, _xlfn._xlws.FILTER( Log!$D:$D, (_xlpm.eval_range = _xlpm.identity) * (_xlpm.category_range=_xlpm.category) * (_xlpm.key_range=_xlpm.key) * (_xlpm.date_range=_xlpm.date) ), _xlfn.UNIQUE(LEFT(_xlpm.winner, 3)) )} -> #VALUE! | M15: {=_xlfn.LET(_xlpm.row_no, ROW(C15), _xlpm.identity, INDEX(#REF!, _xlpm.row_no), _xlpm.eval_range, Log!$E:$E, _xlpm.category, INDEX($A:$A, _xlpm.row_no), _xlpm.category_range, Log!$A:$A, _xlpm.key, INDEX($B:$B, _xlpm.row_no), _xlpm.key_range, Log!$B:$B, _xlpm.date, INDEX($C:$C, _xlpm.row_no), _xlpm.date_range, Log!$C:$C, _xlpm.winner, _xlfn._xlws.FILTER( Log!$D:$D, (_xlpm.eval_range = _xlpm.identity) * (_xlpm.category_range=_xlpm.category) * (_xlpm.key_range=_xlpm.key) * (_xlpm.date_range=_xlpm.date) ), _xlfn.UNIQUE(LEFT(_xlpm.winner, 3)) )} -> #REF! | N15: =IF(COUNTBLANK($A15:$E15)>0, "", IFERROR(AVERAGEIFS(Log!$F:$F, Log!$A:$A, $A15, Log!$B:$B, $B15, Log!$C:$C, $C15),"")) -> 0.48840739 | O15: =IF(COUNTBLANK($A15:$E15)>0, "", IFERROR(_xlfn.MINIFS(Log!$F:$F, Log!$A:$A, $A15, Log!$B:$B, $B15, Log!$C:$C, $C15),"")) -> 0.196118 | P15: =IF(COUNTBLANK($A15:$E15)>0, "", IFERROR(_xlfn.MAXIFS(Log!$F:$F, Log!$A:$A, $A15, Log!$B:$B, $B15, Log!$C:$C, $C15),"")) -> 0.684079 | Q15: =IF(COUNTBLANK($A15:$E15)>0, "", IFERROR(AVERAGEIFS(Log!$G:$G, Log!$A:$A, $A15, Log!$B:$B, $B15, Log!$C:$C, $C15),"")) -> 0.11783661 | R15: =IF(COUNTBLANK($A15:$E15)>0, "", IFERROR(_xlfn.MINIFS(Log!$G:$G, Log!$A:$A, $A15, Log!$B:$B, $B15, Log!$C:$C, $C15),"")) -> 0.0471536 | S15: =IF(COUNTBLANK($A15:$E15)>0, "", IFERROR(_xlfn.MAXIFS(Log!$G:$G, Log!$A:$A, $A15, Log!$B:$B, $B15, Log!$C:$C, $C15),"")) -> 0.148132 | T15: =IF($N15<>"", 'Daily Camera Trends'!$M$5, "") -> 0.41503633 | U15: =IF(Q15<>"", 'Daily Camera Trends'!$N$5, "") -> 0.099319293 | CP15: =IF($N15<>"", 'Daily Camera Trends'!$M$5, "") -> 0.41503633 | CQ15: =IF($Q15<>"", 'Daily Camera Trends'!$N$5, "") -> 0.099319293
A16: =IF(C16<>"", "Daily", "") -> Daily | B16: n/a | C16: 46245 | D16: 24 | E16: 0.42777778 | F16: E | G16: 1000 | H16: =IF(COUNTBLANK($A16:$E16)>0, "", IFERROR(AVERAGEIFS(Log!$E:$E, Log!$A:$A, $A16, Log!$B:$B, $B16, Log!$C:$C, $C16),"")) -> 1382.3889 | I16: =IF(AND($H16<>"", $G16<>""), $H16/$G16, "") -> 1.3823889 | J16: =IF(COUNTBLANK($A16:$E16)>0, "", IFERROR(_xlfn.MAXIFS(Log!$E:$E, Log!$A:$A, $A16, Log!$B:$B, $B16, Log!$C:$C, $C16),"")) -> 2370 | K16: =IF(COUNTBLANK($A16:$E16)>0, "", IFERROR(_xlfn.MINIFS(Log!$E:$E, Log!$A:$A, $A16, Log!$B:$B, $B16, Log!$C:$C, $C16),"")) -> 1002 | L16: {=_xlfn.LET(_xlpm.row_no, ROW(C16), _xlpm.identity, INDEX($I:$I, _xlpm.row_no), _xlpm.eval_range, Log!$E:$E, _xlpm.category, INDEX($A:$A, _xlpm.row_no), _xlpm.category_range, Log!$A:$A, _xlpm.key, INDEX($B:$B, _xlpm.row_no), _xlpm.key_range, Log!$B:$B, _xlpm.date, INDEX($C:$C, _xlpm.row_no), _xlpm.date_range, Log!$C:$C, _xlpm.winner, _xlfn._xlws.FILTER( Log!$D:$D, (_xlpm.eval_range = _xlpm.identity) * (_xlpm.category_range=_xlpm.category) * (_xlpm.key_range=_xlpm.key) * (_xlpm.date_range=_xlpm.date) ), _xlfn.UNIQUE(LEFT(_xlpm.winner, 3)) )} -> #VALUE! | M16: {=_xlfn.LET(_xlpm.row_no, ROW(C16), _xlpm.identity, INDEX(#REF!, _xlpm.row_no), _xlpm.eval_range, Log!$E:$E, _xlpm.category, INDEX($A:$A, _xlpm.row_no), _xlpm.category_range, Log!$A:$A, _xlpm.key, INDEX($B:$B, _xlpm.row_no), _xlpm.key_range, Log!$B:$B, _xlpm.date, INDEX($C:$C, _xlpm.row_no), _xlpm.date_range, Log!$C:$C, _xlpm.winner, _xlfn._xlws.FILTER( Log!$D:$D, (_xlpm.eval_range = _xlpm.identity) * (_xlpm.category_range=_xlpm.category) * (_xlpm.key_range=_xlpm.key) * (_xlpm.date_range=_xlpm.date) ), _xlfn.UNIQUE(LEFT(_xlpm.winner, 3)) )} -> #REF! | N16: =IF(COUNTBLANK($A16:$E16)>0, "", IFERROR(AVERAGEIFS(Log!$F:$F, Log!$A:$A, $A16, Log!$B:$B, $B16, Log!$C:$C, $C16),"")) -> 0.29684039 | O16: =IF(COUNTBLANK($A16:$E16)>0, "", IFERROR(_xlfn.MINIFS(Log!$F:$F, Log!$A:$A, $A16, Log!$B:$B, $B16, Log!$C:$C, $C16),"")) -> 0.190092 | P16: =IF(COUNTBLANK($A16:$E16)>0, "", IFERROR(_xlfn.MAXIFS(Log!$F:$F, Log!$A:$A, $A16, Log!$B:$B, $B16, Log!$C:$C, $C16),"")) -> 0.558468 | Q16: =IF(COUNTBLANK($A16:$E16)>0, "", IFERROR(AVERAGEIFS(Log!$G:$G, Log!$A:$A, $A16, Log!$B:$B, $B16, Log!$C:$C, $C16),"")) -> 0.0712517 | R16: =IF(COUNTBLANK($A16:$E16)>0, "", IFERROR(_xlfn.MINIFS(Log!$G:$G, Log!$A:$A, $A16, Log!$B:$B, $B16, Log!$C:$C, $C16),"")) -> 0.0474096 | S16: =IF(COUNTBLANK($A16:$E16)>0, "", IFERROR(_xlfn.MAXIFS(Log!$G:$G, Log!$A:$A, $A16, Log!$B:$B, $B16, Log!$C:$C, $C16),"")) -> 0.110303 | T16: =IF($N16<>"", 'Daily Camera Trends'!$M$5, "") -> 0.41503633 | U16: =IF(Q16<>"", 'Daily Camera Trends'!$N$5, "") -> 0.099319293 | V16: Markers in 4x cluters of 3 around volume origin (creating a rough box) | CP16: =IF($N16<>"", 'Daily Camera Trends'!$M$5, "") -> 0.41503633 | CQ16: =IF($Q16<>"", 'Daily Camera Trends'!$N$5, "") -> 0.099319293
A17: =IF(C17<>"", "Daily", "") -> Daily | B17: n/a | C17: 46246 | D17: 25 | E17: 0.61597222 | F17: G | G17: 1000 | H17: =IF(COUNTBLANK($A17:$E17)>0, "", IFERROR(AVERAGEIFS(Log!$E:$E, Log!$A:$A, $A17, Log!$B:$B, $B17, Log!$C:$C, $C17),"")) -> 1707.3889 | I17: =IF(AND($H17<>"", $G17<>""), $H17/$G17, "") -> 1.7073889 | J17: =IF(COUNTBLANK($A17:$E17)>0, "", IFERROR(_xlfn.MAXIFS(Log!$E:$E, Log!$A:$A, $A17, Log!$B:$B, $B17, Log!$C:$C, $C17),"")) -> 3124 | K17: =IF(COUNTBLANK($A17:$E17)>0, "", IFERROR(_xlfn.MINIFS(Log!$E:$E, Log!$A:$A, $A17, Log!$B:$B, $B17, Log!$C:$C, $C17),"")) -> 1002 | L17: {=_xlfn.LET(_xlpm.row_no, ROW(C17), _xlpm.identity, INDEX($I:$I, _xlpm.row_no), _xlpm.eval_range, Log!$E:$E, _xlpm.category, INDEX($A:$A, _xlpm.row_no), _xlpm.category_range, Log!$A:$A, _xlpm.key, INDEX($B:$B, _xlpm.row_no), _xlpm.key_range, Log!$B:$B, _xlpm.date, INDEX($C:$C, _xlpm.row_no), _xlpm.date_range, Log!$C:$C, _xlpm.winner, _xlfn._xlws.FILTER( Log!$D:$D, (_xlpm.eval_range = _xlpm.identity) * (_xlpm.category_range=_xlpm.category) * (_xlpm.key_range=_xlpm.key) * (_xlpm.date_range=_xlpm.date) ), _xlfn.UNIQUE(LEFT(_xlpm.winner, 3)) )} -> #VALUE! | M17: {=_xlfn.LET(_xlpm.row_no, ROW(C17), _xlpm.identity, INDEX(#REF!, _xlpm.row_no), _xlpm.eval_range, Log!$E:$E, _xlpm.category, INDEX($A:$A, _xlpm.row_no), _xlpm.category_range, Log!$A:$A, _xlpm.key, INDEX($B:$B, _xlpm.row_no), _xlpm.key_range, Log!$B:$B, _xlpm.date, INDEX($C:$C, _xlpm.row_no), _xlpm.date_range, Log!$C:$C, _xlpm.winner, _xlfn._xlws.FILTER( Log!$D:$D, (_xlpm.eval_range = _xlpm.identity) * (_xlpm.category_range=_xlpm.category) * (_xlpm.key_range=_xlpm.key) * (_xlpm.date_range=_xlpm.date) ), _xlfn.UNIQUE(LEFT(_xlpm.winner, 3)) )} -> #REF! | N17: =IF(COUNTBLANK($A17:$E17)>0, "", IFERROR(AVERAGEIFS(Log!$F:$F, Log!$A:$A, $A17, Log!$B:$B, $B17, Log!$C:$C, $C17),"")) -> 0.58543183 | O17: =IF(COUNTBLANK($A17:$E17)>0, "", IFERROR(_xlfn.MINIFS(Log!$F:$F, Log!$A:$A, $A17, Log!$B:$B, $B17, Log!$C:$C, $C17),"")) -> 0.130866 | P17: =IF(COUNTBLANK($A17:$E17)>0, "", IFERROR(_xlfn.MAXIFS(Log!$F:$F, Log!$A:$A, $A17, Log!$B:$B, $B17, Log!$C:$C, $C17),"")) -> 1.37848 | Q17: =IF(COUNTBLANK($A17:$E17)>0, "", IFERROR(AVERAGEIFS(Log!$G:$G, Log!$A:$A, $A17, Log!$B:$B, $B17, Log!$C:$C, $C17),"")) -> 0.13689469 | R17: =IF(COUNTBLANK($A17:$E17)>0, "", IFERROR(_xlfn.MINIFS(Log!$G:$G, Log!$A:$A, $A17, Log!$B:$B, $B17, Log!$C:$C, $C17),"")) -> 0.0420271 | S17: =IF(COUNTBLANK($A17:$E17)>0, "", IFERROR(_xlfn.MAXIFS(Log!$G:$G, Log!$A:$A, $A17, Log!$B:$B, $B17, Log!$C:$C, $C17),"")) -> 0.289818 | T17: =IF($N17<>"", 'Daily Camera Trends'!$M$5, "") -> 0.41503633 | U17: =IF(Q17<>"", 'Daily Camera Trends'!$N$5, "") -> 0.099319293 | V17: Markers in 4x cluters of 3 closely around volume origin (creating a rough box) | CP17: =IF($N17<>"", 'Daily Camera Trends'!$M$5, "") -> 0.41503633 | CQ17: =IF($Q17<>"", 'Daily Camera Trends'!$N$5, "") -> 0.099319293
A18: =IF(C18<>"", "Daily", "") -> Daily | B18: n/a | C18: 46247 | D18: 25.5 | E18: 0.48402778 | F18: F | G18: 1000 | H18: =IF(COUNTBLANK($A18:$E18)>0, "", IFERROR(AVERAGEIFS(Log!$E:$E, Log!$A:$A, $A18, Log!$B:$B, $B18, Log!$C:$C, $C18),"")) -> 1514.6667 | I18: =IF(AND($H18<>"", $G18<>""), $H18/$G18, "") -> 1.5146667 | J18: =IF(COUNTBLANK($A18:$E18)>0, "", IFERROR(_xlfn.MAXIFS(Log!$E:$E, Log!$A:$A, $A18, Log!$B:$B, $B18, Log!$C:$C, $C18),"")) -> 2428 | K18: =IF(COUNTBLANK($A18:$E18)>0, "", IFERROR(_xlfn.MINIFS(Log!$E:$E, Log!$A:$A, $A18, Log!$B:$B, $B18, Log!$C:$C, $C18),"")) -> 1004 | L18: {=_xlfn.LET(_xlpm.row_no, ROW(C18), _xlpm.identity, INDEX($I:$I, _xlpm.row_no), _xlpm.eval_range, Log!$E:$E, _xlpm.category, INDEX($A:$A, _xlpm.row_no), _xlpm.category_range, Log!$A:$A, _xlpm.key, INDEX($B:$B, _xlpm.row_no), _xlpm.key_range, Log!$B:$B, _xlpm.date, INDEX($C:$C, _xlpm.row_no), _xlpm.date_range, Log!$C:$C, _xlpm.winner, _xlfn._xlws.FILTER( Log!$D:$D, (_xlpm.eval_range = _xlpm.identity) * (_xlpm.category_range=_xlpm.category) * (_xlpm.key_range=_xlpm.key) * (_xlpm.date_range=_xlpm.date) ), _xlfn.UNIQUE(LEFT(_xlpm.winner, 3)) )} -> #VALUE! | M18: {=_xlfn.LET(_xlpm.row_no, ROW(C18), _xlpm.identity, INDEX(#REF!, _xlpm.row_no), _xlpm.eval_range, Log!$E:$E, _xlpm.category, INDEX($A:$A, _xlpm.row_no), _xlpm.category_range, Log!$A:$A, _xlpm.key, INDEX($B:$B, _xlpm.row_no), _xlpm.key_range, Log!$B:$B, _xlpm.date, INDEX($C:$C, _xlpm.row_no), _xlpm.date_range, Log!$C:$C, _xlpm.winner, _xlfn._xlws.FILTER( Log!$D:$D, (_xlpm.eval_range = _xlpm.identity) * (_xlpm.category_range=_xlpm.category) * (_xlpm.key_range=_xlpm.key) * (_xlpm.date_range=_xlpm.date) ), _xlfn.UNIQUE(LEFT(_xlpm.winner, 3)) )} -> #REF! | N18: =IF(COUNTBLANK($A18:$E18)>0, "", IFERROR(AVERAGEIFS(Log!$F:$F, Log!$A:$A, $A18, Log!$B:$B, $B18, Log!$C:$C, $C18),"")) -> 0.33487872 | O18: =IF(COUNTBLANK($A18:$E18)>0, "", IFERROR(_xlfn.MINIFS(Log!$F:$F, Log!$A:$A, $A18, Log!$B:$B, $B18, Log!$C:$C, $C18),"")) -> 0.138412 | P18: =IF(COUNTBLANK($A18:$E18)>0, "", IFERROR(_xlfn.MAXIFS(Log!$F:$F, Log!$A:$A, $A18, Log!$B:$B, $B18, Log!$C:$C, $C18),"")) -> 0.536396 | Q18: =IF(COUNTBLANK($A18:$E18)>0, "", IFERROR(AVERAGEIFS(Log!$G:$G, Log!$A:$A, $A18, Log!$B:$B, $B18, Log!$C:$C, $C18),"")) -> 0.080860061 | R18: =IF(COUNTBLANK($A18:$E18)>0, "", IFERROR(_xlfn.MINIFS(Log!$G:$G, Log!$A:$A, $A18, Log!$B:$B, $B18, Log!$C:$C, $C18),"")) -> 0.0445136 | S18: =IF(COUNTBLANK($A18:$E18)>0, "", IFERROR(_xlfn.MAXIFS(Log!$G:$G, Log!$A:$A, $A18, Log!$B:$B, $B18, Log!$C:$C, $C18),"")) -> 0.12531 | T18: =IF($N18<>"", 'Daily Camera Trends'!$M$5, "") -> 0.41503633 | U18: =IF(Q18<>"", 'Daily Camera Trends'!$N$5, "") -> 0.099319293 | V18: Markers in 4x cluters of 3 further spaced from volume origin (creating a rough box) | CP18: =IF($N18<>"", 'Daily Camera Trends'!$M$5, "") -> 0.41503633 | CQ18: =IF($Q18<>"", 'Daily Camera Trends'!$N$5, "") -> 0.099319293
A19: =IF(C19<>"", "Daily", "") -> Daily | B19: n/a | C19: 46248 | D19: 25.5 | E19: 0.48055556 | F19: H | G19: 1000 | H19: =IF(COUNTBLANK($A19:$E19)>0, "", IFERROR(AVERAGEIFS(Log!$E:$E, Log!$A:$A, $A19, Log!$B:$B, $B19, Log!$C:$C, $C19),"")) -> 1491.5 | I19: =IF(AND($H19<>"", $G19<>""), $H19/$G19, "") -> 1.4915 | J19: =IF(COUNTBLANK($A19:$E19)>0, "", IFERROR(_xlfn.MAXIFS(Log!$E:$E, Log!$A:$A, $A19, Log!$B:$B, $B19, Log!$C:$C, $C19),"")) -> 2288 | K19: =IF(COUNTBLANK($A19:$E19)>0, "", IFERROR(_xlfn.MINIFS(Log!$E:$E, Log!$A:$A, $A19, Log!$B:$B, $B19, Log!$C:$C, $C19),"")) -> 1002 | L19: {=_xlfn.LET(_xlpm.row_no, ROW(C19), _xlpm.identity, INDEX($I:$I, _xlpm.row_no), _xlpm.eval_range, Log!$E:$E, _xlpm.category, INDEX($A:$A, _xlpm.row_no), _xlpm.category_range, Log!$A:$A, _xlpm.key, INDEX($B:$B, _xlpm.row_no), _xlpm.key_range, Log!$B:$B, _xlpm.date, INDEX($C:$C, _xlpm.row_no), _xlpm.date_range, Log!$C:$C, _xlpm.winner, _xlfn._xlws.FILTER( Log!$D:$D, (_xlpm.eval_range = _xlpm.identity) * (_xlpm.category_range=_xlpm.category) * (_xlpm.key_range=_xlpm.key) * (_xlpm.date_range=_xlpm.date) ), _xlfn.UNIQUE(LEFT(_xlpm.winner, 3)) )} -> #VALUE! | M19: {=_xlfn.LET(_xlpm.row_no, ROW(C19), _xlpm.identity, INDEX(#REF!, _xlpm.row_no), _xlpm.eval_range, Log!$E:$E, _xlpm.category, INDEX($A:$A, _xlpm.row_no), _xlpm.category_range, Log!$A:$A, _xlpm.key, INDEX($B:$B, _xlpm.row_no), _xlpm.key_range, Log!$B:$B, _xlpm.date, INDEX($C:$C, _xlpm.row_no), _xlpm.date_range, Log!$C:$C, _xlpm.winner, _xlfn._xlws.FILTER( Log!$D:$D, (_xlpm.eval_range = _xlpm.identity) * (_xlpm.category_range=_xlpm.category) * (_xlpm.key_range=_xlpm.key) * (_xlpm.date_range=_xlpm.date) ), _xlfn.UNIQUE(LEFT(_xlpm.winner, 3)) )} -> #REF! | N19: =IF(COUNTBLANK($A19:$E19)>0, "", IFERROR(AVERAGEIFS(Log!$F:$F, Log!$A:$A, $A19, Log!$B:$B, $B19, Log!$C:$C, $C19),"")) -> 0.39099744 | O19: =IF(COUNTBLANK($A19:$E19)>0, "", IFERROR(_xlfn.MINIFS(Log!$F:$F, Log!$A:$A, $A19, Log!$B:$B, $B19, Log!$C:$C, $C19),"")) -> 0.267051 | P19: =IF(COUNTBLANK($A19:$E19)>0, "", IFERROR(_xlfn.MAXIFS(Log!$F:$F, Log!$A:$A, $A19, Log!$B:$B, $B19, Log!$C:$C, $C19),"")) -> 0.503863 | Q19: =IF(COUNTBLANK($A19:$E19)>0, "", IFERROR(AVERAGEIFS(Log!$G:$G, Log!$A:$A, $A19, Log!$B:$B, $B19, Log!$C:$C, $C19),"")) -> 0.095190122 | R19: =IF(COUNTBLANK($A19:$E19)>0, "", IFERROR(_xlfn.MINIFS(Log!$G:$G, Log!$A:$A, $A19, Log!$B:$B, $B19, Log!$C:$C, $C19),"")) -> 0.0685424 | S19: =IF(COUNTBLANK($A19:$E19)>0, "", IFERROR(_xlfn.MAXIFS(Log!$G:$G, Log!$A:$A, $A19, Log!$B:$B, $B19, Log!$C:$C, $C19),"")) -> 0.121454 | T19: =IF($N19<>"", 'Daily Camera Trends'!$M$5, "") -> 0.41503633 | U19: =IF(Q19<>"", 'Daily Camera Trends'!$N$5, "") -> 0.099319293 | V19: New technique post wand wave experiment this week - excellent coverage from wand wave frame data, fairly quick calibration, wrist ache (due to wand extension) Had to repeat due to set origin error - used 3 marker method on origin+floor plane | CP19: =IF($N19<>"", 'Daily Camera Trends'!$M$5, "") -> 0.41503633 | CQ19: =IF($Q19<>"", 'Daily Camera Trends'!$N$5, "") -> 0.099319293
A20: =IF(C20<>"", "Daily", "") -> Daily | B20: pre-calibrate-1 | C20: 46251 | D20: 25 | E20: 0.71805556 | F20: I | G20: 1000 | H20: =IF(COUNTBLANK($A20:$E20)>0, "", IFERROR(AVERAGEIFS(Log!$E:$E, Log!$A:$A, $A20, Log!$B:$B, $B20, Log!$C:$C, $C20),"")) -> 1520.0556 | I20: =IF(AND($H20<>"", $G20<>""), $H20/$G20, "") -> 1.5200556 | J20: =IF(COUNTBLANK($A20:$E20)>0, "", IFERROR(_xlfn.MAXIFS(Log!$E:$E, Log!$A:$A, $A20, Log!$B:$B, $B20, Log!$C:$C, $C20),"")) -> 2127 | K20: =IF(COUNTBLANK($A20:$E20)>0, "", IFERROR(_xlfn.MINIFS(Log!$E:$E, Log!$A:$A, $A20, Log!$B:$B, $B20, Log!$C:$C, $C20),"")) -> 1002 | L20: {=_xlfn.LET(_xlpm.row_no, ROW(C20), _xlpm.identity, INDEX($I:$I, _xlpm.row_no), _xlpm.eval_range, Log!$E:$E, _xlpm.category, INDEX($A:$A, _xlpm.row_no), _xlpm.category_range, Log!$A:$A, _xlpm.key, INDEX($B:$B, _xlpm.row_no), _xlpm.key_range, Log!$B:$B, _xlpm.date, INDEX($C:$C, _xlpm.row_no), _xlpm.date_range, Log!$C:$C, _xlpm.winner, _xlfn._xlws.FILTER( Log!$D:$D, (_xlpm.eval_range = _xlpm.identity) * (_xlpm.category_range=_xlpm.category) * (_xlpm.key_range=_xlpm.key) * (_xlpm.date_range=_xlpm.date) ), _xlfn.UNIQUE(LEFT(_xlpm.winner, 3)) )} -> #VALUE! | M20: {=_xlfn.LET(_xlpm.row_no, ROW(C20), _xlpm.identity, INDEX(#REF!, _xlpm.row_no), _xlpm.eval_range, Log!$E:$E, _xlpm.category, INDEX($A:$A, _xlpm.row_no), _xlpm.category_range, Log!$A:$A, _xlpm.key, INDEX($B:$B, _xlpm.row_no), _xlpm.key_range, Log!$B:$B, _xlpm.date, INDEX($C:$C, _xlpm.row_no), _xlpm.date_range, Log!$C:$C, _xlpm.winner, _xlfn._xlws.FILTER( Log!$D:$D, (_xlpm.eval_range = _xlpm.identity) * (_xlpm.category_range=_xlpm.category) * (_xlpm.key_range=_xlpm.key) * (_xlpm.date_range=_xlpm.date) ), _xlfn.UNIQUE(LEFT(_xlpm.winner, 3)) )} -> #REF! | N20: =IF(COUNTBLANK($A20:$E20)>0, "", IFERROR(AVERAGEIFS(Log!$F:$F, Log!$A:$A, $A20, Log!$B:$B, $B20, Log!$C:$C, $C20),"")) -> 0.47570222 | O20: =IF(COUNTBLANK($A20:$E20)>0, "", IFERROR(_xlfn.MINIFS(Log!$F:$F, Log!$A:$A, $A20, Log!$B:$B, $B20, Log!$C:$C, $C20),"")) -> 0.26757 | P20: =IF(COUNTBLANK($A20:$E20)>0, "", IFERROR(_xlfn.MAXIFS(Log!$F:$F, Log!$A:$A, $A20, Log!$B:$B, $B20, Log!$C:$C, $C20),"")) -> 0.695582 | Q20: =IF(COUNTBLANK($A20:$E20)>0, "", IFERROR(AVERAGEIFS(Log!$G:$G, Log!$A:$A, $A20, Log!$B:$B, $B20, Log!$C:$C, $C20),"")) -> 0.11488596 | R20: =IF(COUNTBLANK($A20:$E20)>0, "", IFERROR(_xlfn.MINIFS(Log!$G:$G, Log!$A:$A, $A20, Log!$B:$B, $B20, Log!$C:$C, $C20),"")) -> 0.0820053 | S20: =IF(COUNTBLANK($A20:$E20)>0, "", IFERROR(_xlfn.MAXIFS(Log!$G:$G, Log!$A:$A, $A20, Log!$B:$B, $B20, Log!$C:$C, $C20),"")) -> 0.181154 | T20: =IF($N20<>"", 'Daily Camera Trends'!$M$5, "") -> 0.41503633 | U20: =IF(Q20<>"", 'Daily Camera Trends'!$N$5, "") -> 0.099319293 | V20: New technique based on wand wave experiment last week, variation of technique H by 'painting' known volume and working from inside out. Plan to trial refining calibration. 3 marker calibration for origin & plane. | W20: recalibration attempt 3 cameras worsened each time #12/#18/#8 9 improved each time #3-#5, #7, #9/#10 - net improvement | CP20: =IF($N20<>"", 'Daily Camera Trends'!$M$5, "") -> 0.41503633 | CQ20: =IF($Q20<>"", 'Daily Camera Trends'!$N$5, "") -> 0.099319293
A21: =IF(C21<>"", "Daily", "") -> Daily | B21: pre-calibrate-2 | C21: 46251 | D21: 25 | E21: 0.72569444 | F21: I | G21: 1000 | H21: =IF(COUNTBLANK($A21:$E21)>0, "", IFERROR(AVERAGEIFS(Log!$E:$E, Log!$A:$A, $A21, Log!$B:$B, $B21, Log!$C:$C, $C21),"")) -> 1653.2778 | I21: =IF(AND($H21<>"", $G21<>""), $H21/$G21, "") -> 1.6532778 | J21: =IF(COUNTBLANK($A21:$E21)>0, "", IFERROR(_xlfn.MAXIFS(Log!$E:$E, Log!$A:$A, $A21, Log!$B:$B, $B21, Log!$C:$C, $C21),"")) -> 2625 | K21: =IF(COUNTBLANK($A21:$E21)>0, "", IFERROR(_xlfn.MINIFS(Log!$E:$E, Log!$A:$A, $A21, Log!$B:$B, $B21, Log!$C:$C, $C21),"")) -> 1001 | L21: {=_xlfn.LET(_xlpm.row_no, ROW(C21), _xlpm.identity, INDEX($I:$I, _xlpm.row_no), _xlpm.eval_range, Log!$E:$E, _xlpm.category, INDEX($A:$A, _xlpm.row_no), _xlpm.category_range, Log!$A:$A, _xlpm.key, INDEX($B:$B, _xlpm.row_no), _xlpm.key_range, Log!$B:$B, _xlpm.date, INDEX($C:$C, _xlpm.row_no), _xlpm.date_range, Log!$C:$C, _xlpm.winner, _xlfn._xlws.FILTER( Log!$D:$D, (_xlpm.eval_range = _xlpm.identity) * (_xlpm.category_range=_xlpm.category) * (_xlpm.key_range=_xlpm.key) * (_xlpm.date_range=_xlpm.date) ), _xlfn.UNIQUE(LEFT(_xlpm.winner, 3)) )} -> #VALUE! | M21: {=_xlfn.LET(_xlpm.row_no, ROW(C21), _xlpm.identity, INDEX(#REF!, _xlpm.row_no), _xlpm.eval_range, Log!$E:$E, _xlpm.category, INDEX($A:$A, _xlpm.row_no), _xlpm.category_range, Log!$A:$A, _xlpm.key, INDEX($B:$B, _xlpm.row_no), _xlpm.key_range, Log!$B:$B, _xlpm.date, INDEX($C:$C, _xlpm.row_no), _xlpm.date_range, Log!$C:$C, _xlpm.winner, _xlfn._xlws.FILTER( Log!$D:$D, (_xlpm.eval_range = _xlpm.identity) * (_xlpm.category_range=_xlpm.category) * (_xlpm.key_range=_xlpm.key) * (_xlpm.date_range=_xlpm.date) ), _xlfn.UNIQUE(LEFT(_xlpm.winner, 3)) )} -> #REF! | N21: =IF(COUNTBLANK($A21:$E21)>0, "", IFERROR(AVERAGEIFS(Log!$F:$F, Log!$A:$A, $A21, Log!$B:$B, $B21, Log!$C:$C, $C21),"")) -> 0.43154094 | O21: =IF(COUNTBLANK($A21:$E21)>0, "", IFERROR(_xlfn.MINIFS(Log!$F:$F, Log!$A:$A, $A21, Log!$B:$B, $B21, Log!$C:$C, $C21),"")) -> 0.271826 | P21: =IF(COUNTBLANK($A21:$E21)>0, "", IFERROR(_xlfn.MAXIFS(Log!$F:$F, Log!$A:$A, $A21, Log!$B:$B, $B21, Log!$C:$C, $C21),"")) -> 0.602826 | Q21: =IF(COUNTBLANK($A21:$E21)>0, "", IFERROR(AVERAGEIFS(Log!$G:$G, Log!$A:$A, $A21, Log!$B:$B, $B21, Log!$C:$C, $C21),"")) -> 0.10342319 | R21: =IF(COUNTBLANK($A21:$E21)>0, "", IFERROR(_xlfn.MINIFS(Log!$G:$G, Log!$A:$A, $A21, Log!$B:$B, $B21, Log!$C:$C, $C21),"")) -> 0.0736938 | S21: =IF(COUNTBLANK($A21:$E21)>0, "", IFERROR(_xlfn.MAXIFS(Log!$G:$G, Log!$A:$A, $A21, Log!$B:$B, $B21, Log!$C:$C, $C21),"")) -> 0.136859 | T21: =IF($N21<>"", 'Daily Camera Trends'!$M$5, "") -> 0.41503633 | U21: =IF(Q21<>"", 'Daily Camera Trends'!$N$5, "") -> 0.099319293 | V21: No set origin. cal1 to cal2 most improvements, broadly the WE improved #1, #11, #15, #17 all improved - #1/#11 historically bad #12, #18, #6, #9, #2 all worsened - #12 historically good | CP21: =IF($N21<>"", 'Daily Camera Trends'!$M$5, "") -> 0.41503633 | CQ21: =IF($Q21<>"", 'Daily Camera Trends'!$N$5, "") -> 0.099319293
A22: =IF(C22<>"", "Daily", "") -> Daily | B22: n/a | C22: 46251 | D22: 25 | E22: 0.73194444 | F22: I | G22: 1000 | H22: =IF(COUNTBLANK($A22:$E22)>0, "", IFERROR(AVERAGEIFS(Log!$E:$E, Log!$A:$A, $A22, Log!$B:$B, $B22, Log!$C:$C, $C22),"")) -> 1684.5 | I22: =IF(AND($H22<>"", $G22<>""), $H22/$G22, "") -> 1.6845 | J22: =IF(COUNTBLANK($A22:$E22)>0, "", IFERROR(_xlfn.MAXIFS(Log!$E:$E, Log!$A:$A, $A22, Log!$B:$B, $B22, Log!$C:$C, $C22),"")) -> 2552 | K22: =IF(COUNTBLANK($A22:$E22)>0, "", IFERROR(_xlfn.MINIFS(Log!$E:$E, Log!$A:$A, $A22, Log!$B:$B, $B22, Log!$C:$C, $C22),"")) -> 1004 | L22: {=_xlfn.LET(_xlpm.row_no, ROW(C22), _xlpm.identity, INDEX($I:$I, _xlpm.row_no), _xlpm.eval_range, Log!$E:$E, _xlpm.category, INDEX($A:$A, _xlpm.row_no), _xlpm.category_range, Log!$A:$A, _xlpm.key, INDEX($B:$B, _xlpm.row_no), _xlpm.key_range, Log!$B:$B, _xlpm.date, INDEX($C:$C, _xlpm.row_no), _xlpm.date_range, Log!$C:$C, _xlpm.winner, _xlfn._xlws.FILTER( Log!$D:$D, (_xlpm.eval_range = _xlpm.identity) * (_xlpm.category_range=_xlpm.category) * (_xlpm.key_range=_xlpm.key) * (_xlpm.date_range=_xlpm.date) ), _xlfn.UNIQUE(LEFT(_xlpm.winner, 3)) )} -> #VALUE! | M22: {=_xlfn.LET(_xlpm.row_no, ROW(C22), _xlpm.identity, INDEX(#REF!, _xlpm.row_no), _xlpm.eval_range, Log!$E:$E, _xlpm.category, INDEX($A:$A, _xlpm.row_no), _xlpm.category_range, Log!$A:$A, _xlpm.key, INDEX($B:$B, _xlpm.row_no), _xlpm.key_range, Log!$B:$B, _xlpm.date, INDEX($C:$C, _xlpm.row_no), _xlpm.date_range, Log!$C:$C, _xlpm.winner, _xlfn._xlws.FILTER( Log!$D:$D, (_xlpm.eval_range = _xlpm.identity) * (_xlpm.category_range=_xlpm.category) * (_xlpm.key_range=_xlpm.key) * (_xlpm.date_range=_xlpm.date) ), _xlfn.UNIQUE(LEFT(_xlpm.winner, 3)) )} -> #REF! | N22: =IF(COUNTBLANK($A22:$E22)>0, "", IFERROR(AVERAGEIFS(Log!$F:$F, Log!$A:$A, $A22, Log!$B:$B, $B22, Log!$C:$C, $C22),"")) -> 0.4214635 | O22: =IF(COUNTBLANK($A22:$E22)>0, "", IFERROR(_xlfn.MINIFS(Log!$F:$F, Log!$A:$A, $A22, Log!$B:$B, $B22, Log!$C:$C, $C22),"")) -> 0.286787 | P22: =IF(COUNTBLANK($A22:$E22)>0, "", IFERROR(_xlfn.MAXIFS(Log!$F:$F, Log!$A:$A, $A22, Log!$B:$B, $B22, Log!$C:$C, $C22),"")) -> 0.597776 | Q22: =IF(COUNTBLANK($A22:$E22)>0, "", IFERROR(AVERAGEIFS(Log!$G:$G, Log!$A:$A, $A22, Log!$B:$B, $B22, Log!$C:$C, $C22),"")) -> 0.10134897 | R22: =IF(COUNTBLANK($A22:$E22)>0, "", IFERROR(_xlfn.MINIFS(Log!$G:$G, Log!$A:$A, $A22, Log!$B:$B, $B22, Log!$C:$C, $C22),"")) -> 0.0685991 | S22: =IF(COUNTBLANK($A22:$E22)>0, "", IFERROR(_xlfn.MAXIFS(Log!$G:$G, Log!$A:$A, $A22, Log!$B:$B, $B22, Log!$C:$C, $C22),"")) -> 0.130044 | T22: =IF($N22<>"", 'Daily Camera Trends'!$M$5, "") -> 0.41503633 | U22: =IF(Q22<>"", 'Daily Camera Trends'!$N$5, "") -> 0.099319293 | V22: No set origin. cal2 to cal3, less improvement #2, #4, #6 all improved #1, #13, #14, #18 all worsened - #1 reversed, previous biggest improvement | CP22: =IF($N22<>"", 'Daily Camera Trends'!$M$5, "") -> 0.41503633 | CQ22: =IF($Q22<>"", 'Daily Camera Trends'!$N$5, "") -> 0.099319293
A23: =IF(C23<>"", "Daily", "") -> Daily | B23: n/a | C23: 46252 | D23: 25 | E23: 0.75416667 | F23: I | G23: 1000 | H23: =IF(COUNTBLANK($A23:$E23)>0, "", IFERROR(AVERAGEIFS(Log!$E:$E, Log!$A:$A, $A23, Log!$B:$B, $B23, Log!$C:$C, $C23),"")) -> 1852 | I23: =IF(AND($H23<>"", $G23<>""), $H23/$G23, "") -> 1.852 | J23: =IF(COUNTBLANK($A23:$E23)>0, "", IFERROR(_xlfn.MAXIFS(Log!$E:$E, Log!$A:$A, $A23, Log!$B:$B, $B23, Log!$C:$C, $C23),"")) -> 2710 | K23: =IF(COUNTBLANK($A23:$E23)>0, "", IFERROR(_xlfn.MINIFS(Log!$E:$E, Log!$A:$A, $A23, Log!$B:$B, $B23, Log!$C:$C, $C23),"")) -> 1004 | L23: {=_xlfn.LET(_xlpm.row_no, ROW(C23), _xlpm.identity, INDEX($I:$I, _xlpm.row_no), _xlpm.eval_range, Log!$E:$E, _xlpm.category, INDEX($A:$A, _xlpm.row_no), _xlpm.category_range, Log!$A:$A, _xlpm.key, INDEX($B:$B, _xlpm.row_no), _xlpm.key_range, Log!$B:$B, _xlpm.date, INDEX($C:$C, _xlpm.row_no), _xlpm.date_range, Log!$C:$C, _xlpm.winner, _xlfn._xlws.FILTER( Log!$D:$D, (_xlpm.eval_range = _xlpm.identity) * (_xlpm.category_range=_xlpm.category) * (_xlpm.key_range=_xlpm.key) * (_xlpm.date_range=_xlpm.date) ), _xlfn.UNIQUE(LEFT(_xlpm.winner, 3)) )} -> #VALUE! | M23: {=_xlfn.LET(_xlpm.row_no, ROW(C23), _xlpm.identity, INDEX(#REF!, _xlpm.row_no), _xlpm.eval_range, Log!$E:$E, _xlpm.category, INDEX($A:$A, _xlpm.row_no), _xlpm.category_range, Log!$A:$A, _xlpm.key, INDEX($B:$B, _xlpm.row_no), _xlpm.key_range, Log!$B:$B, _xlpm.date, INDEX($C:$C, _xlpm.row_no), _xlpm.date_range, Log!$C:$C, _xlpm.winner, _xlfn._xlws.FILTER( Log!$D:$D, (_xlpm.eval_range = _xlpm.identity) * (_xlpm.category_range=_xlpm.category) * (_xlpm.key_range=_xlpm.key) * (_xlpm.date_range=_xlpm.date) ), _xlfn.UNIQUE(LEFT(_xlpm.winner, 3)) )} -> #REF! | N23: =IF(COUNTBLANK($A23:$E23)>0, "", IFERROR(AVERAGEIFS(Log!$F:$F, Log!$A:$A, $A23, Log!$B:$B, $B23, Log!$C:$C, $C23),"")) -> 0.44992333 | O23: =IF(COUNTBLANK($A23:$E23)>0, "", IFERROR(_xlfn.MINIFS(Log!$F:$F, Log!$A:$A, $A23, Log!$B:$B, $B23, Log!$C:$C, $C23),"")) -> 0.232436 | P23: =IF(COUNTBLANK($A23:$E23)>0, "", IFERROR(_xlfn.MAXIFS(Log!$F:$F, Log!$A:$A, $A23, Log!$B:$B, $B23, Log!$C:$C, $C23),"")) -> 0.690979 | Q23: =IF(COUNTBLANK($A23:$E23)>0, "", IFERROR(AVERAGEIFS(Log!$G:$G, Log!$A:$A, $A23, Log!$B:$B, $B23, Log!$C:$C, $C23),"")) -> 0.10735645 | R23: =IF(COUNTBLANK($A23:$E23)>0, "", IFERROR(_xlfn.MINIFS(Log!$G:$G, Log!$A:$A, $A23, Log!$B:$B, $B23, Log!$C:$C, $C23),"")) -> 0.0704499 | S23: =IF(COUNTBLANK($A23:$E23)>0, "", IFERROR(_xlfn.MAXIFS(Log!$G:$G, Log!$A:$A, $A23, Log!$B:$B, $B23, Log!$C:$C, $C23),"")) -> 0.13901 | T23: =IF($N23<>"", 'Daily Camera Trends'!$M$5, "") -> 0.41503633 | U23: =IF(Q23<>"", 'Daily Camera Trends'!$N$5, "") -> 0.099319293 | V23: Not attempting recalibration today but did remember to reset calibration today | CP23: =IF($N23<>"", 'Daily Camera Trends'!$M$5, "") -> 0.41503633 | CQ23: =IF($Q23<>"", 'Daily Camera Trends'!$N$5, "") -> 0.099319293
